SKU,,Discontinue
EFSCH-Alexandria-Merlot,,No
PTCH-JTSP130907,,No
Test SKu,,No
PTSCH-11100,,No
PTCH-JTSP003,,No
PDCH-KBS10,,No
PTCH-JTSP100,,No
PTCH-JTSP102,,No
PDCH-KBS17,,Yes
PDCH-KBS18,,No
PDCH-KBS2,,No
DS-EFCH14-1,,Yes
DS-TLT17,,No
DS-EMBS201324,,Yes
DS-EMBS201323,,No
DS-EMBS20137,,No
EFSCH-AL450C4,,No
EFSCH-AL450C4-SW,,No
EFSCH-AL450C2,,No
EFSCH-AL450C3,,No
PTSCH-11091,,No
PTSCH-11091-SW,,No
JQCH-201301,,No
JQCH-201301-SW,,No
JQCH-201301-FP,,No
JQCH-201263,,No
JQCH-201263-SW,,No
JQCH-201263-FP,,No
JQCH-201268,,No
JQCH-201268-SW,,No
JQCH-201268-FP,,Yes
JQCH-201266,,No
JQCH-201266-SW,,Yes
JQCH-201266-FP,,No
DS-EMBS20134,,No
DS-EMBS20134-SW,,Yes
BN-SBN11VET1206-SW,,No
BN-SCY22VET1206-SW,,Yes
BN-SMR04VET1206-SW,,No
BN-SMB19VET1206-SW,,No
BN-SPW28VET1206-SW,,Yes
BN-SG17VET1206-SW,,No
BN-STG16VET1206-SW,,No
DS-EMBS201316,,No
DS-EMBS201316-SW,,No
DS-TF514,,No
DS-TF514-SW,,No
DS-TF940,,No
DS-TF940-SW,,No
DS-SDG6,,No
DS-SDG6-SW,,Yes
PTSCH-13403,,No
PTSCH-13403-SW,,No
DS-TFSN30,,No
DS-TFSN30-SW,,No
PTSCH-13404,,No
PTSCH-13404-SW,,No
DIS-ID15,,No
DIS-ID15-SW,,No
DIS-ID224,,No
DIS-ID224-SW,,No
DS-MSTK1,,No
DS-MSTK1-SW,,Yes
SS-SBR13,,No
SS-SBR13-SW,,No
DS-EMBS20138,,No
DS-EMBS20138-SW,,Yes
DS-EMBS201320,,No
DS-EMBS201320-SW,,No
VCCH-VET1201,,No
SS-SBN11,,No
SS-SBN11-SW,,No
PTSCH-42012,,No
PTSCH-42012-SW,,No
SSRW-LF954,,No
SSRW-LF954-SW,,No
DS-DST2,,Yes
DS-DST2-SW,,No
DS-DST4,,No
DS-DST4-SW,,No
SSRW-LF935,,No
SSRW-LF935-SW,,No
BOCH-PL1604,,No
PTSCH-SLK218,,No
PTSCH-SLK218-SW,,No
DS-EMBS20131,,No
DS-EMBS20131-SW,,No
DIS-ID7806,,No
DIS-ID7806-SW,,No
DS-EMBS20133,,No
DS-EMBS20133-SW,,No
DS-EMBS20139-SW,,No
PTSCH-11087,,No
PTSCH-11087-SW,,No
DS-EMBS201313,,No
DS-EMBS201313-SW,,No
SS-SCY22,,No
DS-EMBS201310,,No
DS-EMBS201310-SW,,No
EFSCH-20134G1,,No
EFSCH-20134G1-SW,,No
DS-EMBS20137-SW,,No
SSTF-6,,No
SSTF-6-SW,,No
DIS-ID112,,Yes
DIS-ID112-SW,,No
SS-SCB01,,No
SS-SCB01-SW,,No
DIS-ID124,,No
DIS-ID124-SW,,No
SSRW-LF952,,No
SSRW-LF952-SW,,No
SSTF-8,,No
SSTF-8-SW,,No
SSRW-LF959,,No
SSRW-LF959-SW,,No
SSTF-2,,No
SSTF-2-SW,,No
PTSCH-11093,,No
PTSCH-11093-SW,,No
DS-TF708,,No
DS-TF708-SW,,No
DS-EMBS201321,,No
DS-EMBS201321-SW,,No
DS-TFSN25,,No
DS-TFSN25-SW,,No
SSTF-3,,No
SSTF-3-SW,,No
DS-TLT17-SW,,No
DS-EFCH10A-SW,,No
DS-DXB66,,No
DS-DXB66-SW,,No
DS-MSTK4,,No
DS-MSTK4-SW,,No
PTFFLK-C23A,,No
PTFFLK-C23A-SW,,No
PTFFLK-C23B,,No
PTFFLK-C23B-SW,,No
PTFFLK-C5,,No
PTFFLK-C5-SW,,No
PTFFLK-C7,,No
PTFFLK-C7-SW,,No
SS-SGD21,,No
SS-SGD21-SW,,No
DS-TF959,,No
DS-TF959-SW,,No
DS-EMBS20135,,No
DS-EMBS20135-SW,,No
DS-EMBS20136,,No
DS-EMBS20136-SW,,No
PTSCH-72012,,No
PTSCH-72012-SW,,No
DS-EFCH38,,No
DS-EFCH38-SW,,No
DIS-ID1,,No
DIS-ID1-SW,,No
PTFFLK-C20A,,No
PTFFLK-C20A-SW,,No
PTFFLK-C20B,,No
PTFFLK-C20B-SW,,No
JQCH-201302,,No
JQCH-201302-SW,,No
JQCH-201302-FP,,No
JQCH-20122010,,No
JQCH-20122010-SW,,No
JQCH-2012204,,No
JQCH-2012204-SW,,No
JQCH-2012204-FP,,No
JQCH-2012201,,No
JQCH-2012201-SW,,No
JQCH-2012201-FP,,No
PTSCH-SLK211,,No
PTSCH-SLK211-SW,,No
BOCH-PL1602-SW,,No
DIS-ID9,,No
DIS-ID9-SW,,No
PRTW-D28,,No
BOCH-KC6,,No
SHCH-LH20136,,No
SHCH-LH97,,No
BOCH-201303,,No
BOCH-201303-SW,,No
BOCH-201303-GR,,No
PTSCH-12012,,No
PRTW-D02,,No
PRTW-D23,,No
DS-TFSN33,,No
DS-TFSN33-SW,,No
DS-EMBS201317,,No
DS-EMBS201317-SW,,No
SS-SMR04,,No
SS-SMR04-SW,,No
SS-SMB19,,No
SS-SMB19-SW,,No
PTSCH-11100,,No
PTSCH-11100-SW,,No
PTSCH-52012,,No
PTSCH-52012-SW,,No
DS-EMBS201315,,No
DS-EMBS201315-SW,,No
DIS-ID50,,No
DIS-ID50-SW,,No
DIS-ID221,,No
DIS-ID221-SW,,No
DS-EFCH14-SW,,No
SSTF-4,,No
SSTF-4-SW,,No
DS-ASST100,,No
DS-ASST100-SW,,No
DS-EMBS201322,,No
DS-EMBS201322-SW,,No
PTSCH-11098,,No
PTSCH-11098-SW,,No
PTSCH-13402,,No
PTSCH-13402-SW,,No
DS-TF944,,No
DS-TF944-SW,,No
SHCH-ORG6-PR,,No
SHCH-ORG2-PR,,No
SHCH-VOL3-PR,,No
SHCH-VOL1-PR,,No
SHCH-ORG1-PR,,No
DS-DXB69,,No
DS-DXB69-SW,,No
PTFFLK-C30,,No
PTFFLK-C30-SW,,No
PTSCH-13400,,No
PTSCH-13400-SW,,No
PTFFLK-C22B,,No
PTFFLK-C22B-SW,,No
PTFFLK-C22A,,No
PTFFLK-C22A-SW,,No
DIS-ID7727,,No
DIS-ID7727-SW,,No
SS-SPW28,,No
SS-SPW28-SW,,No
PTFFLK-C21B,,No
PTFFLK-C21B-SW,,No
PTFFLK-C21A,,No
PTFFLK-C21A-SW,,No
DS-EMBS201318,,No
DS-EMBS201318-SW,,No
PTFFLK-C26,,No
PTFFLK-C26-SW,,No
PTSCH-11089,,No
PTSCH-11089-SW,,No
DS-MDSTK5,,No
DS-MDSTK5-SW,,No
DS-MSTK5,,No
DS-MSTK5-SW,,No
PTSCH-11083,,No
PTSCH-11083-SW,,No
PTFFLK-C2,,No
PTFFLK-C2-SW,,No
DIS-ID37,,No
DIS-ID37-SW,,No
PTSCH-11095,,No
PTSCH-11095-SW,,No
DS-EMBS201311,,No
DS-EMBS201311-SW,,No
PTSCH-13401,,No
PTSCH-13401-SW,,No
DS-EMBS201323-SW,,No
SS-SG05,,No
SS-SG05-SW,,No
PTSCH-32012-SW,,No
PTSCH-32012,,No
SSRW-LF951,,No
SSRW-LF951-SW,,No
DS-DXB20,,No
DS-DXB20-SW,,No
SSTF-7,,No
SSTF-7-SW,,No
SS-SSB02,,No
SS-SSB02-SW,,No
DS-SLK136,,No
DS-SLK136-SW,,No
DIS-ID68,,No
DIS-ID68-SW,,No
VPCH-192018-GRBO,,No
VPCH-192315-GRBO,,No
VPCH-190622-GRBO,,No
VPCH-190912-GRBO,,No
VPCH-194023-GRBO,,No
VPCH-184005-GRBO,,No
VPCH-110602-GRBO,,No
SHCH-VOL3-DLSW,,No
VPCH-145002-GRBO,,No
VPCH-194007-GRBO,,No
SHCH-VOL1-DLSW,,No
DIS-ID511,,No
DIS-ID511-SW,,No
SS-SG17,,No
DS-D42012,,No
DS-D42012-SW,,No
SSRW-LF956,,No
SSRW-LF956-SW,,No
BOCH-KC34C-SW,,No
DIS-ID20,,No
DIS-ID20-SW,,No
SSTF-5,,No
SSTF-5-SW,,No
DS-EMBS201314,,No
DS-EMBS201314-SW,,No
SS-STG16,,No
SS-STG16-SW,,No
PTFFLK-C25,,No
PTFFLK-C25-SW,,No
SSRW-LF953,,No
SSRW-LF953-SW,,No
DS-SSL28,,No
DS-SSL28-SW,,No
DS-EMBS201312,,No
DS-EMBS201312-SW,,No
DS-EMBS201319,,No
DS-EMBS201319-SW,,No
DS-EMBS20132,,No
DS-EMBS20132-SW,,No
DS-TF926,,No
DS-TF926-SW,,No
DS-DUPST1,,No
DS-DUPST1-SW,,No
PTSCH-11082,,No
PTSCH-11082-SW,,No
SSTF-1,,No
SSTF-1-SW,,No
DS-D12012,,No
DS-D12012-SW,,No
DS-D32012,,No
DS-D32012-SW,,No
DIS-ID7906,,No
DIS-ID7906-SW,,No
DS-MDSTK2,,No
DS-MDSTK2-SW,,No
BN-SBN11VET1206,,No
BN-SCY22VET1206,,No
BN-SMR04VET1206,,No
BN-SMB19VET1206,,No
BN-SPW28VET1206,,No
BN-SG17VET1206,,No
BN-STG16VET1206,,No
SS-CYO-RU,,No
SS-SBR13-RU,,No
SS-SBN1-RU,,No
SS-SCY22-RU,,No
SS-SCB01-RU,,No
PTCH-120-RU,,No
SS-SGD21-RU,,No
SS-SMR04-RU,,No
SS-SMB19-RU,,No
SS-SPW28-RU,,Yes
SS-SG05-RU,,No
SS-SSB02-RU,,No
SS-SG17-RU,,No
SS-STG16-RU,,No
SS-CYO-BN,,No
JQCH-20122010-FP,,No
DS-EMBS201324-SW,,Yes
BOCH-KC34C,,No
Test-PRTW-D32-63,,No
EFSCH-AL450C1,,No
JQCH-HANB8,,No
JQCH-HANB10,,No
JQCH-HANB5B,,No
JQCH-HANB5C,,No
JQCH-HANB5A,,No
JQCH-HANB1A,,No
JQCH-HANB1B,,No
JQCH-HANB12B,,No
JQCH-HANB12A,,No
JQCH-HANB3A,,No
JQCH-HANB3B,,No
JQCH-HANB11,,No
JQCH-HANB9,,No
EFSCH-20136B-SW,,No
EFSCH-20134D2,,No
EFSCH-20134D1,,No
EFSCH-20134C,,No
EFSCH-20134B,,No
EFSCH-20134B-SW,,No
JQCH-HANB2,,No
EFSCH-20134E2,,No
JQCH-HANB13C,,No
JQCH-HANB13B,,No
JQCH-HANB13A,,No
EFSCH-PLK850C1,,No
EFSCH-PLK850C2,,No
EFSCH-PLK850C4,,No
EFSCH-PLK850C3,,No
EFSCH-PLK850C5,,No
JQCH-HANB7,,No
DS-TS002,,No
DS-TS001,,No
DS-SLK02,,No
DS-PS002,,No
DS-PS003,,No
DS-PS001,,No
DS-CHX4-SW,,No
DS-EFCH10A,,No
DS-D22012,,No
DS-D22012-SW,,No
DS-CHX14,,No
DS-SLK33,,No
DS-SLK196,,No
DS-SLK83,,No
DS-SLK50,,No
DS-CHX4,,No
DS-TS002-SW,,No
DS-TS001-SW,,No
DS-SLK02-SW,,No
DS-PS002-SW,,No
DS-PS003-SW,,No
DS-CHX14-SW,,No
DS-SLK33-SW,,No
DS-SLK196-SW,,No
DS-SLK83-SW,,No
DS-SLK50-SW,,No
DS-PS001-SW,,No
SS-SCY22-SW,,No
SS-SG17-SW,,No
SS-ROM,,No
DIS-ROM,,No
DS-ROM,,No
JQCH-ROM,,No
PDCH-ROM,,No
SSRW-ROM,,No
PTSCH-ROM,,No
VPCH-ROM,,No
CC-ROM,,No
PTCH-ROM,,No
LN-ROM,,No
PRTW-ROM,,No
JQCH-HANB4,,No
JQCH-HANB6,,No
JQCH-HANB13D,,No
EFSCH-20134A,,No
EFSCH-20134F1,,No
EFSCH-20134E1,,No
EFSCH-20136A,,No
PTSCH-11096,,No
JQCH-HANB2-SW,,No
JQCH-HANB4-SW,,No
JQCH-HANB5C-SW,,No
JQCH-HANB8-SW,,No
JQCH-HANB11-SW,,No
JQCH-HANB13A-SW,,No
JQCH-HANB13D-SW,,No
EFSCH-PLK850C3-SW,,No
PTSCH-11096-SW,,No
EFSCH-AL450C1-SW,,No
EFSCH-20134D1-SW,,No
EFSCH-20134D2-SW,,No
EFSCH-20134E1-SW,,No
EFSCH-20134E2-SW,,No
EFSCH-20134C-SW,,No
EFSCH-20134A-SW,,No
EFSCH-20134F1-SW,,No
EFSCH-20136A-SW,,No
JQCH-HANB9-SW,,No
JQCH-HANB10-SW,,No
JQCH-HANB12A-SW,,No
JQCH-HANB12B-SW,,No
JQCH-HANB13B-SW,,No
JQCH-HANB13C-SW,,No
EFSCH-PLK850C1-SW,,No
EFSCH-PLK850C2-SW,,No
EFSCH-PLK850C4-SW,,No
EFSCH-PLK850C5-SW,,No
JQCH-HANB1A-SW,,No
JQCH-HANB1B-SW,,No
JQCH-HANB3A-SW,,No
JQCH-HANB3B-SW,,No
JQCH-HANB5A-SW,,No
JQCH-HANB5B-SW,,No
JQCH-HANB6-SW,,No
JQCH-HANB7-SW,,No
PTSCH-12012-SW,,No
PDCH-KBS6,,No
PDCH-KBS18-SW,,No
PTCH-JTSP205-SW,,No
PTCH-JTSP209-SW,,No
PDCH-HANB57-SW,,No
PDCH-KBS5,,No
PTCH-JTSP102-SW,,No
PTCH-JTSP54-SW,,No
PTCH-JTSP87-SW,,No
PTCH-JTSP29-SW,,No
PDCH-HANB80-SW,,No
PDCH-HANB23-SW,,No
PDCH-HANB60-SW,,No
PDCH-KBS7,,No
PDCH-HANB10-SW,,No
PDCH-KBS18,,No
PDCH-KBS15,,No
PDCH-KBS16,,No
PDCH-KBS3,,No
PDCH-KBS8,,No
PDCH-KBS1,,No
PDCH-KBS2,,No
PDCH-KBS14,,No
PDCH-KBS9,,No
PDCH-KBS11,,No
PDCH-KBS3-SW,,No
PDCH-KBS6-SW,,No
PDCH-KBS8-SW,,No
PDCH-KBS1-SW,,No
PDCH-KBS2-SW,,No
PDCH-KBS14-SW,,No
PDCH-KBS5-SW,,No
PDCH-KBS9-SW,,No
PDCH-KBS7-SW,,No
PDCH-KBS11-SW,,No
PDCH-KBS15-SW,,No
PTCH-JTSP001,,No
PTCH-JTSP208,,No
PTCH-JTSP003,,No
PTCH-JTSP203,,No
PTCH-JTSP205,,No
PTCH-JTSP202,,No
PTCH-JTSP204,,No
PTCH-JTSP207,,No
PTCH-JTSP104,,No
PTCH-JTSP209,,No
PTCH-JTSP102,,No
PTCH-JTSP190912,,No
PTCH-JTSP005,,No
PTCH-JTSP27,,No
PTCH-JTSP206,,No
PTCH-JTSP194010,,No
PTCH-JTSP120,,No
PTCH-JTSP202-SW,,No
PTCH-JTSP203-SW,,No
PTCH-JTSP204-SW,,No
PTCH-JTSP100,,No
PTCH-JTSP206-SW,,No
PTCH-JTSP207-SW,,No
PTCH-JTSP208-SW,,No
PTCH-JTSP54,,No
PTCH-JTSP104-SW,,No
PTCH-JTSP001-SW,,No
PTCH-JTSP130907-SW,,No
PTCH-JTSP87,,No
PTCH-JTSP112,,No
PTCH-JTSP120-SW,,No
PTCH-JTSP100-SW,,No
PTCH-JTSP005-SW,,No
PTCH-JTSP5,,No
PTCH-JTSP41-SW,,No
PTCH-JTSP003-SW,,No
PTCH-JTSP27-SW,,No
PTCH-JTSP1066,,No
PTCH-JTSP112-SW,,No
PTCH-JTSP5-SW,,No
PTCH-JTSP1066-SW,,No
PTCH-JTSP29,,No
PTCH-JTSP130907,,No
PTCH-JTSP190912-SW,,No
PTCH-JTSP194010-SW,,No
PTCH-JTSP41,,No
PTCH-001-RU,,No
PTCH-003-RU,,No
PTCH-207-RU,,No
PTCH-104-RU,,No
PTCH-204-RU,,No
PTCH-202-RU,,No
PTCH-205-RU,,No
PTCH-203-RU,,No
PTCH-208-RU,,No
PTCH-209-RU,,No
PTCH-206-RU,,No
PTCH-130907-RU,,No
PTCH-102-RU,,No
PTCH-120-RU,,No
PTCH-100-RU,,No
PTCH-005-RU,,No
PTCH-54-RU,,No
PDCH-HANB44-SW,,No
PDCH-HANB52-SW,,No
PDCH-HANB56-SW,,No
PDCH-HANB35-SW,,No
PDCH-HANB46-SW,,No
PDCH-HANB85-SW,,No
PDCH-HANB83-SW,,No
PDCH-HANB08-SW,,No
PTCH-190912-RU,,No
PTCH-41-RU,,No
PTCH-27-RU,,No
PTCH-194010-RU,,No
PTCH-87-RU,,No
PTCH-112-RU,,No
PTCH-5-RU,,No
PTCH-1066-RU,,No
PTCH-29-RU,,No
PTCH-005-RUVAL,,No
PTCH-1066-RUVAL,,No
PTCH-112-RUVAL,,No
PTCH-5-RUVAL,,No
PDCH-HANB81-SW,,No
PDCH-HANB35,,No
PDCH-HANB46,,No
PDCH-HANB44,,No
PDCH-HANB23,,No
PDCH-HANB56,,No
PDCH-HANB52,,No
PDCH-HANB85,,No
PDCH-HANB83,,No
PDCH-HANB08,,No
PDCH-HANB57,,No
PDCH-HANB80,,No
PDCH-HANB60,,No
PDCH-HANB10,,No
PDCH-HANB81,,No
VCCH-VET1208,,No
VCCH-VET1202,,No
VCCH-VET1203,,No
VCCH-VET12010,,No
VCCH-VET1205,,No
VCCH-VET1209,,No
VCCH-VET1206,,No
VCCH-VET1204,,No
VCCH-VET1207,,No
VCCH-VET1201-SW,,No
VCCH-VET1208-SW,,No
VCCH-VET1202-SW,,No
VCCH-VET1203-SW,,No
VCCH-VET12010-SW,,No
VCCH-VET1205-SW,,No
VCCH-VET1209-SW,,No
VCCH-VET1206-SW,,No
VCCH-VET1204-SW,,No
VCCH-VET1207-SW,,No
BOCH-PL1606,,No
BOCH-PL1607,,No
BOCH-PL1610,,No
BOCH-PL1606-SW,,No
BOCH-KC7-8433-83,,No
BOCH-PL1601-SW,,No
BOCH-201301-GR,,No
BOCH-190303,,No
BOCH-201304-GR,,No
BOCH-120601,,No
BOCH-191016-GR,,No
BOCH-174402,,No
BOCH-201305-GR,,No
BOCH-201301-SW,,No
BOCH-193810-SW,,No
BOCH-174402-SW,,No
BOCH-KC5,,No
VPCH-184005-SW,,No
VPCH-110602-SW,,No
VPCH-192018-SW,,No
VPCH-194007,,No
VPCH-141113,,No
VPCH-VET1212,,No
VPCH-VET1216,,No
VPCH-VET1217,,No
VPCH-VET1214,,No
VPCH-194023-SW,,No
VPCH-145002-SW,,No
VPCH-194007-SW,,No
VPCH-193810,,No
VPCH-VET1219,,No
VPCH-VET1213,,No
VPCH-VET1212-SW,,No
VPCH-VET1216-SW,,No
VPCH-VET1218-SW,,No
VPCH-190622-SW,,No
VPCH-120601-SW,,No
VPCH-190912-SW,,No
VPCH-VET1214-SW,,No
VPCH-VET1215-SW,,No
VPCH-VET1219-SW,,No
VPCH-190622,,No
VPCH-145002,,No
BOCH-KC28,,No
BOCH-KC29,,No
BOCH-KC22,,No
BOCH-KC21,,No
BOCH-KC91B,,No
BOCH-KC32,,No
BOCH-KC20,,No
BOCH-KC23,,No
BOCH-KC27,,No
BOCH-KC35,,No
BOCH-KC28-SW,,No
BOCH-KC35-SW,,No
BOCH-KC36-SW,,No
BOCH-KC91B-SW,,No
BOCH-KC32-SW,,No
BOCH-KC1-SW,,No
VPCH-VET1211,,No
VPCH-VET1218,,No
VPCH-VET1215,,No
VPCH-VET1211-SW,,No
VPCH-VET1217-SW,,No
VPCH-VET1213-SW,,No
VPCH-194023,,No
VPCH-192018,,No
VPCH-190912,,No
VPCH-110602,,No
VPCH-192315-SW,,No
VPCH-192315,,No
BOCH-KC25,,No
BOCH-KC26,,No
BOCH-KC30,,Yes
BOCH-KC31,,No
VPCH-120601,,No
BOCH-KC29-SW,,No
BOCH-KC24-SW,,No
BOCH-KC5-SW,,No
VPCH-141113-SW,,No
VPCH-193810-SW,,No
BOCH-KC26-SW,,No
BOCH-KC30-SW,,No
BOCH-KC31-SW,,No
BOCH-KC27-SW,,No
BOCH-KC22-SW,,No
BOCH-KC6-SW,,No
BOCH-193810,,No
BOCH-193810-GR,,No
BOCH-120601-GR,,No
BOCH-191016,,No
BOCH-KC8-SW,,No
BOCH-KC20-SW,,No
BOCH-201302,,No
BOCH-201302-GR,,No
BOCH-174402-GR,,No
BOCH-201305,,No
VPCH-184005,,No
BOCH-131009-SW,,No
BOCH-190303-SW,,No
BOCH-201304-SW,,No
BOCH-KC25-SW,,No
BOCH-KC21-SW,,No
BOCH-120601-SW,,No
BOCH-191016-SW,,No
BOCH-201302-SW,,No
BOCH-201305-SW,,No
BOCH-KC33,,No
BOCH-KC1,,No
BOCH-PL1605,,No
BOCH-PL1602,,No
BOCH-KC23-SW,,No
BOCH-KC33-SW,,No
BOCH-PL1609,,No
BOCH-PL1601,,No
BOCH-PL1604-SW,,No
BOCH-PL4201-SW,,No
BOCH-PL1608-SW,,No
BOCH-KC6,,No
BOCH-KC8,,No
BOCH-PL4201,,No
BOCH-PL1608,,No
BOCH-PL1605-SW,,No
BOCH-PL1607-SW,,No
BOCH-PL1609-SW,,No
BOCH-PL1610-SW,,No
BOCH-201301,,No
BOCH-KC36,,No
BOCH-KC24,,No
BOCH-131009,,No
BOCH-131009-GR,,No
BOCH-190303-GR,,No
BOCH-201304,,No
FHLCH-416020,,No
FHLCH-416018,,No
FHLCH-314043,,No
FHLCH-416017,,No
FHLCH-314047-SW,,No
FHLCH-314055-SW,,No
FHLCH-416018-SW,,No
FHLCH-314048-SW,,No
FHLCH-YL7178117,,No
FHLCH-YL7178103,,No
FHLCH-YL3010B,,No
FHLCH-YL7178109-SW,,No
FHLCH-YL7176217-SW,,No
FHLCH-YL7178103-SW,,No
FHLCH-YL3008-SW,,No
LN-5179,,No
LN-5100,,No
LN-5175,,No
LN-5177-SW,,No
LN-5000-SW,,No
CZCH-CTZ12,,No
CZCH-CTZ9,,No
CRC-MYTH72,,No
CRC-MYTH809,,No
CRC-MYTH79-SW,,No
CRC-MYTH809-SW,,No
PRTW-D27,,No
PRTW-D33,,No
PRTW-D29B,,No
PRTW-D26,,No
PRTW-D31,,No
PRTW-D21,,No
PRTW-D24B,,No
PRTW-D32,,No
PRTW-D02,,No
PRTW-D06A,,No
PRTW-D11,,No
PRTW-D17,,No
PRTW-D23,,No
PRTW-D28,,No
PRTW-D25,,No
PRTW-D17-SW,,No
PRTW-D31-SW,,No
PRTW-D26-SW,,No
PRTW-D24A-SW,,No
PRTW-D13-SW,,No
PRTW-D23-SW,,No
PRTW-D06A-SW,,No
PRTW-D27-SW,,No
PRTW-D22-SW,,No
CC-MA3,,No
CC-CD22,,No
CC-CD29,,No
CC-MA6,,No
CC-CD17-SW,,No
CC-MABB26-SW,,No
CC-CD35-SW,,No
CC-CD29-SW,,No
CC-CD38-SW,,No
CC-TEALBB29-SW,,No
CC-MA6-SW,,No
CC-MA5-SW,,No
CC-CD17,,No
CC-CD38,,No
CC-TEALBB29,,No
CC-MABB26,,No
CC-CD35,,No
CC-MA5,,No
PRTW-D05-SW,,No
PRTW-D09-SW,,No
PRTW-D15-SW,,No
PRTW-D16-SW,,No
PRTW-D32-SW,,No
PRTW-D33-SW,,No
PRTW-D25-SW,,No
PRTW-D24B-SW,,No
PRTW-D12-SW,,No
PRTW-D11-SW,,No
PRTW-D12,,No
PRTW-D28-SW,,No
PRTW-D02-SW,,No
PRTW-D01,,No
CC-MA3-SW,,No
CC-CD22-SW,,No
PRTW-D04,,No
PRTW-D20-SW,,No
PRTW-D06B-SW,,No
PRTW-D06B,,No
PRTW-D01-SW,,No
PRTW-D21-SW,,No
PRTW-D16,,No
CRC-MYTH04,,No
CRC-MYTH14,,No
CRC-MYTH72-SW,,No
CRC-MYTH73-SW,,No
CRC-MYTH04-SW,,No
CRC-MYTH14-SW,,No
PRTW-D30,,No
PRTW-D20,,No
PRTW-D15,,No
PRTW-D30-SW,,No
PRTW-D04-SW,,No
PRTW-D09,,No
PRTW-D24A,,No
PRTW-D13,,No
CZCH-CTZ1,,No
CZCH-CTZ6,,No
PRTW-D29B-SW,,No
PRTW-D29A-SW,,No
CZCH-CTZ2,,No
PRTW-D05,,No
PRTW-D29A,,No
FHLCH-YL5003,,No
FHLCH-YL3022,,No
FHLCH-YL7176209-SW,,No
FHLCH-YL7178117-SW,,No
FHLCH-YL3012-SW,,No
FHLCH-YL5003-SW,,No
FHLCH-YL7176203-SW,,No
FHLCH-YL3022-SW,,No
FHLCH-YL3010B-SW,,No
LN-5176,,No
PRTW-D22,,No
LN-5177,,No
LN-5520,,No
LN-5000,,No
LN-5178,,No
FHLCH-314053,,No
FHLCH-314055,,No
LN-5176-SW,,No
LN-5179-SW,,No
FHLCH-314052,,No
FHLCH-314047,,No
FHLCH-314044,,No
FHLCH-416016,,No
LN-5520-SW,,No
LN-5100-SW,,No
FHLCH-314043-SW,,No
FHLCH-314044-SW,,No
FHLCH-314052-SW,,No
FHLCH-314053-SW,,No
CRC-MYTH79,,No
CRC-MYTH73,,No
FHLCH-416016-SW,,No
FHLCH-416017-SW,,No
FHLCH-416019-SW,,No
FHLCH-416020-SW,,No
LN-5178-SW,,No
LN-5175-SW,,No
FHLCH-YL7178109,,No
FHLCH-YL7176209,,No
FHLCH-YL7176217,,No
FHLCH-YL3012,,No
FHLCH-314048,,No
FHLCH-416019,,No
CZCH-CTZ5,,No
FHLCH-YL7176203,,No
FHLCH-YL3008,,No
JQCH-HANB14C,,No
JQCH-HANB14B,,No
JQCH-HANB14A,,No
JQCH-HANB15,,No
SHCH-OUR1921ASH,,No
SHCH-OUR1925BLU,,No
SHCH-OUR1922COC,,No
SHCH-OUR1923NAT,,No
JQCH-HANB14C-SW,,No
JQCH-HANB14B-SW,,No
JQCH-HANB14A-SW,,No
JQCH-HANB15-SW,,No
SHCH-OUR1921ASH-SW,,No
SHCH-OUR1925BLU-SW,,No
SHCH-OUR1922COC-SW,,No
SHCH-OUR1923NAT-SW,,No
SHCH-LH1222,,No
SHCH-LH1211,,No
SHCH-LH20132,,No
SHCH-LH96,,No
SHCH-LH20136,,No
SHCH-LHOCS333,,No
SHCH-EMB20138,,No
SHCH-EMBOCS3595,,No
SHCH-EMB20137,,No
SHCH-EMB20132A,,No
SHCH-EMB20132B,,No
SHCH-LH20134,,No
SHCH-LH20135,,No
SHCH-LH97,,No
SHCH-EMB20131A,,No
SHCH-EMB20131B,,No
SHCH-LH20133,,No
SHCH-LH159,,No
SHCH-LH130,,No
SHCH-LH94A,,No
SHCH-EMB20133A,,No
SHCH-EMB20133B,,No
SHCH-EMBOCS4084,,No
SHCH-EMBOCS3293,,No
SHCH-EMBOCS3231,,No
SHCH-EMB20135,,No
SHCH-EMB20136,,No
SHCH-EMB20131A-SW,,No
SHCH-EMB20131B-SW,,No
SHCH-EMB20132A-SW,,No
SHCH-EMB20132B-SW,,No
SHCH-EMB20133A-SW,,No
SHCH-EMB20133B-SW,,No
SHCH-EMBOCS3293-SW,,No
SHCH-EMBOCS3231-SW,,No
SHCH-EMBOCS4084-SW,,No
SHCH-EMBOCS3595-SW,,No
SHCH-EMB20135-SW,,No
SHCH-EMB20136-SW,,No
SHCH-EMB20137-SW,,No
SHCH-EMB20138-SW,,No
SHCH-LH20133-SW,,No
SHCH-LH159-SW,,No
SHCH-LH1211-SW,,No
SHCH-LH97-SW,,No
SHCH-LH20132-SW,,No
SHCH-LH20135-SW,,No
SHCH-LHOCS333-SW,,No
SHCH-LH20134-SW,,No
SHCH-LH96-SW,,No
SHCH-LH20136-SW,,No
SHCH-LH1222-SW,,No
SHCH-LH130-SW,,No
SHCH-LH94A-SW,,No
SHCH-VOL3-SLDW,,No
SHCH-VOL1-SLDW,,No
SHCH-ORG2-PR-1,,No
SHFLNCH-M013,,No
SHFLNCH-M012-SW,,No
SHFLNCH-M011-SW,,No
SHLNCH-J0106,,No
SH-ORG2,,No
SH-ORG2-SW,,No
SHFLNCH-M015-SW,,No
SHFLNCH-M013-SW,,No
SHLNCH-J0105,,No
SHLNCH-J0105-SW,,No
SHLNCH-J0106-SW,,No
SH-ORG12,,No
SH-ORG48,,No
SH-ORG12-SW,,No
SH-ORG48-SW,,No
SHFLNCH-M011,,No
SHCH-VOL3-SW,,No
SHCH-VOL1-SW,,No
SHCH-ORG6-SW,,No
SHCH-ORG2-SW,,No
SHCH-ORG1-SW,,No
SHFLNCH-M012,,No
SHFLNCH-M015,,No
HDW-3032,,No
HDW-3044,,No
HDW-3046,,No
HDW-3049,,No
HDW-3058,,No
HDW-3588,,No
HDW-3639-22,,No
HDW-3746,,No
HDW-3747,,No
HDW-3863,,No
HDW-3909,,No
HDW-AB-2018-22-WP-8,,No
HDW-AB-2031-22-WP-8,,No
HDW-AB-3537-22-WP-8,,No
HDW-AB-3639-22-WP-8,,No
HDW-AB-3714-22-WP-8,,No
HDW-AB-3863-22-WP-8,,No
HDW-CROWN-FINIAL,,No
HDW-HG-2018-12-WP-8,,No
HDW-HG-2031-12-WP,,No
HDW-HG-3714-12-WP-8,,No
HDW-HG-3863-12-WP-8,,No
HDW-ISTANBUL-FINIAL,,No
HDW-NATALIE-FINIAL,,No
HDW-WOOD-BRACKETS,,No
HDW-WOOD-ENDCAPS,,No
HDW-WOOD-RINGS,,No
HDW-WOOD-RODS,,No
EFSCH-20136B,,No
DS-EMBS204411,,No
SHCH-VOL1-DLDW,,No
SHCH-VOL3-DLDW,,No
HDW-HG-2042-80-PREPACK,,No
HDW-HG-2035-80-PREPACK,,No
HDW-HG-2042-79-PREPACK,,No
HDW-HG-2035-79-PREPACK,,No
HDW-HG-2042-81-PREPACK1,,Yes
HDW-2042-80-WP,,No
tes11123,,No
fhlch-aj411-gr-50x108,,No
tes11123,,No
fhlch-aj411-gr-50x108,,No
ds-efch14,,No
tes11124,,No
123,,No
test4530,,Yes
2321,,No
Hemming,,No
Special-Order-Custom,,No
testaaa,,No
test-tu,,No
