SKU,UPC,Discontinue
EFSCH-Alexandria-Merlot,,No
PTCH-JTSP130907,,No
Test SKu,,No
PTSCH-11100,797734451863,No
PTCH-JTSP003,,No
PDCH-KBS10,,No
PTCH-JTSP100,,Yes
PTCH-JTSP102,,No
PDCH-KBS17,,Yes
PDCH-KBS18,,No
PDCH-KBS2,,No
DS-EFCH14-1,13,Yes
DS-TLT17,,No
DS-EMBS201324,,Yes
DS-EMBS201323,,No
DS-EMBS20137,,No
EFSCH-AL450C4,799418014401,No
EFSCH-AL450C4-SW,799418014449,No
EFSCH-AL450C2,799418014470,No
EFSCH-AL450C3,799418014548,No
PTSCH-11091,610395223467,No
PTSCH-11091-SW,799665815738,No
JQCH-201301,799665822835,No
JQCH-201301-SW,799665822897,No
JQCH-201301-FP,799665816377,No
JQCH-201263,610395226932,No
JQCH-201263-SW,799665816018,No
JQCH-201263-FP,610395232773,No
JQCH-201268,610395227014,No
JQCH-201268-SW,799665816056,No
JQCH-201268-FP,610395232858,Yes
JQCH-201266,610395226970,No
JQCH-201266-SW,799665816032,Yes
JQCH-201266-FP,610395232810,No
DS-EMBS20134,799665821074,No
DS-EMBS20134-SW,799665821135,Yes
BN-SBN11VET1206-SW,799665811570,No
BN-SCY22VET1206-SW,799665811617,Yes
BN-SMR04VET1206-SW,799665811631,No
BN-SMB19VET1206-SW,799665811655,No
BN-SPW28VET1206-SW,799665811532,Yes
BN-SG17VET1206-SW,799665811556,No
BN-STG16VET1206-SW,799665811594,No
DS-EMBS201316,799665822033,No
DS-EMBS201316-SW,799665822095,No
DS-TF514,799665818333,No
DS-TF514-SW,799665816803,No
DS-TF940,799665818272,No
DS-TF940-SW,799665816865,No
DS-SDG6,799665818456,No
DS-SDG6-SW,799665816742,Yes
PTSCH-13403,799665833688,No
PTSCH-13403-SW,799665833749,No
DS-TFSN30,799665818098,No
DS-TFSN30-SW,799665816940,No
PTSCH-13404,799665833763,No
PTSCH-13404-SW,799665833824,No
DIS-ID15,797734449730,No
DIS-ID15-SW,797734449129,No
DIS-ID224,797734449778,No
DIS-ID224-SW,799665810931,No
DS-MSTK1,799418019215,No
DS-MSTK1-SW,799418019253,Yes
SS-SBR13,799665819668,No
SS-SBR13-SW,799665811150,No
DS-EMBS20138,799665821395,No
DS-EMBS20138-SW,799665821456,Yes
DS-EMBS201320,799665822354,No
DS-EMBS201320-SW,799665822415,No
VCCH-VET1201,610395227298,No
SS-SBN11,799665820084,No
SS-SBN11-SW,799665811297,No
PTSCH-42012,610395222439,No
PTSCH-42012-SW,799665815615,No
SSRW-LF954,799665811921,No
SSRW-LF954-SW,799665811952,No
DS-DST2,799665817497,Yes
DS-DST2-SW,799665816544,No
DS-DST4,799665817435,No
DS-DST4-SW,799665816568,No
SSRW-LF935,799665811686,No
SSRW-LF935-SW,799665811716,No
BOCH-PL1604,799665829292,No
PTSCH-SLK218,610395223306,No
PTSCH-SLK218-SW,799665824952,No
DS-EMBS20131,799665820831,No
DS-EMBS20131-SW,799665820893,No
DIS-ID7806,797734449976,No
DIS-ID7806-SW,799665811075,No
DS-EMBS20133,799665820992,No
DS-EMBS20133-SW,799665821050,No
DS-EMBS20139-SW,799665821531,No
PTSCH-11087,610395223429,No
PTSCH-11087-SW,799665815691,No
DS-EMBS201313,799665821791,No
DS-EMBS201313-SW,799665821852,No
SS-SCY22,799665819620,No
DS-EMBS201310,799665821555,No
DS-EMBS201310-SW,799665821616,No
EFSCH-20134G1,799418014685,No
EFSCH-20134G1-SW,799418014722,No
DS-EMBS20137-SW,799665821371,No
SSTF-6,610395233619,No
SSTF-6-SW,797734448986,No
DIS-ID112,,Yes
DIS-ID112-SW,797734449068,No
SS-SCB01,799665820145,No
SS-SCB01-SW,799665811310,No
DIS-ID124,797734449815,No
DIS-ID124-SW,797734449082,No
SSRW-LF952,799665811808,No
SSRW-LF952-SW,799665811839,No
SSTF-8,610395233695,No
SSTF-8-SW,797734449020,No
SSRW-LF959,799665812041,No
SSRW-LF959-SW,799665812072,No
SSTF-2,610395233817,No
SSTF-2-SW,797734448924,No
PTSCH-11093,797734451788,No
PTSCH-11093-SW,799665815752,No
DS-TF708,799665817190,No
DS-TF708-SW,799665816827,No
DS-EMBS201321,799665822439,No
DS-EMBS201321-SW,799665822491,No
DS-TFSN25,799665817732,No
DS-TFSN25-SW,799665816926,No
SSTF-3,799665819385,No
SSTF-3-SW,799665819446,No
DS-TLT17-SW,799665816988,No
DS-EFCH10A-SW,799665817008,No
DS-DXB66,799665817794,No
DS-DXB66-SW,799665816629,No
DS-MSTK4,799665817077,No
DS-MSTK4-SW,799665816704,No
PTFFLK-C23A,799418011998,No
PTFFLK-C23A-SW,799418012032,No
PTFFLK-C23B,799418012063,No
PTFFLK-C23B-SW,799418012100,No
PTFFLK-C5,610395230656,No
PTFFLK-C5-SW,799665815455,No
PTFFLK-C7,610395230731,No
PTFFLK-C7-SW,799665815493,No
SS-SGD21,,No
SS-SGD21-SW,799665811235,No
DS-TF959,799665817671,No
DS-TF959-SW,799665816902,No
DS-EMBS20135,799665821159,No
DS-EMBS20135-SW,799665821210,No
DS-EMBS20136,799665821234,No
DS-EMBS20136-SW,799665821296,No
PTSCH-72012,797734452068,No
PTSCH-72012-SW,799665824815,No
DS-EFCH38,799665818630,No
DS-EFCH38-SW,799665817046,No
DIS-ID1,797734450453,No
DIS-ID1-SW,797734449044,No
PTFFLK-C20A,799418011578,No
PTFFLK-C20A-SW,799418011615,No
PTFFLK-C20B,799418011646,No
PTFFLK-C20B-SW,799418011684,No
JQCH-201302,799665822750,No
JQCH-201302-SW,799665822811,No
JQCH-201302-FP,799665816414,No
JQCH-20122010,610395227250,No
JQCH-20122010-SW,799665815875,No
JQCH-2012204,610395227175,No
JQCH-2012204-SW,799665815912,No
JQCH-2012204-FP,610395232537,No
JQCH-2012201,610395227137,No
JQCH-2012201-SW,799665815899,No
JQCH-2012201-FP,610395232490,No
PTSCH-SLK211,610395223887,No
PTSCH-SLK211-SW,799665825034,No
BOCH-PL1602-SW,799665829278,No
DIS-ID9,797734450378,No
DIS-ID9-SW,799665811112,No
PRTW-D28,799665823153,No
BOCH-KC6,610395225652,No
SHCH-LH20136,799665835361,No
SHCH-LH97,799665835187,No
BOCH-201303,799665815004,No
BOCH-201303-SW,799665831462,No
BOCH-201303-GR,799665815042,No
PTSCH-12012,610395222316,No
PRTW-D02,610395233978,No
PRTW-D23,799665826819,No
DS-TFSN33,799665817978,No
DS-TFSN33-SW,799665816964,No
DS-EMBS201317,799665822118,No
DS-EMBS201317-SW,799665822170,No
SS-SMR04,799665819729,No
SS-SMR04-SW,799665811174,No
SS-SMB19,799665820206,No
SS-SMB19-SW,799665811334,No
PTSCH-11100,797734451863,No
PTSCH-11100-SW,799665815837,No
PTSCH-52012,610395222477,No
PTSCH-52012-SW,799665815639,No
DS-EMBS201315,799665821951,No
DS-EMBS201315-SW,799665822019,No
DIS-ID50,797734450330,No
DIS-ID50-SW,799665810993,No
DIS-ID221,797734449891,No
DIS-ID221-SW,799665810917,No
DS-EFCH14-SW,799665817022,No
SSTF-4,610395233732,No
SSTF-4-SW,797734448948,No
DS-ASST100,799665817619,No
DS-ASST100-SW,799665816469,No
DS-EMBS201322,799665822514,No
DS-EMBS201322-SW,799665822576,No
PTSCH-11098,797734451740,No
PTSCH-11098-SW,799665815813,No
PTSCH-13402,799665833602,No
PTSCH-13402-SW,799665833664,No
DS-TF944,799665818517,No
DS-TF944-SW,799665816889,No
SHCH-ORG6-PR,610395231912,No
SHCH-ORG2-PR,610395231875,No
SHCH-VOL3-PR,610395231998,No
SHCH-VOL1-PR,610395231950,No
SHCH-ORG1-PR,610395231837,No
DS-DXB69,799665818210,No
DS-DXB69-SW,799665816643,No
PTFFLK-C30,799418012278,No
PTFFLK-C30-SW,799418012315,No
PTSCH-13400,799665833442,No
PTSCH-13400-SW,799665833503,No
PTFFLK-C22B,799418011929,No
PTFFLK-C22B-SW,799418011967,No
PTFFLK-C22A,799418011851,No
PTFFLK-C22A-SW,799418011899,No
DIS-ID7727,797734449938,No
DIS-ID7727-SW,799665811051,No
SS-SPW28,799665820268,No
SS-SPW28-SW,799665811358,No
PTFFLK-C21B,799418011783,No
PTFFLK-C21B-SW,799418011820,No
PTFFLK-C21A,799418011714,No
PTFFLK-C21A-SW,799418011752,No
DS-EMBS201318,799665822194,No
DS-EMBS201318-SW,799665822255,No
PTFFLK-C26,799418012209,No
PTFFLK-C26-SW,799418012247,No
PTSCH-11089,797734451825,No
PTSCH-11089-SW,799665815714,No
DS-MDSTK5,799665817251,No
DS-MDSTK5-SW,799665816681,No
DS-MSTK5,799665818395,No
DS-MSTK5-SW,799665816728,No
PTSCH-11083,610395223382,No
PTSCH-11083-SW,799665815677,No
PTFFLK-C2,797734455243,No
PTFFLK-C2-SW,799665815394,No
DIS-ID37,797734450057,No
DIS-ID37-SW,799665810979,No
PTSCH-11095,610395223504,No
PTSCH-11095-SW,799665815776,No
DS-EMBS201311,799665821630,No
DS-EMBS201311-SW,799665821692,No
PTSCH-13401,799665833527,No
PTSCH-13401-SW,799665833589,No
DS-EMBS201323-SW,799665822651,No
SS-SG05,799665819965,No
SS-SG05-SW,799665811259,No
PTSCH-32012-SW,799665815592,No
PTSCH-32012,610395222392,No
SSRW-LF951,799665811747,No
SSRW-LF951-SW,799665811778,No
DS-DXB20,799665818159,No
DS-DXB20-SW,799665816605,No
SSTF-7,610395233657,No
SSTF-7-SW,797734449006,No
SS-SSB02,799665819842,No
SS-SSB02-SW,799665811211,No
DS-SLK136,799665817916,No
DS-SLK136-SW,799665816766,No
DIS-ID68,797734450491,No
DIS-ID68-SW,799665811037,No
VPCH-192018-GRBO,610395222156,No
VPCH-192315-GRBO,610395222194,No
VPCH-190622-GRBO,610395222088,No
VPCH-190912-GRBO,610395222118,No
VPCH-194023-GRBO,610395222279,No
VPCH-184005-GRBO,610395222033,No
VPCH-110602-GRBO,610395221913,No
SHCH-VOL3-DLSW,799665834463,No
VPCH-145002-GRBO,610395221999,No
VPCH-194007-GRBO,610395222231,No
SHCH-VOL1-DLSW,799665834425,No
DIS-ID511,610395233558,No
DIS-ID511-SW,799665811013,No
SS-SG17,799665819804,No
DS-D42012,799665817374,No
DS-D42012-SW,799665816520,No
SSRW-LF956,799665811983,No
SSRW-LF956-SW,799665812010,No
BOCH-KC34C-SW,799665826239,No
DIS-ID20,610395223269,No
DIS-ID20-SW,799665810894,No
SSTF-5,610395233572,No
SSTF-5-SW,797734448962,No
DS-EMBS201314,799665821876,No
DS-EMBS201314-SW,799665821937,No
SS-STG16,799665820022,No
SS-STG16-SW,799665811273,No
PTFFLK-C25,799418012131,No
PTFFLK-C25-SW,799418012179,No
SSRW-LF953,799665811860,No
SSRW-LF953-SW,799665811891,No
DS-SSL28,799665818036,No
DS-SSL28-SW,799665816780,No
DS-EMBS201312,799665821715,No
DS-EMBS201312-SW,799665821777,No
DS-EMBS201319,799665822279,No
DS-EMBS201319-SW,799665822330,No
DS-EMBS20132,799665820916,No
DS-EMBS20132-SW,799665820978,No
DS-TF926,799665817558,No
DS-TF926-SW,799665816841,No
DS-DUPST1,799665817138,No
DS-DUPST1-SW,799665816582,No
PTSCH-11082,610395223344,No
PTSCH-11082-SW,799665815653,No
SSTF-1,610395233770,No
SSTF-1-SW,797734448900,No
DS-D12012,799665817312,No
DS-D12012-SW,799665816483,No
DS-D32012,799665818579,No
DS-D32012-SW,799665816506,No
DIS-ID7906,797734450095,No
DIS-ID7906-SW,799665811099,No
DS-MDSTK2,799665817855,No
DS-MDSTK2-SW,799665816667,No
BN-SBN11VET1206,799665820596,No
BN-SCY22VET1206,799665820718,No
BN-SMR04VET1206,799665820732,No
BN-SMB19VET1206,799665820800,No
BN-SPW28VET1206,799665820480,No
BN-SG17VET1206,799665820558,No
BN-STG16VET1206,799665820633,No
SS-CYO-RU,799418018904,No
SS-SBR13-RU,799665812188,No
SS-SBN1-RU,799665812461,No
SS-SCY22-RU,799665812140,No
SS-SCB01-RU,799665812508,No
PTCH-120-RU,797734457049,No
SS-SGD21-RU,799665812348,No
SS-SMR04-RU,799665812225,No
SS-SMB19-RU,799665812553,No
SS-SPW28-RU,799665812591,Yes
SS-SG05-RU,799665812386,No
SS-SSB02-RU,799665812300,No
SS-SG17-RU,799665812270,No
SS-STG16-RU,799665812430,No
SS-CYO-BN,799418018959,No
JQCH-20122010-FP,610395232612,No
DS-EMBS201324-SW,799665822736,Yes
BOCH-KC34C,799665826178,No
Test-PRTW-D32-63,,No
EFSCH-AL450C1,,No
JQCH-HANB8,,No
JQCH-HANB10,,No
JQCH-HANB5B,,No
JQCH-HANB5C,,No
JQCH-HANB5A,,No
JQCH-HANB1A,,No
JQCH-HANB1B,,No
JQCH-HANB12B,,No
JQCH-HANB12A,,No
JQCH-HANB3A,,No
JQCH-HANB3B,,No
JQCH-HANB11,,No
JQCH-HANB9,,No
EFSCH-20136B-SW,799418015422,No
EFSCH-20134D2,,No
EFSCH-20134D1,,No
EFSCH-20134C,,No
EFSCH-20134B,,No
EFSCH-20134B-SW,799418015217,No
JQCH-HANB2,,No
EFSCH-20134E2,,No
JQCH-HANB13C,,No
JQCH-HANB13B,,No
JQCH-HANB13A,,No
EFSCH-PLK850C1,,No
EFSCH-PLK850C2,,No
EFSCH-PLK850C4,,No
EFSCH-PLK850C3,,No
EFSCH-PLK850C5,,No
JQCH-HANB7,,No
DS-TS002,,No
DS-TS001,,No
DS-SLK02,,No
DS-PS002,,No
DS-PS003,,No
DS-PS001,,No
DS-CHX4-SW,799418019185,No
DS-EFCH10A,,No
DS-D22012,,No
DS-D22012-SW,799665817060,No
DS-CHX14,,No
DS-SLK33,,No
DS-SLK196,,No
DS-SLK83,,No
DS-SLK50,,No
DS-CHX4,,No
DS-TS002-SW,799418019888,No
DS-TS001-SW,799418019819,No
DS-SLK02-SW,799418019536,No
DS-PS002-SW,799418019390,No
DS-PS003-SW,799418019468,No
DS-CHX14-SW,799418019116,No
DS-SLK33-SW,799418019048,No
DS-SLK196-SW,799418019741,No
DS-SLK83-SW,799418019604,No
DS-SLK50-SW,799418019673,No
DS-PS001-SW,799418019321,No
SS-SCY22-SW,799665811136,No
SS-SG17-SW,799665811198,No
SS-ROM,,No
DIS-ROM,,No
DS-ROM,,No
JQCH-ROM,,No
PDCH-ROM,,No
SSRW-ROM,,No
PTSCH-ROM,,No
VPCH-ROM,,No
CC-ROM,,No
PTCH-ROM,,No
LN-ROM,,No
PRTW-ROM,,No
JQCH-HANB4,799418012698,No
JQCH-HANB6,799418012971,No
JQCH-HANB13D,799418013749,No
EFSCH-20134A,799418015101,No
EFSCH-20134F1,799418015248,No
EFSCH-20134E1,,No
EFSCH-20136A,,No
PTSCH-11096,,No
JQCH-HANB2-SW,799418012520,No
JQCH-HANB4-SW,799418012735,No
JQCH-HANB5C-SW,799418012940,No
JQCH-HANB8-SW,799418013152,No
JQCH-HANB11-SW,799418013367,No
JQCH-HANB13A-SW,799418013572,No
JQCH-HANB13D-SW,799418013787,No
EFSCH-PLK850C3-SW,799418014234,No
PTSCH-11096-SW,799665815790,No
EFSCH-AL450C1-SW,799418014654,No
EFSCH-20134D1-SW,799418014791,No
EFSCH-20134D2-SW,799418014869,No
EFSCH-20134E1-SW,799418014937,No
EFSCH-20134E2-SW,799418015002,No
EFSCH-20134C-SW,799418015071,No
EFSCH-20134A-SW,799418015149,No
EFSCH-20134F1-SW,799418015286,No
EFSCH-20136A-SW,799418015354,No
JQCH-HANB9-SW,799418013220,No
JQCH-HANB10-SW,799418013299,No
JQCH-HANB12A-SW,799418013435,No
JQCH-HANB12B-SW,799418013503,No
JQCH-HANB13B-SW,799418013640,No
JQCH-HANB13C-SW,799418013718,No
EFSCH-PLK850C1-SW,799418014098,No
EFSCH-PLK850C2-SW,799418014166,No
EFSCH-PLK850C4-SW,799418014302,No
EFSCH-PLK850C5-SW,799418014371,No
JQCH-HANB1A-SW,799418012384,No
JQCH-HANB1B-SW,799418012452,No
JQCH-HANB3A-SW,799418012599,No
JQCH-HANB3B-SW,799418012667,No
JQCH-HANB5A-SW,799418012803,No
JQCH-HANB5B-SW,799418012872,No
JQCH-HANB6-SW,799418013015,No
JQCH-HANB7-SW,799418013084,No
PTSCH-12012-SW,799665815554,No
PDCH-KBS6,,No
PDCH-KBS18-SW,799665814670,No
PTCH-JTSP205-SW,799665824150,No
PTCH-JTSP209-SW,799665824471,No
PDCH-HANB57-SW,799665835569,No
PDCH-KBS5,,No
PTCH-JTSP102-SW,799665812898,No
PTCH-JTSP54-SW,799665813314,No
PTCH-JTSP87-SW,799665813376,No
PTCH-JTSP29-SW,799665813215,No
PDCH-HANB80-SW,799418011264,No
PDCH-HANB23-SW,799665835637,No
PDCH-HANB60-SW,799418011059,No
PDCH-KBS7,,No
PDCH-HANB10-SW,799418011127,No
PDCH-KBS18,,No
PDCH-KBS15,,No
PDCH-KBS16,,No
PDCH-KBS3,,No
PDCH-KBS8,,No
PDCH-KBS1,,No
PDCH-KBS2,,No
PDCH-KBS14,,No
PDCH-KBS9,,No
PDCH-KBS11,,No
PDCH-KBS3-SW,799665814717,No
PDCH-KBS6-SW,799665814779,No
PDCH-KBS8-SW,799665814816,No
PDCH-KBS1-SW,799665814533,No
PDCH-KBS2-SW,799665814694,No
PDCH-KBS14-SW,799665814595,No
PDCH-KBS5-SW,799665814755,No
PDCH-KBS9-SW,799665814830,No
PDCH-KBS7-SW,799665814793,No
PDCH-KBS11-SW,799665814519,No
PDCH-KBS15-SW,799665814618,No
PTCH-JTSP001,,No
PTCH-JTSP208,,No
PTCH-JTSP003,,No
PTCH-JTSP203,,No
PTCH-JTSP205,,No
PTCH-JTSP202,,No
PTCH-JTSP204,,No
PTCH-JTSP207,,No
PTCH-JTSP104,,No
PTCH-JTSP209,,No
PTCH-JTSP102,,No
PTCH-JTSP190912,,No
PTCH-JTSP005,,No
PTCH-JTSP27,,No
PTCH-JTSP206,,No
PTCH-JTSP194010,,No
PTCH-JTSP120,,No
PTCH-JTSP202-SW,799665823917,No
PTCH-JTSP203-SW,799665823993,No
PTCH-JTSP204-SW,799665824075,No
PTCH-JTSP100,,No
PTCH-JTSP206-SW,799665824235,No
PTCH-JTSP207-SW,799665824310,No
PTCH-JTSP208-SW,799665824396,No
PTCH-JTSP54,,No
PTCH-JTSP104-SW,799665824556,No
PTCH-JTSP001-SW,799665824631,No
PTCH-JTSP130907-SW,799665813031,No
PTCH-JTSP87,,No
PTCH-JTSP112,,No
PTCH-JTSP120-SW,799665813017,No
PTCH-JTSP100-SW,799665812836,No
PTCH-JTSP005-SW,799665812812,No
PTCH-JTSP5,,No
PTCH-JTSP41-SW,799665813239,No
PTCH-JTSP003-SW,799665812799,No
PTCH-JTSP27-SW,799665813192,No
PTCH-JTSP1066,,No
PTCH-JTSP112-SW,799665812997,No
PTCH-JTSP5-SW,799665813291,No
PTCH-JTSP1066-SW,799665812973,No
PTCH-JTSP29,,No
PTCH-JTSP130907,,No
PTCH-JTSP190912-SW,799665813116,No
PTCH-JTSP194010-SW,799665813130,No
PTCH-JTSP41,,No
PTCH-001-RU,,No
PTCH-003-RU,,No
PTCH-207-RU,,No
PTCH-104-RU,,No
PTCH-204-RU,,No
PTCH-202-RU,,No
PTCH-205-RU,,No
PTCH-203-RU,,No
PTCH-208-RU,,No
PTCH-209-RU,,No
PTCH-206-RU,,No
PTCH-130907-RU,,No
PTCH-102-RU,,No
PTCH-120-RU,,No
PTCH-100-RU,,No
PTCH-005-RU,,No
PTCH-54-RU,,No
PDCH-HANB44-SW,799665835705,No
PDCH-HANB52-SW,799418011196,No
PDCH-HANB56-SW,799665835491,No
PDCH-HANB35-SW,799665835842,No
PDCH-HANB46-SW,799665835774,No
PDCH-HANB85-SW,799418011547,No
PDCH-HANB83-SW,799418011400,No
PDCH-HANB08-SW,799418010984,No
PTCH-190912-RU,,No
PTCH-41-RU,,No
PTCH-27-RU,,No
PTCH-194010-RU,,No
PTCH-87-RU,,No
PTCH-112-RU,,No
PTCH-5-RU,,No
PTCH-1066-RU,,No
PTCH-29-RU,,No
PTCH-005-RUVAL,,No
PTCH-1066-RUVAL,,No
PTCH-112-RUVAL,799418016771,No
PTCH-5-RUVAL,,No
PDCH-HANB81-SW,799418011332,No
PDCH-HANB35,,No
PDCH-HANB46,,No
PDCH-HANB44,,No
PDCH-HANB23,,No
PDCH-HANB56,,No
PDCH-HANB52,,No
PDCH-HANB85,,No
PDCH-HANB83,,No
PDCH-HANB08,,No
PDCH-HANB57,,No
PDCH-HANB80,,No
PDCH-HANB60,,No
PDCH-HANB10,,No
PDCH-HANB81,,No
VCCH-VET1208,,No
VCCH-VET1202,,No
VCCH-VET1203,,No
VCCH-VET12010,,No
VCCH-VET1205,,No
VCCH-VET1209,,No
VCCH-VET1206,,No
VCCH-VET1204,,No
VCCH-VET1207,,No
VCCH-VET1201-SW,799665830298,No
VCCH-VET1208-SW,799665830533,No
VCCH-VET1202-SW,799665830335,No
VCCH-VET1203-SW,799665830380,No
VCCH-VET12010-SW,799665830328,No
VCCH-VET1205-SW,799665830441,No
VCCH-VET1209-SW,799665830564,No
VCCH-VET1206-SW,799665830472,No
VCCH-VET1204-SW,799665830410,No
VCCH-VET1207-SW,799665830502,No
BOCH-PL1606,,No
BOCH-PL1607,,No
BOCH-PL1610,,No
BOCH-PL1606-SW,799665829513,No
BOCH-KC7-8433-83,,No
BOCH-PL1601-SW,799665829193,No
BOCH-201301-GR,,No
BOCH-190303,,No
BOCH-201304-GR,,No
BOCH-120601,,No
BOCH-191016-GR,,No
BOCH-174402,,No
BOCH-201305-GR,,No
BOCH-201301-SW,799665831400,No
BOCH-193810-SW,799665831288,No
BOCH-174402-SW,799665831257,No
BOCH-KC5,,No
VPCH-184005-SW,799665831110,No
VPCH-110602-SW,799665830618,No
VPCH-192018-SW,799665830762,No
VPCH-194007,,No
VPCH-141113,,No
VPCH-VET1212,,No
VPCH-VET1216,,No
VPCH-VET1217,,No
VPCH-VET1214,,No
VPCH-194023-SW,799665830960,No
VPCH-145002-SW,799665831066,No
VPCH-194007-SW,799665830915,No
VPCH-193810,,No
VPCH-VET1219,,No
VPCH-VET1213,,No
VPCH-VET1212-SW,799665834050,No
VPCH-VET1216-SW,799665834173,No
VPCH-VET1218-SW,799665834234,No
VPCH-190622-SW,799665831141,No
VPCH-120601-SW,799665830663,No
VPCH-190912-SW,799665830717,No
VPCH-VET1214-SW,799665834111,No
VPCH-VET1215-SW,799665834142,No
VPCH-VET1219-SW,799665834265,No
VPCH-190622,,No
VPCH-145002,,No
BOCH-KC28,,No
BOCH-KC29,,No
BOCH-KC22,,No
BOCH-KC21,,No
BOCH-KC91B,,No
BOCH-KC32,,No
BOCH-KC20,,No
BOCH-KC23,,No
BOCH-KC27,,No
BOCH-KC35,,No
BOCH-KC28-SW,799665825751,No
BOCH-KC35-SW,799665826314,No
BOCH-KC36-SW,799665826390,No
BOCH-KC91B-SW,799665828394,No
BOCH-KC32-SW,799665826079,No
BOCH-KC1-SW,799665828356,No
VPCH-VET1211,,No
VPCH-VET1218,,No
VPCH-VET1215,,No
VPCH-VET1211-SW,799665834296,No
VPCH-VET1217-SW,799665834203,No
VPCH-VET1213-SW,799665834081,No
VPCH-194023,,No
VPCH-192018,,No
VPCH-190912,,No
VPCH-110602,,No
VPCH-192315-SW,799665830816,No
VPCH-192315,,No
BOCH-KC25,,No
BOCH-KC26,,No
BOCH-KC30,,Yes
BOCH-KC31,,No
VPCH-120601,,No
BOCH-KC29-SW,799665825836,No
BOCH-KC24-SW,799665825430,No
BOCH-KC5-SW,799665828233,No
VPCH-141113-SW,799665831011,No
VPCH-193810-SW,799665830861,No
BOCH-KC26-SW,799665825591,No
BOCH-KC30-SW,799665825911,No
BOCH-KC31-SW,799665825997,No
BOCH-KC27-SW,799665825676,No
BOCH-KC22-SW,799665825270,No
BOCH-KC6-SW,799665828196,No
BOCH-193810,,No
BOCH-193810-GR,,No
BOCH-120601-GR,,No
BOCH-191016,,No
BOCH-KC8-SW,799665828318,No
BOCH-KC20-SW,799665825119,No
BOCH-201302,,No
BOCH-201302-GR,,No
BOCH-174402-GR,,No
BOCH-201305,,No
VPCH-184005,,No
BOCH-131009-SW,799665831226,No
BOCH-190303-SW,799665831349,No
BOCH-201304-SW,799665831493,No
BOCH-KC25-SW,799665825515,No
BOCH-KC21-SW,799665825195,No
BOCH-120601-SW,799665831196,No
BOCH-191016-SW,799665831318,No
BOCH-201302-SW,799665831431,No
BOCH-201305-SW,799665831523,No
BOCH-KC33,,No
BOCH-KC1,,No
BOCH-PL1605,,No
BOCH-PL1602,,No
BOCH-KC23-SW,799665825355,No
BOCH-KC33-SW,799665826154,No
BOCH-PL1609,,No
BOCH-PL1601,,No
BOCH-PL1604-SW,799665829353,No
BOCH-PL4201-SW,799665829919,No
BOCH-PL1608-SW,799665829674,No
BOCH-KC6,,No
BOCH-KC8,,No
BOCH-PL4201,,No
BOCH-PL1608,,No
BOCH-PL1605-SW,799665829438,No
BOCH-PL1607-SW,799665829599,No
BOCH-PL1609-SW,799665829759,No
BOCH-PL1610-SW,799665829834,No
BOCH-201301,,No
BOCH-KC36,,No
BOCH-KC24,,No
BOCH-131009,,No
BOCH-131009-GR,,No
BOCH-190303-GR,,No
BOCH-201304,,No
FHLCH-416020,,No
FHLCH-416018,,No
FHLCH-314043,,No
FHLCH-416017,,No
FHLCH-314047-SW,799665832889,No
FHLCH-314055-SW,799665833060,No
FHLCH-416018-SW,799665833244,No
FHLCH-314048-SW,799665833428,No
FHLCH-YL7178117,,No
FHLCH-YL7178103,,No
FHLCH-YL3010B,,No
FHLCH-YL7178109-SW,799665828554,No
FHLCH-YL7176217-SW,799665830083,No
FHLCH-YL7178103-SW,799665828639,No
FHLCH-YL3008-SW,799665828950,No
LN-5179,,No
LN-5100,,No
LN-5175,,No
LN-5177-SW,799418018669,No
LN-5000-SW,799418018317,No
CZCH-CTZ12,,No
CZCH-CTZ9,,No
CRC-MYTH72,,No
CRC-MYTH809,,No
CRC-MYTH79-SW,799418017891,No
CRC-MYTH809-SW,799418018249,No
PRTW-D27,,No
PRTW-D33,,No
PRTW-D29B,,No
PRTW-D26,,No
PRTW-D31,,No
PRTW-D21,,No
PRTW-D24B,,No
PRTW-D32,,No
PRTW-D02,,No
PRTW-D06A,,No
PRTW-D11,,No
PRTW-D17,,No
PRTW-D23,,No
PRTW-D28,,No
PRTW-D25,,No
PRTW-D17-SW,799665827670,No
PRTW-D31-SW,799665827359,No
PRTW-D26-SW,799665826956,No
PRTW-D24A-SW,799665822972,No
PRTW-D13-SW,799665827595,No
PRTW-D23-SW,799665826871,No
PRTW-D06A-SW,799665827878,No
PRTW-D27-SW,799665827038,No
PRTW-D22-SW,799665826796,No
CC-MA3,,No
CC-CD22,,No
CC-CD29,,No
CC-MA6,,No
CC-CD17-SW,799418017471,No
CC-MABB26-SW,799418017822,No
CC-CD35-SW,799418017617,No
CC-CD29-SW,799418017754,No
CC-CD38-SW,799418017686,No
CC-TEALBB29-SW,799418022611,No
CC-MA6-SW,799418017402,No
CC-MA5-SW,799418017334,No
CC-CD17,,No
CC-CD38,,No
CC-TEALBB29,,No
CC-MABB26,,No
CC-CD35,,No
CC-MA5,,No
PRTW-D05-SW,799665827953,No
PRTW-D09-SW,799665827557,No
PRTW-D15-SW,799665827717,No
PRTW-D16-SW,799665827755,No
PRTW-D32-SW,799665827434,No
PRTW-D33-SW,799665827519,No
PRTW-D25-SW,799665823139,No
PRTW-D24B-SW,799665823054,No
PRTW-D12-SW,799665827991,No
PRTW-D11-SW,799665828035,No
PRTW-D12,,No
PRTW-D28-SW,799665823214,No
PRTW-D02-SW,799665827793,No
PRTW-D01,,No
CC-MA3-SW,799418022758,No
CC-CD22-SW,799418017549,No
PRTW-D04,,No
PRTW-D20-SW,799665826635,No
PRTW-D06B-SW,799665827830,No
PRTW-D06B,,No
PRTW-D01-SW,799665827915,No
PRTW-D21-SW,799665826710,No
PRTW-D16,,No
CRC-MYTH04,,No
CRC-MYTH14,,No
CRC-MYTH72-SW,799418017969,No
CRC-MYTH73-SW,799418018034,No
CRC-MYTH04-SW,799418018102,No
CRC-MYTH14-SW,799418018171,No
PRTW-D30,,No
PRTW-D20,,No
PRTW-D15,,No
PRTW-D30-SW,799665827274,No
PRTW-D04-SW,799665827632,No
PRTW-D09,,No
PRTW-D24A,,No
PRTW-D13,,No
CZCH-CTZ1,,No
CZCH-CTZ6,,No
PRTW-D29B-SW,799665827199,No
PRTW-D29A-SW,799665827113,No
CZCH-CTZ2,,No
PRTW-D05,,No
PRTW-D29A,,No
FHLCH-YL5003,,No
FHLCH-YL3022,,No
FHLCH-YL7176209-SW,799665830168,No
FHLCH-YL7178117-SW,799665828479,No
FHLCH-YL3012-SW,799665828875,No
FHLCH-YL5003-SW,799665829117,No
FHLCH-YL7176203-SW,799665828714,No
FHLCH-YL3022-SW,799665828790,No
FHLCH-YL3010B-SW,799665829032,No
LN-5176,,No
PRTW-D22,,No
LN-5177,,No
LN-5520,,No
LN-5000,,No
LN-5178,,No
FHLCH-314053,,No
FHLCH-314055,,No
LN-5176-SW,799418018591,No
LN-5179-SW,799418018805,No
FHLCH-314052,,No
FHLCH-314047,,No
FHLCH-314044,,No
FHLCH-416016,,No
LN-5520-SW,799418018386,No
LN-5100-SW,799418018454,No
FHLCH-314043-SW,799665832766,No
FHLCH-314044-SW,799665832827,No
FHLCH-314052-SW,799665832940,No
FHLCH-314053-SW,799665833008,No
CRC-MYTH79,,No
CRC-MYTH73,,No
FHLCH-416016-SW,799665833121,No
FHLCH-416017-SW,799665833183,No
FHLCH-416019-SW,799665833305,No
FHLCH-416020-SW,799665833367,No
LN-5178-SW,799418018737,No
LN-5175-SW,799418018522,No
FHLCH-YL7178109,,No
FHLCH-YL7176209,,No
FHLCH-YL7176217,,No
FHLCH-YL3012,,No
FHLCH-314048,,No
FHLCH-416019,,No
CZCH-CTZ5,,No
FHLCH-YL7176203,,No
FHLCH-YL3008,,No
JQCH-HANB14C,,No
JQCH-HANB14B,,No
JQCH-HANB14A,,No
JQCH-HANB15,,No
SHCH-OUR1921ASH,,No
SHCH-OUR1925BLU,,No
SHCH-OUR1922COC,,No
SHCH-OUR1923NAT,,No
JQCH-HANB14C-SW,799418013961,No
JQCH-HANB14B-SW,799418013909,No
JQCH-HANB14A-SW,799418013848,No
JQCH-HANB15-SW,799418014029,No
SHCH-OUR1921ASH-SW,799418015811,No
SHCH-OUR1925BLU-SW,799418015903,No
SHCH-OUR1922COC-SW,799418015842,No
SHCH-OUR1923NAT-SW,799418015873,No
SHCH-LH1222,,No
SHCH-LH1211,,No
SHCH-LH20132,,No
SHCH-LH96,,No
SHCH-LH20136,,No
SHCH-LHOCS333,,No
SHCH-EMB20138,,No
SHCH-EMBOCS3595,,No
SHCH-EMB20137,,No
SHCH-EMB20132A,,No
SHCH-EMB20132B,,No
SHCH-LH20134,799665835323,No
SHCH-LH20135,,No
SHCH-LH97,,No
SHCH-EMB20131A,,No
SHCH-EMB20131B,,No
SHCH-LH20133,,No
SHCH-LH159,,No
SHCH-LH130,,No
SHCH-LH94A,,No
SHCH-EMB20133A,,No
SHCH-EMB20133B,,No
SHCH-EMBOCS4084,,No
SHCH-EMBOCS3293,,No
SHCH-EMBOCS3231,,No
SHCH-EMB20135,,No
SHCH-EMB20136,,No
SHCH-EMB20131A-SW,799418015934,No
SHCH-EMB20131B-SW,799418015965,No
SHCH-EMB20132A-SW,799418015996,No
SHCH-EMB20132B-SW,799418016023,No
SHCH-EMB20133A-SW,799418016054,No
SHCH-EMB20133B-SW,799418016085,No
SHCH-EMBOCS3293-SW,799418016115,No
SHCH-EMBOCS3231-SW,799418016146,No
SHCH-EMBOCS4084-SW,799418016177,No
SHCH-EMBOCS3595-SW,799418016207,No
SHCH-EMB20135-SW,799418016238,No
SHCH-EMB20136-SW,799418016269,No
SHCH-EMB20137-SW,799418016290,No
SHCH-EMB20138-SW,799418016320,No
SHCH-LH20133-SW,799418016412,No
SHCH-LH159-SW,799418016382,No
SHCH-LH1211-SW,799418016627,No
SHCH-LH97-SW,799418016474,No
SHCH-LH20132-SW,799418016504,No
SHCH-LH20135-SW,799418016535,No
SHCH-LHOCS333-SW,799418016566,No
SHCH-LH20134-SW,799418016597,No
SHCH-LH96-SW,799418016443,No
SHCH-LH20136-SW,799418016658,No
SHCH-LH1222-SW,799418016689,No
SHCH-LH130-SW,799418016719,No
SHCH-LH94A-SW,799418016351,No
SHCH-VOL3-SLDW,,No
SHCH-VOL1-SLDW,,No
SHCH-ORG2-PR-1,,No
SHFLNCH-M013,,No
SHFLNCH-M012-SW,799418015729,No
SHFLNCH-M011-SW,799418015699,No
SHLNCH-J0106,,No
SH-ORG2,,No
SH-ORG2-SW,799418020938,No
SHFLNCH-M015-SW,799418015750,No
SHFLNCH-M013-SW,799418015781,No
SHLNCH-J0105,,No
SHLNCH-J0105-SW,799418020761,No
SHLNCH-J0106-SW,799418015668,No
SH-ORG12,,No
SH-ORG48,,No
SH-ORG12-SW,799418020846,No
SH-ORG48-SW,799418021027,No
SHFLNCH-M011,,No
SHCH-VOL3-SW,799418015545,No
SHCH-VOL1-SW,799418015538,No
SHCH-ORG6-SW,799418015637,No
SHCH-ORG2-SW,799418015606,No
SHCH-ORG1-SW,799418015576,No
SHFLNCH-M012,,No
SHFLNCH-M015,,No
HDW-3032,,No
HDW-3044,,No
HDW-3046,,No
HDW-3049,,No
HDW-3058,,No
HDW-3588,,No
HDW-3639-22,,No
HDW-3746,,No
HDW-3747,,No
HDW-3863,,No
HDW-3909,,No
HDW-AB-2018-22-WP-8,,No
HDW-AB-2031-22-WP-8,,No
HDW-AB-3537-22-WP-8,,No
HDW-AB-3639-22-WP-8,799695723591,No
HDW-AB-3714-22-WP-8,,No
HDW-AB-3863-22-WP-8,,No
HDW-CROWN-FINIAL,,No
HDW-HG-2018-12-WP-8,,No
HDW-HG-2031-12-WP,,No
HDW-HG-3714-12-WP-8,,No
HDW-HG-3863-12-WP-8,,No
HDW-ISTANBUL-FINIAL,,No
HDW-NATALIE-FINIAL,,No
HDW-WOOD-BRACKETS,,No
HDW-WOOD-ENDCAPS,,No
HDW-WOOD-RINGS,,No
HDW-WOOD-RODS,,No
EFSCH-20136B,,No
DS-EMBS204411,,No
SHCH-VOL1-DLDW,799665834340,No
SHCH-VOL3-DLDW,,No
HDW-HG-2042-80-PREPACK,,No
HDW-HG-2035-80-PREPACK,,No
HDW-HG-2042-79-PREPACK,,No
HDW-HG-2035-79-PREPACK,,No
HDW-HG-2042-81-PREPACK1,123456789012,Yes
HDW-2042-80-WP,,No
tes11123,11,No
fhlch-aj411-gr-50x108,12,No
tes11123,7867867,No
fhlch-aj411-gr-50x108,7867868,No
ds-efch14,7867869,No
tes11124,123456787654,No
123,111,No
test4530,,Yes
2321,,No
Hemming,,No
Special-Order-Custom,,No
testaaa,,No
test-tu,,No
