Parent SKU,Child SKU
"123","EFSCH-AL450C2"
"BN-SBN11VET1206","BN-SBN11VET1206-84"
"BN-SBN11VET1206","BN-SBN11VET1206-96"
"BN-SBN11VET1206","BN-SBN11VET1206-108"
"BN-SBN11VET1206","BN-SBN11VET1206-120"
"BN-SBN11VET1206","BN-SBN11VET1206-CUS"
"BN-SCY22VET1206","BN-SCY22VET1206-84"
"BN-SCY22VET1206","BN-SCY22VET1206-96"
"BN-SCY22VET1206","BN-SCY22VET1206-108"
"BN-SCY22VET1206","BN-SCY22VET1206-120"
"BN-SCY22VET1206","BN-SCY22VET1206-CUS"
"BN-SG17VET1206","BN-SG17VET1206-84"
"BN-SG17VET1206","BN-SG17VET1206-96"
"BN-SG17VET1206","BN-SG17VET1206-108"
"BN-SG17VET1206","BN-SG17VET1206-120"
"BN-SG17VET1206","BN-SG17VET1206-CUS"
"BN-SMB19VET1206","BN-SMB19VET1206-84"
"BN-SMB19VET1206","BN-SMB19VET1206-96"
"BN-SMB19VET1206","BN-SMB19VET1206-108"
"BN-SMB19VET1206","BN-SMB19VET1206-120"
"BN-SMB19VET1206","BN-SMB19VET1206-CUS"
"BN-SMR04VET1206","BN-SMR04VET1206-84"
"BN-SMR04VET1206","BN-SMR04VET1206-96"
"BN-SMR04VET1206","BN-SMR04VET1206-108"
"BN-SMR04VET1206","BN-SMR04VET1206-120"
"BN-SMR04VET1206","BN-SMR04VET1206-CUS"
"BN-SPW28VET1206","BN-SPW28VET1206-84"
"BN-SPW28VET1206","BN-SPW28VET1206-96"
"BN-SPW28VET1206","BN-SPW28VET1206-108"
"BN-SPW28VET1206","BN-SPW28VET1206-120"
"BN-SPW28VET1206","BN-SPW28VET1206-CUS"
"BN-STG16VET1206","BN-STG16VET1206-84"
"BN-STG16VET1206","BN-STG16VET1206-96"
"BN-STG16VET1206","BN-STG16VET1206-108"
"BN-STG16VET1206","BN-STG16VET1206-120"
"BN-STG16VET1206","BN-STG16VET1206-CUS"
"BOCH-120601","BOCH-120601-84"
"BOCH-120601","BOCH-120601-96"
"BOCH-120601","BOCH-120601-108"
"BOCH-120601","BOCH-120601-120"
"BOCH-120601","BOCH-120601-CUS"
"BOCH-120601-GR","BOCH-120601-84-GR"
"BOCH-120601-GR","BOCH-120601-96-GR"
"BOCH-120601-GR","BOCH-120601-108-GR"
"BOCH-120601-GR","BOCH-120601-120-GR"
"BOCH-131009","BOCH-131009-84"
"BOCH-131009","BOCH-131009-96"
"BOCH-131009","BOCH-131009-108"
"BOCH-131009","BOCH-131009-120"
"BOCH-131009","BOCH-131009-CUS"
"BOCH-131009-GR","BOCH-131009-84-GR"
"BOCH-131009-GR","BOCH-131009-96-GR"
"BOCH-131009-GR","BOCH-131009-108-GR"
"BOCH-131009-GR","BOCH-131009-120-GR"
"BOCH-174402","BOCH-174402-84"
"BOCH-174402","BOCH-174402-96"
"BOCH-174402","BOCH-174402-108"
"BOCH-174402","BOCH-174402-120"
"BOCH-174402","BOCH-174402-CUS"
"BOCH-174402-GR","BOCH-174402-84-GR"
"BOCH-174402-GR","BOCH-174402-96-GR"
"BOCH-174402-GR","BOCH-174402-96-GR"
"BOCH-174402-GR","BOCH-174402-120-GR"
"BOCH-190303","BOCH-190303-84"
"BOCH-190303","BOCH-190303-96"
"BOCH-190303","BOCH-190303-108"
"BOCH-190303","BOCH-190303-120"
"BOCH-190303","BOCH-190303-CUS"
"BOCH-190303-GR","BOCH-190303-84-GR"
"BOCH-190303-GR","BOCH-190303-96-GR"
"BOCH-190303-GR","BOCH-190303-108-GR"
"BOCH-190303-GR","BOCH-190303-120-GR"
"BOCH-191016","BOCH-191016-84"
"BOCH-191016","BOCH-191016-96"
"BOCH-191016","BOCH-191016-108"
"BOCH-191016","BOCH-191016-120"
"BOCH-191016","BOCH-191016-CUS"
"BOCH-191016-GR","BOCH-191016-84-GR"
"BOCH-191016-GR","BOCH-191016-96-GR"
"BOCH-191016-GR","BOCH-191016-108-GR"
"BOCH-191016-GR","BOCH-191016-120-GR"
"BOCH-193810","BOCH-193810-84"
"BOCH-193810","BOCH-193810-96"
"BOCH-193810","BOCH-193810-108"
"BOCH-193810","BOCH-193810-120"
"BOCH-193810","BOCH-193810-CUS"
"BOCH-193810-GR","BOCH-193810-84-GR"
"BOCH-193810-GR","BOCH-193810-96-GR"
"BOCH-193810-GR","BOCH-193810-108-GR"
"BOCH-193810-GR","BOCH-193810-120-GR"
"BOCH-201301","BOCH-201301-84"
"BOCH-201301","BOCH-201301-96"
"BOCH-201301","BOCH-201301-108"
"BOCH-201301","BOCH-201301-120"
"BOCH-201301","BOCH-201301-CUS"
"BOCH-201301-GR","BOCH-201301-120-GR"
"BOCH-201301-GR","BOCH-201301-84-GR"
"BOCH-201301-GR","BOCH-201301-96-GR"
"BOCH-201301-GR","BOCH-201301-108-GR"
"BOCH-201302","BOCH-201302-84"
"BOCH-201302","BOCH-201302-96"
"BOCH-201302","BOCH-201302-108"
"BOCH-201302","BOCH-201302-120"
"BOCH-201302","BOCH-201302-CUS"
"BOCH-201302-GR","BOCH-201302-84-GR"
"BOCH-201302-GR","BOCH-201302-96-GR"
"BOCH-201302-GR","BOCH-201302-108-GR"
"BOCH-201302-GR","BOCH-201302-120-GR"
"BOCH-201303","BOCH-201303-84"
"BOCH-201303","BOCH-201303-96"
"BOCH-201303","BOCH-201303-108"
"BOCH-201303","BOCH-201303-120"
"BOCH-201303","BOCH-201303-CUS"
"BOCH-201303-GR","BOCH-201303-84-GR"
"BOCH-201303-GR","BOCH-201303-96-GR"
"BOCH-201303-GR","BOCH-201303-108-GR"
"BOCH-201303-GR","BOCH-201303-120-GR"
"BOCH-201304","BOCH-201304-63"
"BOCH-201304","BOCH-201304-96"
"BOCH-201304","BOCH-201304-108"
"BOCH-201304","BOCH-201304-120"
"BOCH-201304","BOCH-201304-CUS"
"BOCH-201304-GR","BOCH-201304-84-GR"
"BOCH-201304-GR","BOCH-201304-96-GR"
"BOCH-201304-GR","BOCH-201304-108-GR"
"BOCH-201304-GR","BOCH-201304-120-GR"
"BOCH-201305","BOCH-201305-84"
"BOCH-201305","BOCH-201305-96"
"BOCH-201305","BOCH-201305-108"
"BOCH-201305","BOCH-201305-120"
"BOCH-201305","BOCH-201305-CUS"
"BOCH-201305-GR","BOCH-201305-84-GR"
"BOCH-201305-GR","BOCH-201305-96-GR"
"BOCH-201305-GR","BOCH-201305-108-GR"
"BOCH-201305-GR","BOCH-201305-120-GR"
"BOCH-KC1","BOCH-KC1-84"
"BOCH-KC1","BOCH-KC1-96"
"BOCH-KC1","BOCH-KC1-108"
"BOCH-KC1","BOCH-KC1-120"
"BOCH-KC1","BOCH-KC1-CUS"
"BOCH-KC20","BOCH-KC20-84"
"BOCH-KC20","BOCH-KC20-96"
"BOCH-KC20","BOCH-KC20-108"
"BOCH-KC20","BOCH-KC20-120"
"BOCH-KC20","BOCH-KC20-CUS"
"BOCH-KC21","BOCH-KC21-84"
"BOCH-KC21","BOCH-KC21-96"
"BOCH-KC21","BOCH-KC21-108"
"BOCH-KC21","BOCH-KC21-120"
"BOCH-KC21","BOCH-KC21-CUS"
"BOCH-KC22","BOCH-KC22-84"
"BOCH-KC22","BOCH-KC22-96"
"BOCH-KC22","BOCH-KC22-108"
"BOCH-KC22","BOCH-KC22-120"
"BOCH-KC22","BOCH-KC22-CUS"
"BOCH-KC23","BOCH-KC23-84"
"BOCH-KC23","BOCH-KC23-96"
"BOCH-KC23","BOCH-KC23-108"
"BOCH-KC23","BOCH-KC23-120"
"BOCH-KC23","BOCH-KC23-CUS"
"BOCH-KC24","BOCH-KC24-84"
"BOCH-KC24","BOCH-KC24-96"
"BOCH-KC24","BOCH-KC24-108"
"BOCH-KC24","BOCH-KC24-120"
"BOCH-KC24","BOCH-KC24-CUS"
"BOCH-KC25","BOCH-KC25-84"
"BOCH-KC25","BOCH-KC25-96"
"BOCH-KC25","BOCH-KC25-108"
"BOCH-KC25","BOCH-KC25-120"
"BOCH-KC25","BOCH-KC25-CUS"
"BOCH-KC26","BOCH-KC26-84"
"BOCH-KC26","BOCH-KC26-96"
"BOCH-KC26","BOCH-KC26-108"
"BOCH-KC26","BOCH-KC26-120"
"BOCH-KC26","BOCH-KC26-CUS"
"BOCH-KC27","BOCH-KC27-84"
"BOCH-KC27","BOCH-KC27-96"
"BOCH-KC27","BOCH-KC27-108"
"BOCH-KC27","BOCH-KC27-120"
"BOCH-KC27","BOCH-KC27-CUS"
"BOCH-KC28","BOCH-KC28-84"
"BOCH-KC28","BOCH-KC28-96"
"BOCH-KC28","BOCH-KC28-108"
"BOCH-KC28","BOCH-KC28-120"
"BOCH-KC28","BOCH-KC28-CUS"
"BOCH-KC29","BOCH-KC29-84"
"BOCH-KC29","BOCH-KC29-96"
"BOCH-KC29","BOCH-KC29-108"
"BOCH-KC29","BOCH-KC29-120"
"BOCH-KC29","BOCH-KC29-CUS"
"BOCH-KC30","BOCH-KC30-84"
"BOCH-KC30","BOCH-KC30-96"
"BOCH-KC30","BOCH-KC30-108"
"BOCH-KC30","BOCH-KC30-120"
"BOCH-KC30","BOCH-KC30-CUS"
"BOCH-KC31","BOCH-KC31-84"
"BOCH-KC31","BOCH-KC31-96"
"BOCH-KC31","BOCH-KC31-108"
"BOCH-KC31","BOCH-KC31-120"
"BOCH-KC31","BOCH-KC31-CUS"
"BOCH-KC32","BOCH-KC32-84"
"BOCH-KC32","BOCH-KC32-96"
"BOCH-KC32","BOCH-KC32-108"
"BOCH-KC32","BOCH-KC32-120"
"BOCH-KC32","BOCH-KC32-CUS"
"BOCH-KC33","BOCH-KC33-84"
"BOCH-KC33","BOCH-KC33-96"
"BOCH-KC33","BOCH-KC33-108"
"BOCH-KC33","BOCH-KC33-120"
"BOCH-KC33","BOCH-KC33-CUS"
"BOCH-KC34C","BOCH-KC34C-84"
"BOCH-KC34C","BOCH-KC34C-96"
"BOCH-KC34C","BOCH-KC34C-108"
"BOCH-KC34C","BOCH-KC34C-120"
"BOCH-KC34C","BOCH-KC34C-CUS"
"BOCH-KC35","BOCH-KC35-84"
"BOCH-KC35","BOCH-KC35-96"
"BOCH-KC35","BOCH-KC35-108"
"BOCH-KC35","BOCH-KC35-120"
"BOCH-KC35","BOCH-KC35-CUS"
"BOCH-KC36","BOCH-KC36-84"
"BOCH-KC36","BOCH-KC36-96"
"BOCH-KC36","BOCH-KC36-108"
"BOCH-KC36","BOCH-KC36-120"
"BOCH-KC36","BOCH-KC36-CUS"
"BOCH-KC5","BOCH-KC5-84"
"BOCH-KC5","BOCH-KC5-96"
"BOCH-KC5","BOCH-KC5-108"
"BOCH-KC5","BOCH-KC5-120"
"BOCH-KC5","BOCH-KC5-CUS"
"BOCH-KC6","BOCH-KC6-84"
"BOCH-KC6","BOCH-KC6-84"
"BOCH-KC6","BOCH-KC6-96"
"BOCH-KC6","BOCH-KC6-108"
"BOCH-KC6","BOCH-KC6-120"
"BOCH-KC6","BOCH-KC6-96"
"BOCH-KC6","BOCH-KC6-108"
"BOCH-KC6","BOCH-KC6-120"
"BOCH-KC6","BOCH-KC6-CUS"
"BOCH-KC6","BOCH-KC6-CUS"
"BOCH-KC7-8433-83","PTSCH-11093-63"
"BOCH-KC8","BOCH-KC8-84"
"BOCH-KC8","BOCH-KC8-96"
"BOCH-KC8","BOCH-KC8-108"
"BOCH-KC8","BOCH-KC8-120"
"BOCH-KC8","BOCH-KC8-CUS"
"BOCH-KC91B","BOCH-KC91B-84"
"BOCH-KC91B","BOCH-KC91B-96"
"BOCH-KC91B","BOCH-KC91B-108"
"BOCH-KC91B","BOCH-KC91B-120"
"BOCH-KC91B","BOCH-KC91B-CUS"
"BOCH-PL1601","BOCH-PL1601-84"
"BOCH-PL1601","BOCH-PL1601-96"
"BOCH-PL1601","BOCH-PL1601-108"
"BOCH-PL1601","BOCH-PL1601-120"
"BOCH-PL1601","BOCH-PL1601-CUS"
"BOCH-PL1602","BOCH-PL1602-84"
"BOCH-PL1602","BOCH-PL1602-84"
"BOCH-PL1602","BOCH-PL1602-96"
"BOCH-PL1602","BOCH-PL1602-96"
"BOCH-PL1602","BOCH-PL1602-108"
"BOCH-PL1602","BOCH-PL1602-120"
"BOCH-PL1602","BOCH-PL1602-108"
"BOCH-PL1602","BOCH-PL1602-120"
"BOCH-PL1602","BOCH-PL1602-CUS"
"BOCH-PL1602","BOCH-PL1602-CUS"
"BOCH-PL1604","BOCH-PL1604-84"
"BOCH-PL1604","BOCH-PL1604-96"
"BOCH-PL1604","BOCH-PL1604-108"
"BOCH-PL1604","BOCH-PL1604-120"
"BOCH-PL1604","BOCH-PL1604-CUS"
"BOCH-PL1605","BOCH-PL1605-84"
"BOCH-PL1605","BOCH-PL1605-96"
"BOCH-PL1605","BOCH-PL1605-108"
"BOCH-PL1605","BOCH-PL1605-120"
"BOCH-PL1605","BOCH-PL1605-CUS"
"BOCH-PL1606","BOCH-PL1606-84"
"BOCH-PL1606","BOCH-PL1606-96"
"BOCH-PL1606","BOCH-PL1606-108"
"BOCH-PL1606","BOCH-PL1606-120"
"BOCH-PL1606","BOCH-PL1606-CUS"
"BOCH-PL1607","BOCH-PL1607-84"
"BOCH-PL1607","BOCH-PL1607-96"
"BOCH-PL1607","BOCH-PL1607-108"
"BOCH-PL1607","BOCH-PL1607-120"
"BOCH-PL1607","BOCH-PL1607-CUS"
"BOCH-PL1608","BOCH-PL1608-84"
"BOCH-PL1608","BOCH-PL1608-96"
"BOCH-PL1608","BOCH-PL1608-108"
"BOCH-PL1608","BOCH-PL1608-120"
"BOCH-PL1608","BOCH-PL1608-CUS"
"BOCH-PL1609","BOCH-PL1609-84"
"BOCH-PL1609","BOCH-PL1609-96"
"BOCH-PL1609","BOCH-PL1609-108"
"BOCH-PL1609","BOCH-PL1609-120"
"BOCH-PL1609","BOCH-PL1609-CUS"
"BOCH-PL1610","BOCH-PL1610-84"
"BOCH-PL1610","BOCH-PL1610-96"
"BOCH-PL1610","BOCH-PL1610-108"
"BOCH-PL1610","BOCH-PL1610-120"
"BOCH-PL1610","BOCH-PL1610-CUS"
"BOCH-PL4201","BOCH-PL4201-84"
"BOCH-PL4201","BOCH-PL4201-96"
"BOCH-PL4201","BOCH-PL4201-108"
"BOCH-PL4201","BOCH-PL4201-120"
"BOCH-PL4201","BOCH-PL4201-CUS"
"BOCH601-GR","BOCH-120601-84-GR"
"BOCH601-GR","BOCH-120601-96-GR"
"BOCH601-GR","BOCH-120601-108-GR"
"BOCH601-GR","BOCH-120601-120-GR"
"CC-CD17","CC-CD17-84"
"CC-CD17","CC-CD17-96"
"CC-CD17","CC-CD17-108"
"CC-CD17","CC-CD17-120"
"CC-CD17","CC-CD17-CUS"
"CC-CD22","CC-CD22-84"
"CC-CD22","CC-CD22-96"
"CC-CD22","CC-CD22-108"
"CC-CD22","CC-CD22-120"
"CC-CD22","CC-CD22-CUS"
"CC-CD29","CC-CD29-84"
"CC-CD29","CC-CD29-96"
"CC-CD29","CC-CD29-108"
"CC-CD29","CC-CD29-120"
"CC-CD29","CC-CD29-CUS"
"CC-CD35","CC-CD35-84"
"CC-CD35","CC-CD35-96"
"CC-CD35","CC-CD35-108"
"CC-CD35","CC-CD35-120"
"CC-CD35","CC-CD35-CUS"
"CC-CD38","CC-CD38-84"
"CC-CD38","CC-CD38-96"
"CC-CD38","CC-CD38-108"
"CC-CD38","CC-CD38-120"
"CC-CD38","CC-CD38-CUS"
"CC-MA3","CC-MA3-84"
"CC-MA3","CC-MA3-96"
"CC-MA3","CC-MA3-108"
"CC-MA3","CC-MA3-120"
"CC-MA3","CC-MA3-CUS"
"CC-MA5","CC-MA5-84"
"CC-MA5","CC-MA5-96"
"CC-MA5","CC-MA5-108"
"CC-MA5","CC-MA5-120"
"CC-MA5","CC-MA5-CUS"
"CC-MA6","CC-MA6-84"
"CC-MA6","CC-MA6-96"
"CC-MA6","CC-MA6-108"
"CC-MA6","CC-MA6-120"
"CC-MA6","CC-MA6-CUS"
"CC-MABB26","CC-MABB26-84"
"CC-MABB26","CC-MABB26-96"
"CC-MABB26","CC-MABB26-108"
"CC-MABB26","CC-MABB26-120"
"CC-MABB26","CC-MABB26-CUS"
"CC-ROM","CC-MA3-FB"
"CC-ROM","CC-ROM-CAS"
"CC-ROM","CC-ROM-SFL"
"CC-ROM","CC-CD17-FB"
"CC-ROM","CC-CD38-FB"
"CC-ROM","CC-ROM-FSL"
"CC-ROM","CC-ROM-RLX"
"CC-ROM","CC-CD22-FB"
"CC-ROM","CC-TEALBB29-FB"
"CC-ROM","CC-MABB26-FB"
"CC-ROM","CC-MA7-FB"
"CC-ROM","CC-MASB81-FB"
"CC-ROM","CC-MA1-FB"
"CC-ROM","CC-MA6-FB"
"CC-ROM","CC-CD44-FB"
"CC-ROM","CC-CD35-FB"
"CC-ROM","CC-CD36-FB"
"CC-ROM","CC-CD37-FB"
"CC-ROM","CC-MA2-FB"
"CC-ROM","CC-MA8-FB"
"CC-ROM","CC-MA4-FB"
"CC-ROM","CC-CD14-FB"
"CC-ROM","CC-CD42-FB"
"CC-ROM","CC-MA5-FB"
"CC-ROM","CC-MAMGBB02-FB"
"CC-ROM","CC-SB73-FB"
"CC-ROM","CC-MABB32-FB"
"CC-ROM","CC-CD29-FB"
"CC-ROM","CC-CD43-FB"
"CC-ROM","CC-CD34-FB"
"CC-ROM","CC-MA71-FB"
"CC-ROM","CC-MASB78-FB"
"CC-ROM-1","CC-ROM-CAS"
"CC-ROM-1","CC-CD34-FB"
"CC-ROM-1","CC-CD36-FB"
"CC-ROM-1","CC-ROM-SFL"
"CC-ROM-1","CC-ROM-FSL"
"CC-ROM-1","CC-CD29-FB"
"CC-ROM-1","CC-CD43-FB"
"CC-ROM-1","CC-ROM-RLX"
"CC-ROM-1","CC-CD42-FB"
"CC-ROM-1","CC-CD35-FB"
"CC-ROM-1","CC-CD17-FB"
"CC-ROM-1","CC-CD44-FB"
"CC-ROM-1","CC-CD37-FB"
"CC-ROM-1","CC-CD38-FB"
"CC-ROM-1","CC-CD22-FB"
"CC-ROM-1","CC-CD14-FB"
"CC-ROM-1","CC-TEALBB29-FB"
"CC-ROM-1","CC-MABB26-FB"
"CC-ROM-1","CC-MAMGBB02-FB"
"CC-ROM-1","CC-MA3-FB"
"CC-ROM-1","CC-MA4-FB"
"CC-ROM-1","CC-MASB81-FB"
"CC-ROM-1","CC-MASB78-FB"
"CC-ROM-1","CC-MA2-FB"
"CC-ROM-1","CC-MABB32-FB"
"CC-ROM-1","CC-MA7-FB"
"CC-TEALBB29","CC-TEALBB29-84"
"CC-TEALBB29","CC-TEALBB29-96"
"CC-TEALBB29","CC-TEALBB29-108"
"CC-TEALBB29","CC-TEALBB29-120"
"CC-TEALBB29","CC-TEALBB29-CUS"
"CRC-MYTH04","CRC-MYTH04-84"
"CRC-MYTH04","CRC-MYTH04-96"
"CRC-MYTH04","CRC-MYTH04-108"
"CRC-MYTH04","CRC-MYTH04-120"
"CRC-MYTH04","CRC-MYTH04-CUS"
"CRC-MYTH14","CRC-MYTH14-84"
"CRC-MYTH14","CRC-MYTH14-96"
"CRC-MYTH14","CRC-MYTH14-108"
"CRC-MYTH14","CRC-MYTH14-120"
"CRC-MYTH14","CRC-MYTH14-CUS"
"CRC-MYTH72","CRC-MYTH72-84"
"CRC-MYTH72","CRC-MYTH72-96"
"CRC-MYTH72","CRC-MYTH72-108"
"CRC-MYTH72","CRC-MYTH72-120"
"CRC-MYTH72","CRC-MYTH72-CUS"
"CRC-MYTH73","CRC-MYTH73-84"
"CRC-MYTH73","CRC-MYTH73-96"
"CRC-MYTH73","CRC-MYTH73-108"
"CRC-MYTH73","CRC-MYTH73-120"
"CRC-MYTH73","CRC-MYTH73-CUS"
"CRC-MYTH79","CRC-MYTH79-84"
"CRC-MYTH79","CRC-MYTH79-96"
"CRC-MYTH79","CRC-MYTH79-108"
"CRC-MYTH79","CRC-MYTH79-120"
"CRC-MYTH79","CRC-MYTH79-CUS"
"CRC-MYTH809","CRC-MYTH809-84"
"CRC-MYTH809","CRC-MYTH809-96"
"CRC-MYTH809","CRC-MYTH809-108"
"CRC-MYTH809","CRC-MYTH809-120"
"CRC-MYTH809","CRC-MYTH809-CUS"
"CZCH-CTZ1","CZCH-CTZ1-84"
"CZCH-CTZ1","CZCH-CTZ1-96"
"CZCH-CTZ1","CZCH-CTZ1-108"
"CZCH-CTZ1","CZCH-CTZ1-120"
"CZCH-CTZ1","CZCH-CTZ1-CUS"
"CZCH-CTZ12","CZCH-CTZ12-84"
"CZCH-CTZ12","CZCH-CTZ12-96"
"CZCH-CTZ12","CZCH-CTZ12-108"
"CZCH-CTZ12","CZCH-CTZ12-120"
"CZCH-CTZ12","CZCH-CTZ12-CUS"
"CZCH-CTZ2","CZCH-CTZ2-84"
"CZCH-CTZ2","CZCH-CTZ2-96"
"CZCH-CTZ2","CZCH-CTZ2-108"
"CZCH-CTZ2","CZCH-CTZ2-120"
"CZCH-CTZ2","CZCH-CTZ2-CUS"
"CZCH-CTZ5","CZCH-CTZ5-84"
"CZCH-CTZ5","CZCH-CTZ5-96"
"CZCH-CTZ5","CZCH-CTZ5-108"
"CZCH-CTZ5","CZCH-CTZ5-120"
"CZCH-CTZ5","CZCH-CTZ5-CUS"
"CZCH-CTZ6","CZCH-CTZ6-84"
"CZCH-CTZ6","CZCH-CTZ6-96"
"CZCH-CTZ6","CZCH-CTZ6-108"
"CZCH-CTZ6","CZCH-CTZ6-120"
"CZCH-CTZ6","CZCH-CTZ6-CUS"
"CZCH-CTZ9","CZCH-CTZ9-84"
"CZCH-CTZ9","CZCH-CTZ9-96"
"CZCH-CTZ9","CZCH-CTZ9-108"
"CZCH-CTZ9","CZCH-CTZ9-120"
"CZCH-CTZ9","CZCH-CTZ9-CUS"
"DIS-ID1","DIS-ID1-84"
"DIS-ID1","DIS-ID1-96"
"DIS-ID1","DIS-ID1-108"
"DIS-ID1","DIS-ID1-120"
"DIS-ID1","DIS-ID1-CUS"
"DIS-ID112","DIS-ID112-84"
"DIS-ID112","DIS-ID112-96"
"DIS-ID112","DIS-ID112-108"
"DIS-ID112","DIS-ID112-120"
"DIS-ID112","DIS-ID112-CUS"
"DIS-ID124","DIS-ID124-84"
"DIS-ID124","DIS-ID124-96"
"DIS-ID124","DIS-ID124-108"
"DIS-ID124","DIS-ID124-120"
"DIS-ID124","DIS-ID124-CUS"
"DIS-ID15","DIS-ID15-84"
"DIS-ID15","DIS-ID15-96"
"DIS-ID15","DIS-ID15-108"
"DIS-ID15","DIS-ID15-120"
"DIS-ID15","DIS-ID15-CUS"
"DIS-ID20","DIS-ID20-84"
"DIS-ID20","DIS-ID20-96"
"DIS-ID20","DIS-ID20-108"
"DIS-ID20","DIS-ID20-120"
"DIS-ID20","DIS-ID20-CUS"
"DIS-ID221","DIS-ID221-84"
"DIS-ID221","DIS-ID221-96"
"DIS-ID221","DIS-ID221-108"
"DIS-ID221","DIS-ID221-120"
"DIS-ID221","DIS-ID221-CUS"
"DIS-ID224","DIS-ID224-84"
"DIS-ID224","DIS-ID224-96"
"DIS-ID224","DIS-ID224-108"
"DIS-ID224","DIS-ID224-120"
"DIS-ID224","DIS-ID224-CUS"
"DIS-ID37","DIS-ID37-84"
"DIS-ID37","DIS-ID37-96"
"DIS-ID37","DIS-ID37-108"
"DIS-ID37","DIS-ID37-120"
"DIS-ID37","DIS-ID37-CUS"
"DIS-ID50","DIS-ID50-CUS"
"DIS-ID50","DIS-ID50-84"
"DIS-ID50","DIS-ID50-96"
"DIS-ID50","DIS-ID50-108"
"DIS-ID50","DIS-ID50-120"
"DIS-ID511","DIS-ID511-84"
"DIS-ID511","DIS-ID511-96"
"DIS-ID511","DIS-ID511-108"
"DIS-ID511","DIS-ID511-120"
"DIS-ID511","DIS-ID511-CUS"
"DIS-ID68","DIS-ID68-84"
"DIS-ID68","DIS-ID68-96"
"DIS-ID68","DIS-ID68-108"
"DIS-ID68","DIS-ID68-120"
"DIS-ID68","DIS-ID68-CUS"
"DIS-ID7727","DIS-ID7727-84"
"DIS-ID7727","DIS-ID7727-96"
"DIS-ID7727","DIS-ID7727-108"
"DIS-ID7727","DIS-ID7727-120"
"DIS-ID7727","DIS-ID7727-CUS"
"DIS-ID7806","DIS-ID7806-84"
"DIS-ID7806","DIS-ID7806-96"
"DIS-ID7806","DIS-ID7806-108"
"DIS-ID7806","DIS-ID7806-120"
"DIS-ID7806","DIS-ID7806-CUS"
"DIS-ID7906","DIS-ID7906-84"
"DIS-ID7906","DIS-ID7906-96"
"DIS-ID7906","DIS-ID7906-108"
"DIS-ID7906","DIS-ID7906-120"
"DIS-ID7906","DIS-ID7906-CUS"
"DIS-ID9","DIS-ID9-84"
"DIS-ID9","DIS-ID9-96"
"DIS-ID9","DIS-ID9-108"
"DIS-ID9","DIS-ID9-120"
"DIS-ID9","DIS-ID9-CUS"
"DIS-ROM","DIS-ID7727-FB"
"DIS-ROM","DIS-ID20-FB"
"DIS-ROM","DIS-ID15-FB"
"DIS-ROM","DIS-ID1-FB"
"DIS-ROM","DIS-ID224-FB"
"DIS-ROM","DIS-ID124-FB"
"DIS-ROM","DIS-ID37-FB"
"DIS-ROM","DIS-ID221-FB"
"DIS-ROM","DIS-ID7906-FB"
"DIS-ROM","DIS-ID511-FB"
"DIS-ROM","DIS-ID68-FB"
"DIS-ROM","DIS-ID7806-FB"
"DIS-ROM","DIS-ID112-FB"
"DIS-ROM","DIS-ID9-FB"
"DIS-ROM","DIS-ID50-FB"
"DS-ASST100","DS-ASST100-84"
"DS-ASST100","DS-ASST100-96"
"DS-ASST100","DS-ASST100-108"
"DS-ASST100","DS-ASST100-120"
"DS-ASST100","DS-ASST100-CUS"
"DS-CHX14","DS-CHX14-84"
"DS-CHX14","DS-CHX14-96"
"DS-CHX14","DS-CHX14-108"
"DS-CHX14","DS-CHX14-120"
"DS-CHX14","DS-CHX14-CUS"
"DS-CHX4","DS-CHX4-84"
"DS-CHX4","DS-CHX4-96"
"DS-CHX4","DS-CHX4-108"
"DS-CHX4","DS-CHX4-120"
"DS-CHX4","DS-CHX4-CUS"
"DS-D12012","DS-D12012-84"
"DS-D12012","DS-D12012-96"
"DS-D12012","DS-D12012-108"
"DS-D12012","DS-D12012-120"
"DS-D12012","DS-D12012-CUS"
"DS-D22012","DS-D22012-84"
"DS-D22012","DS-D22012-96"
"DS-D22012","DS-D22012-108"
"DS-D22012","DS-D22012-120"
"DS-D22012","DS-D22012-CUS"
"DS-D32012","DS-D32012-84"
"DS-D32012","DS-D32012-96"
"DS-D32012","DS-D32012-108"
"DS-D32012","DS-D32012-120"
"DS-D32012","DS-D32012-CUS"
"DS-D42012","DS-D42012-84"
"DS-D42012","DS-D42012-96"
"DS-D42012","DS-D42012-108"
"DS-D42012","DS-D42012-120"
"DS-D42012","DS-D42012-CUS"
"DS-DST2","DS-DST2-84"
"DS-DST2","DS-DST2-96"
"DS-DST2","DS-DST2-108"
"DS-DST2","DS-DST2-120"
"DS-DST2","DS-DST2-CUS"
"DS-DST4","DS-DST4-84"
"DS-DST4","DS-DST4-96"
"DS-DST4","DS-DST4-108"
"DS-DST4","DS-DST4-120"
"DS-DST4","DS-DST4-CUS"
"DS-DUPST1","DS-DUPST1-84"
"DS-DUPST1","DS-DUPST1-96"
"DS-DUPST1","DS-DUPST1-108"
"DS-DUPST1","DS-DUPST1-120"
"DS-DUPST1","DS-DUPST1-CUS"
"DS-DXB20","DS-DXB20-84"
"DS-DXB20","DS-DXB20-96"
"DS-DXB20","DS-DXB20-108"
"DS-DXB20","DS-DXB20-120"
"DS-DXB20","DS-DXB20-CUS"
"DS-DXB66","DS-DXB66-84"
"DS-DXB66","DS-DXB66-96"
"DS-DXB66","DS-DXB66-108"
"DS-DXB66","DS-DXB66-120"
"DS-DXB66","DS-DXB66-CUS"
"DS-DXB69","DS-DXB69-84"
"DS-DXB69","DS-DXB69-96"
"DS-DXB69","DS-DXB69-108"
"DS-DXB69","DS-DXB69-120"
"DS-DXB69","DS-DXB69-CUS"
"DS-EFCH10A","DS-EFCH10A-84"
"DS-EFCH10A","DS-EFCH10A-96"
"DS-EFCH10A","DS-EFCH10A-108"
"DS-EFCH10A","DS-EFCH10A-120"
"DS-EFCH10A","DS-EFCH10A-CUS"
"DS-EFCH14-1","DS-EFCH14-84"
"DS-EFCH14-1","DS-EFCH14-96"
"DS-EFCH14-1","DS-EFCH14-108"
"DS-EFCH14-1","DS-EFCH14-120"
"DS-EFCH14-1","DS-EFCH14-CUS"
"DS-EFCH38","DS-EFCH38-84"
"DS-EFCH38","DS-EFCH38-96"
"DS-EFCH38","DS-EFCH38-108"
"DS-EFCH38","DS-EFCH38-120"
"DS-EFCH38","DS-EFCH38-CUS"
"DS-EMBS20131","DS-EMBS20131-84"
"DS-EMBS20131","DS-EMBS20131-96"
"DS-EMBS20131","DS-EMBS20131-108"
"DS-EMBS20131","DS-EMBS20131-120"
"DS-EMBS20131","SS-SPW28-CUS"
"DS-EMBS201310","DS-EMBS201310-84"
"DS-EMBS201310","DS-EMBS201310-96"
"DS-EMBS201310","DS-EMBS201310-108"
"DS-EMBS201310","DS-EMBS201310-120"
"DS-EMBS201310","DS-EMBS201310-CUS"
"DS-EMBS201311","DS-EMBS201311-84"
"DS-EMBS201311","DS-EMBS201311-96"
"DS-EMBS201311","DS-EMBS201311-108"
"DS-EMBS201311","DS-EMBS201311-120"
"DS-EMBS201311","DS-EMBS201311-CUS"
"DS-EMBS201312","DS-EMBS201312-84"
"DS-EMBS201312","DS-EMBS201312-96"
"DS-EMBS201312","DS-EMBS201312-108"
"DS-EMBS201312","DS-EMBS201312-120"
"DS-EMBS201312","DS-EMBS201312-CUS"
"DS-EMBS201313","DS-EMBS201313-84"
"DS-EMBS201313","DS-EMBS201313-96"
"DS-EMBS201313","DS-EMBS201313-108"
"DS-EMBS201313","DS-EMBS201313-120"
"DS-EMBS201313","DS-EMBS201313-CUS"
"DS-EMBS201314","DS-EMBS201314-84"
"DS-EMBS201314","DS-EMBS201314-96"
"DS-EMBS201314","DS-EMBS201314-108"
"DS-EMBS201314","DS-EMBS201314-120"
"DS-EMBS201314","DS-EMBS201314-CUS"
"DS-EMBS201315","DS-EMBS201315-84"
"DS-EMBS201315","DS-EMBS201315-96"
"DS-EMBS201315","DS-EMBS201315-108"
"DS-EMBS201315","DS-EMBS201315-120"
"DS-EMBS201315","DS-EMBS201315-CUS"
"DS-EMBS201316","DS-EMBS201316-84"
"DS-EMBS201316","DS-EMBS201316-96"
"DS-EMBS201316","DS-EMBS201316-108"
"DS-EMBS201316","DS-EMBS201316-120"
"DS-EMBS201316","DS-EMBS201316-CUS"
"DS-EMBS201317","DS-EMBS201317-84"
"DS-EMBS201317","DS-EMBS201317-96"
"DS-EMBS201317","DS-EMBS201317-108"
"DS-EMBS201317","DS-EMBS201317-120"
"DS-EMBS201317","DS-EMBS201317-CUS"
"DS-EMBS201318","DS-EMBS201318-84"
"DS-EMBS201318","DS-EMBS201318-96"
"DS-EMBS201318","DS-EMBS201318-108"
"DS-EMBS201318","DS-EMBS201318-120"
"DS-EMBS201318","DS-EMBS201318-CUS"
"DS-EMBS201319","DS-EMBS201319-84"
"DS-EMBS201319","DS-EMBS201319-96"
"DS-EMBS201319","DS-EMBS201319-108"
"DS-EMBS201319","DS-EMBS201319-120"
"DS-EMBS201319","DS-EMBS201319-CUS"
"DS-EMBS20132","DS-EMBS20132-84"
"DS-EMBS20132","DS-EMBS20132-96"
"DS-EMBS20132","DS-EMBS20132-108"
"DS-EMBS20132","DS-EMBS20132-120"
"DS-EMBS20132","DS-EMBS20132-CUS"
"DS-EMBS201320","DS-EMBS201320-84"
"DS-EMBS201320","DS-EMBS201320-96"
"DS-EMBS201320","DS-EMBS201320-108"
"DS-EMBS201320","DS-EMBS201320-120"
"DS-EMBS201320","DS-EMBS201320-CUS"
"DS-EMBS201321","DS-EMBS201321-84"
"DS-EMBS201321","DS-EMBS201321-96"
"DS-EMBS201321","DS-EMBS201321-108"
"DS-EMBS201321","DS-EMBS201321-120"
"DS-EMBS201321","DS-EMBS201321-CUS"
"DS-EMBS201322","DS-EMBS201322-84"
"DS-EMBS201322","DS-EMBS201322-96"
"DS-EMBS201322","DS-EMBS201322-108"
"DS-EMBS201322","DS-EMBS201322-120"
"DS-EMBS201322","DS-EMBS201322-CUS"
"DS-EMBS201323","DS-EMBS201323-84"
"DS-EMBS201323","DS-EMBS201323-96"
"DS-EMBS201323","DS-EMBS201323-108"
"DS-EMBS201323","DS-EMBS201323-120"
"DS-EMBS201323","DS-EMBS201323-CUS"
"DS-EMBS201324","DS-EMBS201324-96"
"DS-EMBS201324","DS-EMBS201324-108"
"DS-EMBS201324","DS-EMBS201324-CUS"
"DS-EMBS20133","DS-EMBS20133-84"
"DS-EMBS20133","DS-EMBS20133-96"
"DS-EMBS20133","DS-EMBS20133-108"
"DS-EMBS20133","DS-EMBS20133-120"
"DS-EMBS20133","DS-EMBS20133-CUS"
"DS-EMBS20134","DS-EMBS20134-84"
"DS-EMBS20134","DS-EMBS20134-96"
"DS-EMBS20134","DS-EMBS20134-108"
"DS-EMBS20134","DS-EMBS20134-120"
"DS-EMBS20134","DS-EMBS20134-CUS"
"DS-EMBS20135","DS-EMBS20135-84"
"DS-EMBS20135","DS-EMBS20135-96"
"DS-EMBS20135","DS-EMBS20135-108"
"DS-EMBS20135","DS-EMBS20135-120"
"DS-EMBS20135","DS-EMBS20135-CUS"
"DS-EMBS20136","DS-EMBS20136-84"
"DS-EMBS20136","DS-EMBS20136-96"
"DS-EMBS20136","DS-EMBS20136-108"
"DS-EMBS20136","DS-EMBS20136-120"
"DS-EMBS20136","DS-EMBS20136-CUS"
"DS-EMBS20137","DS-EMBS20137-84"
"DS-EMBS20137","DS-EMBS20137-96"
"DS-EMBS20137","DS-EMBS20137-108"
"DS-EMBS20137","DS-EMBS20137-120"
"DS-EMBS20137","DS-EMBS20137-CUS"
"DS-EMBS20138","DS-EMBS20138-84"
"DS-EMBS20138","DS-EMBS20138-96"
"DS-EMBS20138","DS-EMBS20138-108"
"DS-EMBS20138","DS-EMBS20138-120"
"DS-EMBS20138","DS-EMBS20138-CUS"
"DS-EMBS204411","PTSCH1-11093-63"
"DS-MDSTK2","DS-MDSTK2-84"
"DS-MDSTK2","DS-MDSTK2-96"
"DS-MDSTK2","DS-MDSTK2-108"
"DS-MDSTK2","DS-MDSTK2-120"
"DS-MDSTK2","DS-MDSTK2-CUS"
"DS-MDSTK5","DS-MDSTK5-84"
"DS-MDSTK5","DS-MDSTK5-96"
"DS-MDSTK5","DS-MDSTK5-108"
"DS-MDSTK5","DS-MDSTK5-120"
"DS-MDSTK5","DS-MDSTK5-CUS"
"DS-MSTK1","DS-MSTK1-84"
"DS-MSTK1","DS-MSTK1-96"
"DS-MSTK1","DS-MSTK1-108"
"DS-MSTK1","DS-MSTK1-120"
"DS-MSTK1","DS-MSTK1-CUS"
"DS-MSTK4","DS-MSTK4-84"
"DS-MSTK4","DS-MSTK4-96"
"DS-MSTK4","DS-MSTK4-108"
"DS-MSTK4","DS-MSTK4-120"
"DS-MSTK4","DS-MSTK4-CUS"
"DS-MSTK5","DS-MSTK5-84"
"DS-MSTK5","DS-MSTK5-96"
"DS-MSTK5","DS-MSTK5-108"
"DS-MSTK5","DS-MSTK5-120"
"DS-MSTK5","DS-MSTK5-CUS"
"DS-PS001","DS-PS001-84"
"DS-PS001","DS-PS001-96"
"DS-PS001","DS-PS001-108"
"DS-PS001","DS-PS001-CUS"
"DS-PS002","DS-PS002-84"
"DS-PS002","DS-PS002-96"
"DS-PS002","DS-PS002-108"
"DS-PS002","DS-PS002-120"
"DS-PS002","DS-PS002-CUS"
"DS-PS003","DS-PS003-84"
"DS-PS003","DS-PS003-96"
"DS-PS003","DS-PS003-108"
"DS-PS003","DS-PS003-120"
"DS-PS003","DS-PS003-CUS"
"DS-ROM","DS-ROM-CAS"
"DS-ROM","DS-ROM-SFL"
"DS-ROM","DS-TS002-FB"
"DS-ROM","DS-TS001-FB"
"DS-ROM","DS-ROM-FSL"
"DS-ROM","DS-ROM-RLX"
"DS-ROM","DS-SLK02-FB"
"DS-ROM","DS-PS002-FB"
"DS-ROM","DS-PS003-FB"
"DS-ROM","DS-PS001-FB"
"DS-ROM","DS-SLK196-FB"
"DS-ROM","DS-SLK83-FB"
"DS-ROM","DS-SLK50-FB"
"DS-ROM","DS-DST2-FB"
"DS-ROM","DS-DST4-FB"
"DS-ROM","DS-TF708-FB"
"DS-ROM","DS-TF959-FB"
"DS-ROM","DS-ASST100-FB"
"DS-ROM","DS-MDSTK5-FB"
"DS-ROM","DS-D42012-FB"
"DS-ROM","DS-DUPST1-FB"
"DS-ROM","DS-D12012-FB"
"DS-ROM","DS-TFSN25-FB"
"DS-ROM","DS-DXB69-FB"
"DS-ROM","DS-TF926-FB"
"DS-ROM","DS-TF514-FB"
"DS-ROM","DS-TF940-FB"
"DS-ROM","DS-SDG6-FB"
"DS-ROM","DS-TFSN30-FB"
"DS-ROM","DS-DXB66-FB"
"DS-ROM","DS-MSTK4-FB"
"DS-ROM","DS-TFSN33-FB"
"DS-ROM","DS-TF944-FB"
"DS-ROM","DS-MSTK5-FB"
"DS-ROM","DS-DXB20-FB"
"DS-ROM","DS-SLK136-FB"
"DS-ROM","DS-SSL28-FB"
"DS-ROM","DS-D32012-FB"
"DS-ROM","DS-MDSTK2-FB"
"DS-ROM","DS-CHX4-FB"
"DS-ROM","DS-CHX14-FB"
"DS-ROM","DS-SLK33-FB"
"DS-ROM","DS-EFCH14-FB"
"DS-ROM","DS-EFCH38-FB"
"DS-ROM","DS-EFCH10A-FB"
"DS-ROM","DS-D22012-FB"
"DS-ROM","DS-TLT17-FB"
"DS-SDG6","DS-SDG6-84"
"DS-SDG6","DS-SDG6-96"
"DS-SDG6","DS-SDG6-108"
"DS-SDG6","DS-SDG6-120"
"DS-SDG6","DS-SDG6-CUS"
"DS-SLK02","DS-SLK02-84"
"DS-SLK02","DS-SLK02-96"
"DS-SLK02","DS-SLK02-108"
"DS-SLK02","DS-SLK02-120"
"DS-SLK02","DS-SLK02-CUS"
"DS-SLK136","DS-SLK136-84"
"DS-SLK136","DS-SLK136-96"
"DS-SLK136","DS-SLK136-108"
"DS-SLK136","DS-SLK136-120"
"DS-SLK136","DS-SLK136-CUS"
"DS-SLK196","DS-SLK196-84"
"DS-SLK196","DS-SLK196-96"
"DS-SLK196","DS-SLK196-108"
"DS-SLK196","DS-SLK196-120"
"DS-SLK196","DS-SLK196-CUS"
"DS-SLK33","DS-SLK33-84"
"DS-SLK33","DS-SLK33-96"
"DS-SLK33","DS-SLK33-108"
"DS-SLK33","DS-SLK33-120"
"DS-SLK33","DS-SLK33-CUS"
"DS-SLK50","DS-SLK50-CUS"
"DS-SLK83","DS-SLK83-84"
"DS-SLK83","DS-SLK83-96"
"DS-SLK83","DS-SLK83-108"
"DS-SLK83","DS-SLK83-120"
"DS-SLK83","DS-SLK83-CUS"
"DS-SSL28","DS-SSL28-84"
"DS-SSL28","DS-SSL28-96"
"DS-SSL28","DS-SSL28-108"
"DS-SSL28","DS-SSL28-120"
"DS-SSL28","DS-SSL28-CUS"
"DS-TF514","DS-TF514-84"
"DS-TF514","DS-TF514-96"
"DS-TF514","DS-TF514-108"
"DS-TF514","DS-TF514-120"
"DS-TF514","DS-TF514-CUS"
"DS-TF708","DS-TF708-84"
"DS-TF708","DS-TF708-96"
"DS-TF708","DS-TF708-108"
"DS-TF708","DS-TF708-120"
"DS-TF708","DS-TF708-CUS"
"DS-TF926","DS-TF926-84"
"DS-TF926","DS-TF926-96"
"DS-TF926","DS-TF926-108"
"DS-TF926","DS-TF926-120"
"DS-TF926","DS-TF926-CUS"
"DS-TF940","DS-TF940-84"
"DS-TF940","DS-TF940-96"
"DS-TF940","DS-TF940-108"
"DS-TF940","DS-TF940-120"
"DS-TF940","DS-TF940-CUS"
"DS-TF944","DS-TF944-84"
"DS-TF944","DS-TF944-96"
"DS-TF944","DS-TF944-108"
"DS-TF944","DS-TF944-120"
"DS-TF944","DS-TF944-CUS"
"DS-TF959","DS-TF959-84"
"DS-TF959","DS-TF959-96"
"DS-TF959","DS-TF959-108"
"DS-TF959","DS-TF959-120"
"DS-TF959","DS-TF959-CUS"
"DS-TFSN25","DS-TFSN25-84"
"DS-TFSN25","DS-TFSN25-96"
"DS-TFSN25","DS-TFSN25-108"
"DS-TFSN25","DS-TFSN25-120"
"DS-TFSN25","DS-TFSN25-CUS"
"DS-TFSN30","DS-TFSN30-84"
"DS-TFSN30","DS-TFSN30-96"
"DS-TFSN30","DS-TFSN30-108"
"DS-TFSN30","DS-TFSN30-120"
"DS-TFSN30","DS-TFSN30-CUS"
"DS-TFSN33","DS-TFSN33-84"
"DS-TFSN33","DS-TFSN33-96"
"DS-TFSN33","DS-TFSN33-108"
"DS-TFSN33","DS-TFSN33-120"
"DS-TFSN33","DS-TFSN33-CUS"
"DS-TLT17","DS-TLT17-84"
"DS-TLT17","DS-TLT17-96"
"DS-TLT17","DS-TLT17-108"
"DS-TLT17","DS-TLT17-120"
"DS-TLT17","DS-TLT17-CUS"
"DS-TS001","DS-TS001-84"
"DS-TS001","DS-TS001-96"
"DS-TS001","DS-TS001-108"
"DS-TS001","DS-TS001-120"
"DS-TS001","DS-TS001-CUS"
"DS-TS002","DS-TS002-84"
"DS-TS002","DS-TS002-96"
"DS-TS002","DS-TS002-108"
"DS-TS002","DS-TS002-120"
"DS-TS002","DS-TS002-CUS"
"EFSCH-20134A","EFSCH-20134A-84"
"EFSCH-20134A","EFSCH-20134A-96"
"EFSCH-20134A","EFSCH-20134A-108"
"EFSCH-20134A","EFSCH-20134A-120"
"EFSCH-20134A","EFSCH-20134A-CUS"
"EFSCH-20134B","EFSCH-20134B-84"
"EFSCH-20134B","EFSCH-20134B-96"
"EFSCH-20134B","EFSCH-20134B-108"
"EFSCH-20134B","EFSCH-20134B-120"
"EFSCH-20134B","EFSCH-20134B-CUS"
"EFSCH-20134C","EFSCH-20134C-84"
"EFSCH-20134C","EFSCH-20134C-96"
"EFSCH-20134C","EFSCH-20134C-108"
"EFSCH-20134C","EFSCH-20134C-120"
"EFSCH-20134C","EFSCH-20134C-CUS"
"EFSCH-20134D1","EFSCH-20134D1-84"
"EFSCH-20134D1","EFSCH-20134D1-96"
"EFSCH-20134D1","EFSCH-20134D1-108"
"EFSCH-20134D1","EFSCH-20134D1-120"
"EFSCH-20134D1","EFSCH-20134D1-CUS"
"EFSCH-20134D2","EFSCH-20134D2-84"
"EFSCH-20134D2","EFSCH-20134D2-96"
"EFSCH-20134D2","EFSCH-20134D2-108"
"EFSCH-20134D2","EFSCH-20134D2-120"
"EFSCH-20134D2","EFSCH-20134D2-CUS"
"EFSCH-20134E1","EFSCH-20134E1-84"
"EFSCH-20134E1","EFSCH-20134E1-96"
"EFSCH-20134E1","EFSCH-20134E1-108"
"EFSCH-20134E1","EFSCH-20134E1-120"
"EFSCH-20134E1","EFSCH-20134E1-CUS"
"EFSCH-20134E2","EFSCH-20134E2-84"
"EFSCH-20134E2","EFSCH-20134E2-96"
"EFSCH-20134E2","EFSCH-20134E2-108"
"EFSCH-20134E2","EFSCH-20134E2-120"
"EFSCH-20134E2","EFSCH-20134E2-CUS"
"EFSCH-20134F1","EFSCH-20134F1-84"
"EFSCH-20134F1","EFSCH-20134F1-96"
"EFSCH-20134F1","EFSCH-20134F1-108"
"EFSCH-20134F1","EFSCH-20134F1-120"
"EFSCH-20134F1","EFSCH-20134F1-CUS"
"EFSCH-20134G1","EFSCH-20134G1-84"
"EFSCH-20134G1","EFSCH-20134G1-96"
"EFSCH-20134G1","EFSCH-20134G1-108"
"EFSCH-20134G1","EFSCH-20134G1-120"
"EFSCH-20134G1","EFSCH-20134G1-CUS"
"EFSCH-20136A","EFSCH-20136A-84"
"EFSCH-20136A","EFSCH-20136A-96"
"EFSCH-20136A","EFSCH-20136A-108"
"EFSCH-20136A","EFSCH-20136A-120"
"EFSCH-20136A","EFSCH-20136A-CUS"
"EFSCH-20136B","EFSCH-20136B-84"
"EFSCH-20136B","EFSCH-20136B-96"
"EFSCH-20136B","EFSCH-20136B-108"
"EFSCH-20136B","EFSCH-20136B-120"
"EFSCH-20136B","EFSCH-20136B-CUS"
"EFSCH-20136B","EFSCH-20136B-63"
"EFSCH-AL450C1","EFSCH-AL450C1-84"
"EFSCH-AL450C1","EFSCH-AL450C1-96"
"EFSCH-AL450C1","EFSCH-AL450C1-108"
"EFSCH-AL450C1","EFSCH-AL450C1-120"
"EFSCH-AL450C1","EFSCH-AL450C1-CUS"
"EFSCH-AL450C2","EFSCH-AL450C2-84"
"EFSCH-AL450C2","EFSCH-AL450C2-96"
"EFSCH-AL450C2","EFSCH-AL450C2-108"
"EFSCH-AL450C2","EFSCH-AL450C2-120"
"EFSCH-AL450C2","EFSCH-AL450C2-CUS"
"EFSCH-AL450C3","EFSCH-AL450C3-84"
"EFSCH-AL450C3","EFSCH-AL450C3-96"
"EFSCH-AL450C3","EFSCH-AL450C3-108"
"EFSCH-AL450C3","EFSCH-AL450C3-120"
"EFSCH-AL450C3","EFSCH-AL450C3-CUS"
"EFSCH-AL450C4","EFSCH-AL450C4-84"
"EFSCH-AL450C4","EFSCH-AL450C4-96"
"EFSCH-AL450C4","EFSCH-AL450C4-108"
"EFSCH-AL450C4","EFSCH-AL450C4-120"
"EFSCH-AL450C4","EFSCH-AL450C4-CUS"
"EFSCH-PLK850C1","EFSCH-PLK850C1-84"
"EFSCH-PLK850C1","EFSCH-PLK850C1-96"
"EFSCH-PLK850C1","EFSCH-PLK850C1-108"
"EFSCH-PLK850C1","EFSCH-PLK850C1-120"
"EFSCH-PLK850C1","EFSCH-PLK850C1-CUS"
"EFSCH-PLK850C2","EFSCH-PLK850C2-84"
"EFSCH-PLK850C2","EFSCH-PLK850C2-96"
"EFSCH-PLK850C2","EFSCH-PLK850C2-108"
"EFSCH-PLK850C2","EFSCH-PLK850C2-120"
"EFSCH-PLK850C2","EFSCH-PLK850C2-CUS"
"EFSCH-PLK850C3","EFSCH-PLK850C3-84"
"EFSCH-PLK850C3","EFSCH-PLK850C3-96"
"EFSCH-PLK850C3","EFSCH-PLK850C3-108"
"EFSCH-PLK850C3","EFSCH-PLK850C3-120"
"EFSCH-PLK850C3","EFSCH-PLK850C3-CUS"
"EFSCH-PLK850C4","EFSCH-PLK850C4-84"
"EFSCH-PLK850C4","EFSCH-PLK850C4-96"
"EFSCH-PLK850C4","EFSCH-PLK850C4-108"
"EFSCH-PLK850C4","EFSCH-PLK850C4-120"
"EFSCH-PLK850C4","EFSCH-PLK850C4-CUS"
"EFSCH-PLK850C5","EFSCH-PLK850C5-84"
"EFSCH-PLK850C5","EFSCH-PLK850C5-96"
"EFSCH-PLK850C5","EFSCH-PLK850C5-108"
"EFSCH-PLK850C5","EFSCH-PLK850C5-120"
"EFSCH-PLK850C5","EFSCH-PLK850C5-CUS"
"FHLCH-314043","FHLCH-314043-84"
"FHLCH-314043","FHLCH-314043-96"
"FHLCH-314043","FHLCH-314043-108"
"FHLCH-314043","FHLCH-314043-120"
"FHLCH-314043","FHLCH-314043-CUS"
"FHLCH-314044","FHLCH-314044-84"
"FHLCH-314044","FHLCH-314044-96"
"FHLCH-314044","FHLCH-314044-108"
"FHLCH-314044","FHLCH-314044-120"
"FHLCH-314044","FHLCH-314044-CUS"
"FHLCH-314047","FHLCH-314047-84"
"FHLCH-314047","FHLCH-314047-96"
"FHLCH-314047","FHLCH-314047-108"
"FHLCH-314047","FHLCH-314047-120"
"FHLCH-314047","FHLCH-314047-CUS"
"FHLCH-314048","FHLCH-314048-84"
"FHLCH-314048","FHLCH-314048-96"
"FHLCH-314048","FHLCH-314048-108"
"FHLCH-314048","FHLCH-314048-120"
"FHLCH-314048","FHLCH-314048-CUS"
"FHLCH-314052","FHLCH-314052-84"
"FHLCH-314052","FHLCH-314052-96"
"FHLCH-314052","FHLCH-314052-108"
"FHLCH-314052","FHLCH-314052-120"
"FHLCH-314052","FHLCH-314052-CUS"
"FHLCH-314053","FHLCH-314053-84"
"FHLCH-314053","FHLCH-314053-96"
"FHLCH-314053","FHLCH-314053-108"
"FHLCH-314053","FHLCH-314053-120"
"FHLCH-314053","FHLCH-314053-CUS"
"FHLCH-314055","FHLCH-314055-84"
"FHLCH-314055","FHLCH-314055-96"
"FHLCH-314055","FHLCH-314055-108"
"FHLCH-314055","FHLCH-314055-120"
"FHLCH-314055","FHLCH-314055-CUS"
"FHLCH-416016","FHLCH-416016-84"
"FHLCH-416016","FHLCH-416016-96"
"FHLCH-416016","FHLCH-416016-108"
"FHLCH-416016","FHLCH-416016-120"
"FHLCH-416016","FHLCH-416016-CUS"
"FHLCH-416017","FHLCH-416017-84"
"FHLCH-416017","FHLCH-416017-96"
"FHLCH-416017","FHLCH-416017-108"
"FHLCH-416017","FHLCH-416017-120"
"FHLCH-416017","FHLCH-416017-CUS"
"FHLCH-416018","FHLCH-416018-84"
"FHLCH-416018","FHLCH-416018-96"
"FHLCH-416018","FHLCH-416018-108"
"FHLCH-416018","FHLCH-416018-120"
"FHLCH-416018","FHLCH-416018-CUS"
"FHLCH-416019","FHLCH-416019-84"
"FHLCH-416019","FHLCH-416019-96"
"FHLCH-416019","FHLCH-416019-108"
"FHLCH-416019","FHLCH-416019-120"
"FHLCH-416019","FHLCH-416019-CUS"
"FHLCH-416020","FHLCH-416020-84"
"FHLCH-416020","FHLCH-416020-96"
"FHLCH-416020","FHLCH-416020-108"
"FHLCH-416020","FHLCH-416020-120"
"FHLCH-416020","FHLCH-416020-CUS"
"FHLCH-YL3008","FHLCH-YL3008-84"
"FHLCH-YL3008","FHLCH-YL3008-96"
"FHLCH-YL3008","FHLCH-YL3008-108"
"FHLCH-YL3008","FHLCH-YL3008-120"
"FHLCH-YL3008","FHLCH-YL3008-CUS"
"FHLCH-YL3010B","FHLCH-YL3010B-84"
"FHLCH-YL3010B","FHLCH-YL3010B-96"
"FHLCH-YL3010B","FHLCH-YL3010B-108"
"FHLCH-YL3010B","FHLCH-YL3010B-120"
"FHLCH-YL3010B","FHLCH-YL3010B-CUS"
"FHLCH-YL3012","FHLCH-YL3012-84"
"FHLCH-YL3012","FHLCH-YL3012-96"
"FHLCH-YL3012","FHLCH-YL3012-108"
"FHLCH-YL3012","FHLCH-YL3012-120"
"FHLCH-YL3012","FHLCH-YL3012-CUS"
"FHLCH-YL3022","FHLCH-YL3022-84"
"FHLCH-YL3022","FHLCH-YL3022-96"
"FHLCH-YL3022","FHLCH-YL3022-108"
"FHLCH-YL3022","FHLCH-YL3022-120"
"FHLCH-YL3022","FHLCH-YL3022-CUS"
"FHLCH-YL5003","FHLCH-YL5003-84"
"FHLCH-YL5003","FHLCH-YL5003-96"
"FHLCH-YL5003","FHLCH-YL5003-108"
"FHLCH-YL5003","FHLCH-YL5003-120"
"FHLCH-YL5003","FHLCH-YL5003-CUS"
"FHLCH-YL7176203","FHLCH-YL7176203-84"
"FHLCH-YL7176203","FHLCH-YL7176203-96"
"FHLCH-YL7176203","FHLCH-YL7176203-108"
"FHLCH-YL7176203","FHLCH-YL7176203-120"
"FHLCH-YL7176203","FHLCH-YL7176203-CUS"
"FHLCH-YL7176209","FHLCH-YL7176209-84"
"FHLCH-YL7176209","FHLCH-YL7176209-96"
"FHLCH-YL7176209","FHLCH-YL7176209-108"
"FHLCH-YL7176209","FHLCH-YL7176209-120"
"FHLCH-YL7176209","FHLCH-YL7176209-CUS"
"FHLCH-YL7176217","FHLCH-YL7176217-84"
"FHLCH-YL7176217","FHLCH-YL7176217-96"
"FHLCH-YL7176217","FHLCH-YL7176217-108"
"FHLCH-YL7176217","FHLCH-YL7176217-120"
"FHLCH-YL7176217","FHLCH-YL7176217-CUS"
"FHLCH-YL7178103","FHLCH-YL7178103-84"
"FHLCH-YL7178103","FHLCH-YL7178103-96"
"FHLCH-YL7178103","FHLCH-YL7178103-108"
"FHLCH-YL7178103","FHLCH-YL7178103-120"
"FHLCH-YL7178103","FHLCH-YL7178103-CUS"
"FHLCH-YL7178109","FHLCH-YL7178109-84"
"FHLCH-YL7178109","FHLCH-YL7178109-96"
"FHLCH-YL7178109","FHLCH-YL7178109-108"
"FHLCH-YL7178109","FHLCH-YL7178109-120"
"FHLCH-YL7178109","FHLCH-YL7178109-CUS"
"FHLCH-YL7178117","FHLCH-YL7178117-84"
"FHLCH-YL7178117","FHLCH-YL7178117-96"
"FHLCH-YL7178117","FHLCH-YL7178117-108"
"FHLCH-YL7178117","FHLCH-YL7178117-120"
"FHLCH-YL7178117","FHLCH-YL7178117-CUS"
"HDW-2042-80-WP","HDW-HG-2035-81-WP-8"
"HDW-2042-80-WP","HDW-HG-2035-81-WP-6"
"HDW-2042-80-WP","HDW-HG-2035-81-WP-4"
"HDW-3032","HDW-AB-3032-22"
"HDW-3032","HDW-HG-3032-12"
"HDW-3046","HDW-AB-3046-22"
"HDW-3046","HDW-HG-3046-12"
"HDW-3049","HDW-AB-3049-22"
"HDW-3049","HDW-HG-3049-12"
"HDW-3058","HDW-AB-3058-22"
"HDW-3058","HDW-HG-3058-12"
"HDW-3588","HDW-AB-3588-22"
"HDW-3588","HDW-HG-3588-12"
"HDW-3639-22","HDW-AB-3639-22"
"HDW-3746","HDW-AB-3746-22"
"HDW-3746","HDW-HG-3746-12"
"HDW-3747","HDW-AB-3747-22"
"HDW-3747","HDW-HG-3747-12"
"HDW-3863","HDW-AB-3862-22"
"HDW-3863","HDW-HG-3862-12"
"HDW-3863","HDW-AB-3863-22"
"HDW-3863","HDW-HG-3863-12"
"HDW-3909","HDW-AB-3909-22"
"HDW-3909","HDW-HG-3909-12"
"HDW-AB-2018-22-WP-8","HDW-AB-2018-22-WP-8"
"HDW-AB-2018-22-WP-8","HDW-AB-2018-22-WP-6"
"HDW-AB-2018-22-WP-8","HDW-AB-2018-22-WP-4"
"HDW-AB-2031-22-WP-8","HDW-AB-2031-22-WP-8"
"HDW-AB-2031-22-WP-8","HDW-AB-2031-22-WP-6"
"HDW-AB-2031-22-WP-8","HDW-AB-2031-22-WP-4"
"HDW-AB-3537-22-WP-8","HDW-AB-3537-22-WP-8"
"HDW-AB-3537-22-WP-8","HDW-AB-3537-22-WP-6"
"HDW-AB-3537-22-WP-8","HDW-AB-3537-22-WP-4"
"HDW-AB-3714-22-WP-8","HDW-AB-3714-22-WP-8"
"HDW-AB-3714-22-WP-8","HDW-AB-3714-22-WP-6"
"HDW-AB-3714-22-WP-8","HDW-AB-3714-22-WP-4"
"HDW-AB-3863-22-WP-8","HDW-AB-3863-22-WP-8"
"HDW-AB-3863-22-WP-8","HDW-AB-3863-22-WP-6"
"HDW-AB-3863-22-WP-8","HDW-AB-3863-22-WP-4"
"HDW-HG-2018-12-WP-8","HDW-HG-2018-12-WP-8"
"HDW-HG-2018-12-WP-8","HDW-HG-2018-12-WP-6"
"HDW-HG-2018-12-WP-8","HDW-HG-2018-12-WP-4"
"HDW-HG-2031-12-WP","HDW-HG-2031-12-WP-8"
"HDW-HG-2031-12-WP","HDW-HG-2031-12-WP-6"
"HDW-HG-2031-12-WP","HDW-HG-2031-12-WP-4"
"HDW-HG-2035-79-PREPACK","HDW-HG-2035-79-WP-8"
"HDW-HG-2035-79-PREPACK","HDW-HG-2035-79-WP-6"
"HDW-HG-2035-79-PREPACK","HDW-HG-2035-79-WP-4"
"HDW-HG-2035-80-PREPACK","HDW-HG-2035-80-WP-8"
"HDW-HG-2035-80-PREPACK","HDW-HG-2035-80-WP-6"
"HDW-HG-2035-80-PREPACK","HDW-HG-2035-80-WP-4"
"HDW-HG-2042-79-PREPACK","HDW-HG-2042-79-WP-8"
"HDW-HG-2042-79-PREPACK","HDW-HG-2042-79-WP-6"
"HDW-HG-2042-79-PREPACK","HDW-HG-2042-79-WP-4"
"HDW-HG-2042-80-PREPACK","HDW-HG-2042-80-WP-8"
"HDW-HG-2042-80-PREPACK","HDW-HG-2042-80-WP-6"
"HDW-HG-2042-80-PREPACK","HDW-HG-2042-80-WP-4"
"HDW-HG-2042-81-PREPACK1","HDW-HG-2042-81-WP-8"
"HDW-HG-2042-81-PREPACK1","HDW-HG-2042-81-WP-6"
"HDW-HG-2042-81-PREPACK1","HDW-HG-2042-81-WP-4"
"HDW-HG-3714-12-WP-8","HDW-HG-3714-12-WP-8"
"HDW-HG-3714-12-WP-8","HDW-HG-3714-12-WP-6"
"HDW-HG-3714-12-WP-8","HDW-HG-3714-12-WP-4"
"HDW-HG-3863-12-WP-8","HDW-HG-3863-12-WP-8"
"HDW-HG-3863-12-WP-8","HDW-HG-3863-12-WP-6"
"HDW-HG-3863-12-WP-8","HDW-HG-3863-12-WP-4"
"HDW-ISTANBUL-FINIAL","HDW-AB-2040-22"
"HDW-ISTANBUL-FINIAL","HDW-HG-2040-12"
"HDW-ISTANBUL-FINIAL","HDW-AB-2018-22"
"HDW-ISTANBUL-FINIAL","HDW-HG-2018-12"
"HDW-NATALIE-FINIAL","HDW-AB-3748-22"
"HDW-NATALIE-FINIAL","HDW-HG-3748-12"
"HDW-NATALIE-FINIAL","HDW-AB-2041-22"
"HDW-NATALIE-FINIAL","HDW-HG-2041-12"
"HDW-WOOD-BRACKETS","HDW-AB-9326-22"
"HDW-WOOD-BRACKETS","HDW-AB-9323-22"
"HDW-WOOD-BRACKETS","HDW-HG-9326-12"
"HDW-WOOD-BRACKETS","HDW-HG-9326-12"
"HDW-WOOD-ENDCAPS","HDW-AB-9301-22"
"HDW-WOOD-ENDCAPS","HDW-HG-9301-12"
"HDW-WOOD-ENDCAPS","HDW-AB-9311-22"
"HDW-WOOD-ENDCAPS","HDW-HG-9311-12"
"HDW-WOOD-RINGS","HDW-AB-9324-22"
"HDW-WOOD-RINGS","HDW-HG-9324-12"
"HDW-WOOD-RINGS","HDW-AB-9353-22"
"HDW-WOOD-RINGS","HDW-HG-9353-12"
"HDW-WOOD-RODS","HDW-AB-9306-22"
"HDW-WOOD-RODS","HDW-AB-9309-22"
"HDW-WOOD-RODS","HDW-HG-9306-12"
"HDW-WOOD-RODS","HDW-HG-9309-12"
"HDW-WOOD-RODS","HDW-AB-9319-22"
"HDW-WOOD-RODS","HDW-AB-9321-22"
"HDW-WOOD-RODS","HDW-HG-9320-12"
"HDW-WOOD-RODS","HDW-HG-9321-12"
"JQCH-2012201","JQCH-2012201-84"
"JQCH-2012201","JQCH-2012201-96"
"JQCH-2012201","JQCH-2012201-108"
"JQCH-2012201","JQCH-2012201-120"
"JQCH-2012201","JQCH-2012201-CUS"
"JQCH-2012201-FP","JQCH-2012201-FP-84"
"JQCH-2012201-FP","JQCH-2012201-FP-96"
"JQCH-2012201-FP","JQCH-2012201-FP-108"
"JQCH-2012201-FP","JQCH-2012201-FP-120"
"JQCH-20122010","JQCH-20122010-84"
"JQCH-20122010","JQCH-20122010-96"
"JQCH-20122010","JQCH-20122010-108"
"JQCH-20122010","JQCH-20122010-120"
"JQCH-20122010","JQCH-20122010-CUS"
"JQCH-20122010-FP","JQCH-20122010-FP-84"
"JQCH-20122010-FP","JQCH-20122010-FP-96"
"JQCH-20122010-FP","JQCH-20122010-FP-108"
"JQCH-20122010-FP","JQCH-20122010-FP-120"
"JQCH-2012204","JQCH-2012204-84"
"JQCH-2012204","JQCH-2012204-96"
"JQCH-2012204","JQCH-2012204-108"
"JQCH-2012204","JQCH-2012204-120"
"JQCH-2012204","JQCH-2012204-CUS"
"JQCH-2012204-FP","JQCH-2012204-FP-84"
"JQCH-2012204-FP","JQCH-2012204-FP-96"
"JQCH-2012204-FP","JQCH-2012204-FP-108"
"JQCH-2012204-FP","JQCH-2012204-FP-120"
"JQCH-201263","JQCH-201263-84"
"JQCH-201263","JQCH-201263-96"
"JQCH-201263","JQCH-201263-108"
"JQCH-201263","JQCH-201263-120"
"JQCH-201263","JQCH-201263-CUS"
"JQCH-201263-FP","JQCH-201263-FP-84"
"JQCH-201263-FP","JQCH-201263-FP-96"
"JQCH-201263-FP","JQCH-201263-FP-108"
"JQCH-201263-FP","JQCH-201263-FP-120"
"JQCH-201266","JQCH-201266-84"
"JQCH-201266","JQCH-201266-96"
"JQCH-201266","JQCH-201266-108"
"JQCH-201266","JQCH-201266-120"
"JQCH-201266","JQCH-201266-CUS"
"JQCH-201266-FP","JQCH-201266-FP-84"
"JQCH-201266-FP","JQCH-201266-FP-96"
"JQCH-201266-FP","JQCH-201266-FP-108"
"JQCH-201266-FP","JQCH-201266-FP-120"
"JQCH-201268","JQCH-201268-84"
"JQCH-201268","JQCH-201268-96"
"JQCH-201268","JQCH-201268-108"
"JQCH-201268","JQCH-201268-120"
"JQCH-201268","JQCH-201268-CUS"
"JQCH-201268-FP","JQCH-201268-FP-84"
"JQCH-201268-FP","JQCH-201268-FP-96"
"JQCH-201268-FP","JQCH-201268-FP-108"
"JQCH-201268-FP","JQCH-201268-FP-120"
"JQCH-201301","JQCH-201301-84"
"JQCH-201301","JQCH-201301-96"
"JQCH-201301","JQCH-201301-108"
"JQCH-201301","JQCH-201301-120"
"JQCH-201301","JQCH-201301-CUS"
"JQCH-201301-FP","JQCH-201301-FP-84"
"JQCH-201301-FP","JQCH-201301-FP-96"
"JQCH-201301-FP","JQCH-201301-FP-108"
"JQCH-201301-FP","JQCH-201301-FP-120"
"JQCH-201302","JQCH-201302-84"
"JQCH-201302","JQCH-201302-96"
"JQCH-201302","JQCH-201302-108"
"JQCH-201302","JQCH-201302-120"
"JQCH-201302","JQCH-201302-CUS"
"JQCH-201302-FP","JQCH-201302-FP-84"
"JQCH-201302-FP","JQCH-201302-FP-96"
"JQCH-201302-FP","JQCH-201302-FP-108"
"JQCH-201302-FP","JQCH-201302-FP-120"
"JQCH-HANB10","JQCH-HANB10-84"
"JQCH-HANB10","JQCH-HANB10-96"
"JQCH-HANB10","JQCH-HANB10-108"
"JQCH-HANB10","JQCH-HANB10-120"
"JQCH-HANB10","JQCH-HANB10-CUS"
"JQCH-HANB11","JQCH-HANB11-84"
"JQCH-HANB11","JQCH-HANB11-96"
"JQCH-HANB11","JQCH-HANB11-108"
"JQCH-HANB11","JQCH-HANB11-120"
"JQCH-HANB11","JQCH-HANB11-CUS"
"JQCH-HANB12A","JQCH-HANB12A-84"
"JQCH-HANB12A","JQCH-HANB12A-96"
"JQCH-HANB12A","JQCH-HANB12A-108"
"JQCH-HANB12A","JQCH-HANB12A-120"
"JQCH-HANB12A","JQCH-HANB12A-CUS"
"JQCH-HANB12B","JQCH-HANB12B-84"
"JQCH-HANB12B","JQCH-HANB12B-96"
"JQCH-HANB12B","JQCH-HANB12B-108"
"JQCH-HANB12B","JQCH-HANB12B-120"
"JQCH-HANB12B","JQCH-HANB12B-CUS"
"JQCH-HANB13A","JQCH-HANB13A-84"
"JQCH-HANB13A","JQCH-HANB13A-96"
"JQCH-HANB13A","JQCH-HANB13A-108"
"JQCH-HANB13A","JQCH-HANB13A-120"
"JQCH-HANB13A","JQCH-HANB13A-CUS"
"JQCH-HANB13B","JQCH-HANB13B-84"
"JQCH-HANB13B","JQCH-HANB13B-96"
"JQCH-HANB13B","JQCH-HANB13B-108"
"JQCH-HANB13B","JQCH-HANB13B-120"
"JQCH-HANB13B","JQCH-HANB13B-CUS"
"JQCH-HANB13C","JQCH-HANB13C-84"
"JQCH-HANB13C","JQCH-HANB13C-96"
"JQCH-HANB13C","JQCH-HANB13C-108"
"JQCH-HANB13C","JQCH-HANB13C-120"
"JQCH-HANB13C","JQCH-HANB13C-CUS"
"JQCH-HANB13D","JQCH-HANB13D-84"
"JQCH-HANB13D","JQCH-HANB13D-96"
"JQCH-HANB13D","JQCH-HANB13D-108"
"JQCH-HANB13D","JQCH-HANB13D-120"
"JQCH-HANB13D","JQCH-HANB13D-CUS"
"JQCH-HANB14A","JQCH-HANB14A-84"
"JQCH-HANB14A","JQCH-HANB14A-96"
"JQCH-HANB14A","JQCH-HANB14A-108"
"JQCH-HANB14A","JQCH-HANB14A-CUS"
"JQCH-HANB14B","JQCH-HANB14B-84"
"JQCH-HANB14B","JQCH-HANB14B-96"
"JQCH-HANB14B","JQCH-HANB14B-108"
"JQCH-HANB14B","JQCH-HANB14B-CUS"
"JQCH-HANB14C","JQCH-HANB14C-84"
"JQCH-HANB14C","JQCH-HANB14C-96"
"JQCH-HANB14C","JQCH-HANB14C-108"
"JQCH-HANB14C","JQCH-HANB14C-CUS"
"JQCH-HANB15","JQCH-HANB15-84"
"JQCH-HANB15","JQCH-HANB15-96"
"JQCH-HANB15","JQCH-HANB15-108"
"JQCH-HANB15","JQCH-HANB15-CUS"
"JQCH-HANB1A","JQCH-HANB1A-84"
"JQCH-HANB1A","JQCH-HANB1A-96"
"JQCH-HANB1A","JQCH-HANB1A-108"
"JQCH-HANB1A","JQCH-HANB1A-120"
"JQCH-HANB1A","JQCH-HANB1A-CUS"
"JQCH-HANB1B","JQCH-HANB1B-84"
"JQCH-HANB1B","JQCH-HANB1B-96"
"JQCH-HANB1B","JQCH-HANB1B-108"
"JQCH-HANB1B","JQCH-HANB1B-120"
"JQCH-HANB1B","JQCH-HANB1B-CUS"
"JQCH-HANB2","JQCH-HANB2-84"
"JQCH-HANB2","JQCH-HANB2-96"
"JQCH-HANB2","JQCH-HANB2-108"
"JQCH-HANB2","JQCH-HANB2-120"
"JQCH-HANB2","JQCH-HANB2-CUS"
"JQCH-HANB3A","JQCH-HANB3A-84"
"JQCH-HANB3A","JQCH-HANB3A-96"
"JQCH-HANB3A","JQCH-HANB3A-108"
"JQCH-HANB3A","JQCH-HANB3A-120"
"JQCH-HANB3A","JQCH-HANB3A-CUS"
"JQCH-HANB3B","JQCH-HANB3B-84"
"JQCH-HANB3B","JQCH-HANB3B-96"
"JQCH-HANB3B","JQCH-HANB3B-108"
"JQCH-HANB3B","JQCH-HANB3B-120"
"JQCH-HANB3B","JQCH-HANB3B-CUS"
"JQCH-HANB4","JQCH-HANB4-84"
"JQCH-HANB4","JQCH-HANB4-96"
"JQCH-HANB4","JQCH-HANB4-108"
"JQCH-HANB4","JQCH-HANB4-120"
"JQCH-HANB4","JQCH-HANB4-CUS"
"JQCH-HANB5A","JQCH-HANB5A-84"
"JQCH-HANB5A","JQCH-HANB5A-96"
"JQCH-HANB5A","JQCH-HANB5A-108"
"JQCH-HANB5A","JQCH-HANB5A-120"
"JQCH-HANB5A","JQCH-HANB5A-CUS"
"JQCH-HANB5B","JQCH-HANB5B-84"
"JQCH-HANB5B","JQCH-HANB5B-96"
"JQCH-HANB5B","JQCH-HANB5B-108"
"JQCH-HANB5B","JQCH-HANB5B-120"
"JQCH-HANB5B","JQCH-HANB5B-CUS"
"JQCH-HANB5C","JQCH-HANB5C-84"
"JQCH-HANB5C","JQCH-HANB5C-96"
"JQCH-HANB5C","JQCH-HANB5C-108"
"JQCH-HANB5C","JQCH-HANB5C-120"
"JQCH-HANB5C","JQCH-HANB5C-CUS"
"JQCH-HANB6","JQCH-HANB6-84"
"JQCH-HANB6","JQCH-HANB6-96"
"JQCH-HANB6","JQCH-HANB6-108"
"JQCH-HANB6","JQCH-HANB6-120"
"JQCH-HANB6","JQCH-HANB6-CUS"
"JQCH-HANB7","JQCH-HANB7-84"
"JQCH-HANB7","JQCH-HANB7-96"
"JQCH-HANB7","JQCH-HANB7-108"
"JQCH-HANB7","JQCH-HANB7-120"
"JQCH-HANB7","JQCH-HANB7-CUS"
"JQCH-HANB8","JQCH-HANB8-84"
"JQCH-HANB8","JQCH-HANB8-96"
"JQCH-HANB8","JQCH-HANB8-108"
"JQCH-HANB8","JQCH-HANB8-120"
"JQCH-HANB8","JQCH-HANB8-CUS"
"JQCH-HANB9","JQCH-HANB9-84"
"JQCH-HANB9","JQCH-HANB9-96"
"JQCH-HANB9","JQCH-HANB9-108"
"JQCH-HANB9","JQCH-HANB9-120"
"JQCH-HANB9","JQCH-HANB9-CUS"
"JQCH-ROM","JQCH-ROM-CAS"
"JQCH-ROM","JQCH-ROM-SFL"
"JQCH-ROM","JQCH-ROM-FSL"
"JQCH-ROM","JQCH-ROM-RLX"
"LN-5000","LN-5000-84"
"LN-5000","LN-5000-96"
"LN-5000","LN-5000-108"
"LN-5000","LN-5000-120"
"LN-5000","LN-5000-CUS"
"LN-5100","LN-5100-84"
"LN-5100","LN-5100-96"
"LN-5100","LN-5100-108"
"LN-5100","LN-5100-120"
"LN-5100","LN-5100-CUS"
"LN-5175","LN-5175-84"
"LN-5175","LN-5175-96"
"LN-5175","LN-5175-108"
"LN-5175","LN-5175-120"
"LN-5175","LN-5175-CUS"
"LN-5176","LN-5176-84"
"LN-5176","LN-5176-96"
"LN-5176","LN-5176-108"
"LN-5176","LN-5176-120"
"LN-5176","LN-5176-CUS"
"LN-5177","LN-5177-84"
"LN-5177","LN-5177-96"
"LN-5177","LN-5177-108"
"LN-5177","LN-5177-120"
"LN-5177","LN-5177-CUS"
"LN-5178","LN-5178-84"
"LN-5178","LN-5178-96"
"LN-5178","LN-5178-108"
"LN-5178","LN-5178-120"
"LN-5178","LN-5178-CUS"
"LN-5179","LN-5179-84"
"LN-5179","LN-5179-96"
"LN-5179","LN-5179-108"
"LN-5179","LN-5179-120"
"LN-5179","LN-5179-CUS"
"LN-5520","LN-5520-84"
"LN-5520","LN-5520-96"
"LN-5520","LN-5520-108"
"LN-5520","LN-5520-120"
"LN-5520","LN-5520-CUS"
"LN-ROM","LN-ROM-CAS"
"LN-ROM","LN-ROM-SFL"
"LN-ROM","LN-ROM-FSL"
"LN-ROM","LN-ROM-RLX"
"PDCH-HANB08","PDCH-HANB08-84"
"PDCH-HANB08","PDCH-HANB08-96"
"PDCH-HANB08","PDCH-HANB08-108"
"PDCH-HANB08","PDCH-HANB08-120"
"PDCH-HANB08","PDCH-HANB08-CUS"
"PDCH-HANB10","PDCH-HANB10-84"
"PDCH-HANB10","PDCH-HANB10-96"
"PDCH-HANB10","PDCH-HANB10-108"
"PDCH-HANB10","PDCH-HANB10-120"
"PDCH-HANB10","PDCH-HANB10-CUS"
"PDCH-HANB23","PDCH-HANB23-84"
"PDCH-HANB23","PDCH-HANB23-96"
"PDCH-HANB23","PDCH-HANB23-108"
"PDCH-HANB23","PDCH-HANB23-120"
"PDCH-HANB23","PDCH-HANB23-CUS"
"PDCH-HANB35","PDCH-HANB35-84"
"PDCH-HANB35","PDCH-HANB35-96"
"PDCH-HANB35","PDCH-HANB35-108"
"PDCH-HANB35","PDCH-HANB35-120"
"PDCH-HANB35","PDCH-HANB35-CUS"
"PDCH-HANB44","PDCH-HANB44-84"
"PDCH-HANB44","PDCH-HANB44-96"
"PDCH-HANB44","PDCH-HANB44-108"
"PDCH-HANB44","PDCH-HANB44-120"
"PDCH-HANB44","PDCH-HANB44-CUS"
"PDCH-HANB46","PDCH-HANB46-84"
"PDCH-HANB46","PDCH-HANB46-96"
"PDCH-HANB46","PDCH-HANB46-108"
"PDCH-HANB46","PDCH-HANB46-120"
"PDCH-HANB46","PDCH-HANB46-CUS"
"PDCH-HANB52","PDCH-HANB52-84"
"PDCH-HANB52","PDCH-HANB52-96"
"PDCH-HANB52","PDCH-HANB52-108"
"PDCH-HANB52","PDCH-HANB52-120"
"PDCH-HANB52","PDCH-HANB52-CUS"
"PDCH-HANB56","PDCH-HANB56-84"
"PDCH-HANB56","PDCH-HANB56-96"
"PDCH-HANB56","PDCH-HANB56-108"
"PDCH-HANB56","PDCH-HANB56-120"
"PDCH-HANB56","PDCH-HANB56-CUS"
"PDCH-HANB57","PDCH-HANB57-84"
"PDCH-HANB57","PDCH-HANB57-96"
"PDCH-HANB57","PDCH-HANB57-108"
"PDCH-HANB57","PDCH-HANB57-120"
"PDCH-HANB57","PDCH-HANB57-CUS"
"PDCH-HANB60","PDCH-HANB60-84"
"PDCH-HANB60","PDCH-HANB60-96"
"PDCH-HANB60","PDCH-HANB60-108"
"PDCH-HANB60","PDCH-HANB60-120"
"PDCH-HANB60","PDCH-HANB60-CUS"
"PDCH-HANB80","PDCH-HANB80-84"
"PDCH-HANB80","PDCH-HANB80-96"
"PDCH-HANB80","PDCH-HANB80-108"
"PDCH-HANB80","PDCH-HANB80-120"
"PDCH-HANB80","PDCH-HANB80-CUS"
"PDCH-HANB81","PDCH-HANB81-84"
"PDCH-HANB81","PDCH-HANB81-96"
"PDCH-HANB81","PDCH-HANB81-108"
"PDCH-HANB81","PDCH-HANB81-120"
"PDCH-HANB81","PDCH-HANB81-CUS"
"PDCH-HANB83","PDCH-HANB83-84"
"PDCH-HANB83","PDCH-HANB83-96"
"PDCH-HANB83","PDCH-HANB83-108"
"PDCH-HANB83","PDCH-HANB83-120"
"PDCH-HANB83","PDCH-HANB83-CUS"
"PDCH-HANB84","PDCH-HANB84-84"
"PDCH-HANB84","PDCH-HANB84-96"
"PDCH-HANB84","PDCH-HANB84-108"
"PDCH-HANB84","PDCH-HANB84-120"
"PDCH-HANB84","PDCH-HANB84-CUS"
"PDCH-HANB85","PDCH-HANB85-84"
"PDCH-HANB85","PDCH-HANB85-96"
"PDCH-HANB85","PDCH-HANB85-108"
"PDCH-HANB85","PDCH-HANB85-120"
"PDCH-HANB85","PDCH-HANB85-CUS"
"PDCH-KBS1","PDCH-KBS1-84"
"PDCH-KBS1","PDCH-KBS1-84"
"PDCH-KBS1","PDCH-KBS1-96"
"PDCH-KBS1","PDCH-KBS1-96"
"PDCH-KBS1","PDCH-KBS1-108"
"PDCH-KBS1","PDCH-KBS1-120"
"PDCH-KBS1","PDCH-KBS1-108"
"PDCH-KBS1","PDCH-KBS1-120"
"PDCH-KBS1","PDCH-KBS1-CUS"
"PDCH-KBS10","PDCH-KBS10-96"
"PDCH-KBS11","PDCH-KBS11-84"
"PDCH-KBS11","PDCH-KBS11-84"
"PDCH-KBS11","PDCH-KBS11-96"
"PDCH-KBS11","PDCH-KBS11-108"
"PDCH-KBS11","PDCH-KBS11-120"
"PDCH-KBS11","PDCH-KBS11-96"
"PDCH-KBS11","PDCH-KBS11-108"
"PDCH-KBS11","PDCH-KBS11-120"
"PDCH-KBS11","PDCH-KBS11-CUS"
"PDCH-KBS13","PDCH-KBS13-108"
"PDCH-KBS13","PDCH-KBS13-120"
"PDCH-KBS14","PDCH-KBS14-108"
"PDCH-KBS14","PDCH-KBS14-84"
"PDCH-KBS14","PDCH-KBS14-96"
"PDCH-KBS14","PDCH-KBS14-108"
"PDCH-KBS14","PDCH-KBS14-120"
"PDCH-KBS14","PDCH-KBS14-120"
"PDCH-KBS14","PDCH-KBS14-CUS"
"PDCH-KBS15","PDCH-KBS15-84"
"PDCH-KBS15","PDCH-KBS15-84"
"PDCH-KBS15","PDCH-KBS15-96"
"PDCH-KBS15","PDCH-KBS15-96"
"PDCH-KBS15","PDCH-KBS15-108"
"PDCH-KBS15","PDCH-KBS15-120"
"PDCH-KBS15","PDCH-KBS15-108"
"PDCH-KBS15","PDCH-KBS15-120"
"PDCH-KBS15","PDCH-KBS15-CUS"
"PDCH-KBS16","PDCH-KBS16-84"
"PDCH-KBS16","PDCH-KBS16-96"
"PDCH-KBS16","PDCH-KBS16-108"
"PDCH-KBS16","PDCH-KBS16-120"
"PDCH-KBS16","PDCH-KBS16-CUS"
"PDCH-KBS17","PDCH-KBS17-84"
"PDCH-KBS17","PDCH-KBS17-96"
"PDCH-KBS17","PDCH-KBS17-108"
"PDCH-KBS17","PDCH-KBS17-120"
"PDCH-KBS18","PDCH-KBS18-84"
"PDCH-KBS18","PDCH-KBS18-96"
"PDCH-KBS18","PDCH-KBS18-108"
"PDCH-KBS18","PDCH-KBS18-120"
"PDCH-KBS18","PDCH-KBS18-96"
"PDCH-KBS18","PDCH-KBS18-CUS"
"PDCH-KBS2","PDCH-KBS2-84"
"PDCH-KBS2","PDCH-KBS2-96"
"PDCH-KBS2","PDCH-KBS2-108"
"PDCH-KBS2","PDCH-KBS2-120"
"PDCH-KBS2","PDCH-KBS2-CUS"
"PDCH-KBS3","PDCH-KBS3-84"
"PDCH-KBS3","PDCH-KBS3-96"
"PDCH-KBS3","PDCH-KBS3-108"
"PDCH-KBS3","PDCH-KBS3-120"
"PDCH-KBS3","PDCH-KBS3-CUS"
"PDCH-KBS4","13928925-000-000"
"PDCH-KBS5","13928884-000-000"
"PDCH-KBS5","PDCH-KBS5-84"
"PDCH-KBS5","PDCH-KBS5-96"
"PDCH-KBS5","PDCH-KBS5-108"
"PDCH-KBS5","PDCH-KBS5-120"
"PDCH-KBS5","13928931-000-000"
"PDCH-KBS5","13928926-000-000"
"PDCH-KBS5","13928866-000-000"
"PDCH-KBS5","PDCH-KBS5-CUS"
"PDCH-KBS6","PDCH-KBS6-84"
"PDCH-KBS6","PDCH-KBS6-96"
"PDCH-KBS6","PDCH-KBS6-108"
"PDCH-KBS6","PDCH-KBS6-120"
"PDCH-KBS6","PDCH-KBS6-CUS"
"PDCH-KBS7","PDCH-KBS7-84"
"PDCH-KBS7","PDCH-KBS7-96"
"PDCH-KBS7","PDCH-KBS7-108"
"PDCH-KBS7","PDCH-KBS7-120"
"PDCH-KBS7","PDCH-KBS7-CUS"
"PDCH-KBS8","PDCH-KBS8-84"
"PDCH-KBS8","PDCH-KBS8-84"
"PDCH-KBS8","PDCH-KBS8-96"
"PDCH-KBS8","PDCH-KBS8-96"
"PDCH-KBS8","PDCH-KBS8-108"
"PDCH-KBS8","PDCH-KBS8-120"
"PDCH-KBS8","PDCH-KBS8-108"
"PDCH-KBS8","PDCH-KBS8-CUS"
"PDCH-KBS9","PDCH-KBS9-84"
"PDCH-KBS9","PDCH-KBS9-84"
"PDCH-KBS9","PDCH-KBS9-96"
"PDCH-KBS9","PDCH-KBS9-96"
"PDCH-KBS9","PDCH-KBS9-108"
"PDCH-KBS9","PDCH-KBS9-120"
"PDCH-KBS9","PDCH-KBS9-108"
"PDCH-KBS9","PDCH-KBS9-120"
"PDCH-KBS9","PDCH-KBS9-CUS"
"PDCH-ROM","PDCH-ROM-CAS"
"PDCH-ROM","PDCH-KBS6-FB"
"PDCH-ROM","PDCH-ROM-SFL"
"PDCH-ROM","PDCH-ROM-FSL"
"PDCH-ROM","PDCH-ROM-RLX"
"PRTW-D01","PRTW-D01-84"
"PRTW-D01","PRTW-D01-96"
"PRTW-D01","PRTW-D01-108"
"PRTW-D01","PRTW-D01-120"
"PRTW-D01","PRTW-D01-CUS"
"PRTW-D02","PRTW-D02-84"
"PRTW-D02","PRTW-D02-84"
"PRTW-D02","PRTW-D02-96"
"PRTW-D02","PRTW-D02-96"
"PRTW-D02","PRTW-D02-108"
"PRTW-D02","PRTW-D02-108"
"PRTW-D02","PRTW-D02-120"
"PRTW-D02","PRTW-D02-120"
"PRTW-D02","PRTW-D02-CUS"
"PRTW-D02","PRTW-D02-CUS"
"PRTW-D04","PRTW-D04-84"
"PRTW-D04","PRTW-D04-96"
"PRTW-D04","PRTW-D04-108"
"PRTW-D04","PRTW-D04-120"
"PRTW-D04","PRTW-D04-CUS"
"PRTW-D05","PRTW-D05-84"
"PRTW-D05","PRTW-D05-96"
"PRTW-D05","PRTW-D05-108"
"PRTW-D05","PRTW-D05-120"
"PRTW-D05","PRTW-D05-CUS"
"PRTW-D06A","PRTW-D06A-84"
"PRTW-D06A","PRTW-D06A-96"
"PRTW-D06A","PRTW-D06A-108"
"PRTW-D06A","PRTW-D06A-120"
"PRTW-D06A","PRTW-D06A-CUS"
"PRTW-D06B","PRTW-D06B-84"
"PRTW-D06B","PRTW-D06B-96"
"PRTW-D06B","PRTW-D06B-108"
"PRTW-D06B","PRTW-D06B-120"
"PRTW-D06B","PRTW-D06B-CUS"
"PRTW-D09","PRTW-D09-84"
"PRTW-D09","PRTW-D09-96"
"PRTW-D09","PRTW-D09-108"
"PRTW-D09","PRTW-D09-120"
"PRTW-D09","PRTW-D09-CUS"
"PRTW-D11","PRTW-D11-84"
"PRTW-D11","PRTW-D11-96"
"PRTW-D11","PRTW-D11-108"
"PRTW-D11","PRTW-D11-120"
"PRTW-D11","PRTW-D11-CUS"
"PRTW-D12","PRTW-D12-84"
"PRTW-D12","PRTW-D12-96"
"PRTW-D12","PRTW-D12-108"
"PRTW-D12","PRTW-D12-120"
"PRTW-D12","PRTW-D12-CUS"
"PRTW-D13","PRTW-D13-84"
"PRTW-D13","PRTW-D13-96"
"PRTW-D13","PRTW-D13-108"
"PRTW-D13","PRTW-D13-120"
"PRTW-D13","PRTW-D13-CUS"
"PRTW-D15","PRTW-D15-84"
"PRTW-D15","PRTW-D15-96"
"PRTW-D15","PRTW-D15-108"
"PRTW-D15","PRTW-D15-120"
"PRTW-D15","PRTW-D15-CUS"
"PRTW-D16","PRTW-D16-84"
"PRTW-D16","PRTW-D16-96"
"PRTW-D16","PRTW-D16-108"
"PRTW-D16","PRTW-D16-120"
"PRTW-D16","PRTW-D16-CUS"
"PRTW-D17","PRTW-D17-84"
"PRTW-D17","PRTW-D17-96"
"PRTW-D17","PRTW-D17-108"
"PRTW-D17","PRTW-D17-120"
"PRTW-D17","PRTW-D17-CUS"
"PRTW-D20","PRTW-D20-84"
"PRTW-D20","PRTW-D20-96"
"PRTW-D20","PRTW-D20-108"
"PRTW-D20","PRTW-D20-120"
"PRTW-D20","PRTW-D20-CUS"
"PRTW-D21","PRTW-D21-84"
"PRTW-D21","PRTW-D21-96"
"PRTW-D21","PRTW-D21-108"
"PRTW-D21","PRTW-D21-120"
"PRTW-D21","PRTW-D21-CUS"
"PRTW-D22","PRTW-D22-84"
"PRTW-D22","PRTW-D22-96"
"PRTW-D22","PRTW-D22-108"
"PRTW-D22","PRTW-D22-120"
"PRTW-D22","PRTW-D22-CUS"
"PRTW-D23","PRTW-D23-84"
"PRTW-D23","PRTW-D23-84"
"PRTW-D23","PRTW-D23-96"
"PRTW-D23","PRTW-D23-96"
"PRTW-D23","PRTW-D23-108"
"PRTW-D23","PRTW-D23-108"
"PRTW-D23","PRTW-D23-120"
"PRTW-D23","PRTW-D23-120"
"PRTW-D23","PRTW-D23-CUS"
"PRTW-D23","PRTW-D23-CUS"
"PRTW-D24A","PRTW-D24A-84"
"PRTW-D24A","PRTW-D24A-96"
"PRTW-D24A","PRTW-D24A-108"
"PRTW-D24A","PRTW-D24A-120"
"PRTW-D24A","PRTW-D24A-CUS"
"PRTW-D24B","PRTW-D24B-84"
"PRTW-D24B","PRTW-D24B-96"
"PRTW-D24B","PRTW-D24B-108"
"PRTW-D24B","PRTW-D24B-120"
"PRTW-D24B","PRTW-D24B-CUS"
"PRTW-D25","PRTW-D25-84"
"PRTW-D25","PRTW-D25-96"
"PRTW-D25","PRTW-D25-108"
"PRTW-D25","PRTW-D25-120"
"PRTW-D25","PRTW-D25-CUS"
"PRTW-D26","PRTW-D26-84"
"PRTW-D26","PRTW-D26-96"
"PRTW-D26","PRTW-D26-108"
"PRTW-D26","PRTW-D26-120"
"PRTW-D26","PRTW-D26-CUS"
"PRTW-D27","PRTW-D27-84"
"PRTW-D27","PRTW-D27-96"
"PRTW-D27","PRTW-D27-108"
"PRTW-D27","PRTW-D27-120"
"PRTW-D27","PRTW-D27-CUS"
"PRTW-D28","PRTW-D28-84"
"PRTW-D28","PRTW-D28-84"
"PRTW-D28","PRTW-D28-96"
"PRTW-D28","PRTW-D28-96"
"PRTW-D28","PRTW-D28-108"
"PRTW-D28","PRTW-D28-108"
"PRTW-D28","PRTW-D28-120"
"PRTW-D28","PRTW-D28-120"
"PRTW-D28","PRTW-D28-CUS"
"PRTW-D28","PRTW-D28-CUS"
"PRTW-D29A","PRTW-D29A-84"
"PRTW-D29A","PRTW-D29A-96"
"PRTW-D29A","PRTW-D29A-108"
"PRTW-D29A","PRTW-D29A-120"
"PRTW-D29A","PRTW-D29A-CUS"
"PRTW-D29B","PRTW-D29B-84"
"PRTW-D29B","PRTW-D29B-96"
"PRTW-D29B","PRTW-D29B-108"
"PRTW-D29B","PRTW-D29B-120"
"PRTW-D29B","PRTW-D29B-CUS"
"PRTW-D30","PRTW-D30-84"
"PRTW-D30","PRTW-D30-96"
"PRTW-D30","PRTW-D30-108"
"PRTW-D30","PRTW-D30-120"
"PRTW-D30","PRTW-D30-CUS"
"PRTW-D31","PRTW-D31-84"
"PRTW-D31","PRTW-D31-96"
"PRTW-D31","PRTW-D31-108"
"PRTW-D31","PRTW-D31-120"
"PRTW-D31","PRTW-D31-CUS"
"PRTW-D32","PRTW-D32-84"
"PRTW-D32","PRTW-D32-96"
"PRTW-D32","PRTW-D32-108"
"PRTW-D32","PRTW-D32-120"
"PRTW-D32","PRTW-D32-CUS"
"PRTW-D33","PRTW-D33-84"
"PRTW-D33","PRTW-D33-96"
"PRTW-D33","PRTW-D33-108"
"PRTW-D33","PRTW-D33-120"
"PRTW-D33","PRTW-D33-CUS"
"PRTW-ROM","PRTW-ROM-CAS"
"PRTW-ROM","PRTW-ROM-SFL"
"PRTW-ROM","PRTW-ROM-FSL"
"PRTW-ROM","PRTW-ROM-RLX"
"PTCH-001-RU","PTCH-001-84-RU"
"PTCH-001-RU","PTCH-001-96-RU"
"PTCH-001-RU","PTCH-001-108-RU"
"PTCH-001-RU","PTCH-001-120-RU"
"PTCH-001-RU","PTCH-001-RU-CUS"
"PTCH-003-RU","PTCH-003-84-RU"
"PTCH-003-RU","PTCH-003-96-RU"
"PTCH-003-RU","PTCH-003-108-RU"
"PTCH-003-RU","PTCH-003-RU-CUS"
"PTCH-005-RU","PTCH-JTSP005-RU-CUS"
"PTCH-005-RU","PTCH-005-84-RU"
"PTCH-005-RU","PTCH-005-96-RU"
"PTCH-005-RU","PTCH-005-108-RU"
"PTCH-005-RU","PTCH-005-120-RU"
"PTCH-005-RUVAL","PTCH-005-RUVAL-84"
"PTCH-005-RUVAL","PTCH-005-RUVAL-96"
"PTCH-005-RUVAL","PTCH-005-RUVAL-108"
"PTCH-005-RUVAL","PTCH-005-RUVAL-120"
"PTCH-100-RU","PTCH-100-84-RU"
"PTCH-100-RU","PTCH-100-96-RU"
"PTCH-100-RU","PTCH-100-108-RU"
"PTCH-100-RU","PTCH-100-120-RU"
"PTCH-100-RU","PTCH-100-RU-CUS"
"PTCH-102-RU","PTCH-102-84-RU"
"PTCH-102-RU","PTCH-102-96-RU"
"PTCH-102-RU","PTCH-102-108-RU"
"PTCH-102-RU","PTCH-102-120-RU"
"PTCH-102-RU","PTCH-102-RU-CUS"
"PTCH-104-RU","PTCH-104-84-RU"
"PTCH-104-RU","PTCH-104-96-RU"
"PTCH-104-RU","PTCH-104-108-RU"
"PTCH-104-RU","PTCH-104-120-RU"
"PTCH-104-RU","PTCH-104-RU-CUS"
"PTCH-1066-RU","PTCH-1066-84-RU"
"PTCH-1066-RU","PTCH-1066-96-RU"
"PTCH-1066-RU","PTCH-1066-108-RU"
"PTCH-1066-RU","PTCH-1066-120-RU"
"PTCH-1066-RU","PTCH-1066-RU-CUS"
"PTCH-1066-RUVAL","PTCH-1066-RUVAL-84"
"PTCH-1066-RUVAL","PTCH-1066-RUVAL-96"
"PTCH-1066-RUVAL","PTCH-1066-RUVAL-108"
"PTCH-1066-RUVAL","PTCH-1066-RUVAL-120"
"PTCH-112-RU","PTCH-112-84-RU"
"PTCH-112-RU","PTCH-112-96-RU"
"PTCH-112-RU","PTCH-112-108-RU"
"PTCH-112-RU","PTCH-JTSP112-120-RU"
"PTCH-112-RU","PTCH-112-RU-CUS"
"PTCH-112-RUVAL","PTCH-112-RUVAL-cus"
"PTCH-112-RUVAL","PTCH-112-RUVAL-84"
"PTCH-112-RUVAL","PTCH-112-RUVAL-96"
"PTCH-112-RUVAL","PTCH-112-RUVAL-108"
"PTCH-112-RUVAL","PTCH-112-RUVAL-120"
"PTCH-120-RU","PTCH-120-84-RU"
"PTCH-120-RU","PTCH-120-84-RU"
"PTCH-120-RU","PTCH-120-96-RU"
"PTCH-120-RU","PTCH-120-96-RU"
"PTCH-120-RU","PTCH-120-108-RU"
"PTCH-120-RU","PTCH-120-108-RU"
"PTCH-120-RU","PTCH-120-120-RU"
"PTCH-120-RU","PTCH-1-20-RU-CUS"
"PTCH-120-RU","PTCH-120-RU-CUS"
"PTCH-130907-RU","PTCH-130907-84-RU"
"PTCH-130907-RU","PTCH-130907-96-RU"
"PTCH-130907-RU","PTCH-130907-108-RU"
"PTCH-130907-RU","PTCH-130907-120-RU"
"PTCH-130907-RU","PTCH-130907-RU-CUS"
"PTCH-190912-RU","PTCH-190912-84-RU"
"PTCH-190912-RU","PTCH-190912-96-RU"
"PTCH-190912-RU","PTCH-190912-108-RU"
"PTCH-190912-RU","PTCH-190912-RU-CUS"
"PTCH-194010-RU","PTCH-194010-84-RU"
"PTCH-194010-RU","PTCH-194010-96-RU"
"PTCH-194010-RU","PTCH-194010-108-RU"
"PTCH-194010-RU","PTCH-194010-120-RU"
"PTCH-194010-RU","PTCH-194010-RU-CUS"
"PTCH-202-RU","PTCH-202-84-RU"
"PTCH-202-RU","PTCH-202-96-RU"
"PTCH-202-RU","PTCH-202-108-RU"
"PTCH-202-RU","PTCH-202-120-RU"
"PTCH-202-RU","PTCH-202-RU-CUS"
"PTCH-203-RU","PTCH-203-84-RU"
"PTCH-203-RU","PTCH-203-96-RU"
"PTCH-203-RU","PTCH-203-108-RU"
"PTCH-203-RU","PTCH-203-120-RU"
"PTCH-203-RU","PTCH-203-RU-CUS"
"PTCH-204-RU","PTCH-204-84-RU"
"PTCH-204-RU","PTCH-204-96-RU"
"PTCH-204-RU","PTCH-204-108-RU"
"PTCH-204-RU","PTCH-204-120-RU"
"PTCH-204-RU","PTCH-204-RU-CUS"
"PTCH-205-RU","PTCH-205-84-RU"
"PTCH-205-RU","PTCH-205-96-RU"
"PTCH-205-RU","PTCH-205-108-RU"
"PTCH-205-RU","PTCH-205-120-RU"
"PTCH-205-RU","PTCH-205-RU-CUS"
"PTCH-206-RU","PTCH-206-84-RU"
"PTCH-206-RU","PTCH-206-96-RU"
"PTCH-206-RU","PTCH-206-108-RU"
"PTCH-206-RU","PTCH-206-120-RU"
"PTCH-206-RU","PTCH-206-RU-CUS"
"PTCH-207-RU","PTCH-207-84-RU"
"PTCH-207-RU","PTCH-207-96-RU"
"PTCH-207-RU","PTCH-207-108-RU"
"PTCH-207-RU","PTCH-207-120-RU"
"PTCH-207-RU","PTCH-207-RU-CUS"
"PTCH-208-RU","PTCH-208-84-RU"
"PTCH-208-RU","PTCH-208-96-RU"
"PTCH-208-RU","PTCH-208-108-RU"
"PTCH-208-RU","PTCH-208-120-RU"
"PTCH-208-RU","PTCH-208-RU-CUS"
"PTCH-209-RU","PTCH-209-84-RU"
"PTCH-209-RU","PTCH-209-96-RU"
"PTCH-209-RU","PTCH-209-108-RU"
"PTCH-209-RU","PTCH-209-120-RU"
"PTCH-209-RU","PTCH-209-RU-CUS"
"PTCH-27-RU","PTCH-27-84-RU"
"PTCH-27-RU","PTCH-27-96-RU"
"PTCH-27-RU","PTCH-27-108-RU"
"PTCH-27-RU","PTCH-27-120-RU"
"PTCH-27-RU","PTCH-27-RU-CUS"
"PTCH-29-RU","PTCH-29-84-RU"
"PTCH-29-RU","PTCH-29-96-RU"
"PTCH-29-RU","PTCH-29-108-RU"
"PTCH-29-RU","PTCH-29-120-RU"
"PTCH-29-RU","PTCH-29-RU-CUS"
"PTCH-41-RU","PTCH-41-84-RU"
"PTCH-41-RU","PTCH-41-96-RU"
"PTCH-41-RU","PTCH-41-108-RU"
"PTCH-41-RU","PTCH-41-120-RU"
"PTCH-41-RU","PTCH-41-RU-CUS"
"PTCH-5-RU","PTCH-5-RU-CUS"
"PTCH-5-RUVAL","PTCH-5-RUVAL-84"
"PTCH-5-RUVAL","PTCH-5-RUVAL-96"
"PTCH-5-RUVAL","PTCH-5-RUVAL-108"
"PTCH-5-RUVAL","PTCH-5-RUVAL-120"
"PTCH-54-RU","PTCH-54-84-RU"
"PTCH-54-RU","PTCH-54-96-RU"
"PTCH-54-RU","PTCH-54-108-RU"
"PTCH-54-RU","PTCH-54-120-RU"
"PTCH-54-RU","PTCH-54-RU-CUS"
"PTCH-87-RU","PTCH-87-84-RU"
"PTCH-87-RU","PTCH-87-96-RU"
"PTCH-87-RU","PTCH-87-108-RU"
"PTCH-87-RU","PTCH-87-120-RU"
"PTCH-87-RU","PTCH-87-RU-CUS"
"PTCH-JTSP001","PTCH-JTSP001-84"
"PTCH-JTSP001","PTCH-JTSP001-96"
"PTCH-JTSP001","PTCH-JTSP001-108"
"PTCH-JTSP001","PTCH-JTSP001-120"
"PTCH-JTSP001","PTCH-JTSP001-CUS"
"PTCH-JTSP003","PTCH-JTSP003-84"
"PTCH-JTSP003","PTCH-JTSP001-84"
"PTCH-JTSP003","PTCH-JTSP001-96"
"PTCH-JTSP003","PTCH-JTSP001-108"
"PTCH-JTSP003","PTCH-JTSP003-96"
"PTCH-JTSP003","PTCH-JTSP003-108"
"PTCH-JTSP003","PTCH-JTSP003-120"
"PTCH-JTSP003","PTCH-JTSP003-CUS"
"PTCH-JTSP005","PTCH-JTSP005-84"
"PTCH-JTSP005","PTCH-JTSP005-96"
"PTCH-JTSP005","PTCH-JTSP005-108-RU"
"PTCH-JTSP005","PTCH-JTSP005-108"
"PTCH-JTSP005","PTCH-JTSP005-120"
"PTCH-JTSP005","PTCH-JTSP005-CUS"
"PTCH-JTSP100","PTCH-JTSP100-84"
"PTCH-JTSP100","PTCH-JTSP100-84"
"PTCH-JTSP100","PTCH-JTSP100-96"
"PTCH-JTSP100","PTCH-JTSP100-108"
"PTCH-JTSP100","PTCH-JTSP100-120"
"PTCH-JTSP100","PTCH-JTSP100-96"
"PTCH-JTSP100","PTCH-JTSP100-108"
"PTCH-JTSP100","PTCH-JTSP100-120"
"PTCH-JTSP100","PTCH-JTSP100-CUS"
"PTCH-JTSP102","PTCH-JTSP102-84"
"PTCH-JTSP102","PTCH-JTSP102-84"
"PTCH-JTSP102","PTCH-JTSP102-96"
"PTCH-JTSP102","PTCH-JTSP102-108"
"PTCH-JTSP102","PTCH-JTSP102-120"
"PTCH-JTSP102","PTCH-JTSP102-96"
"PTCH-JTSP102","PTCH-JTSP102-108"
"PTCH-JTSP102","PTCH-JTSP102-120"
"PTCH-JTSP102","PTCH-JTSP102-CUS"
"PTCH-JTSP104","PTCH-JTSP104-84"
"PTCH-JTSP104","PTCH-JTSP104-96"
"PTCH-JTSP104","PTCH-JTSP104-108"
"PTCH-JTSP104","PTCH-JTSP104-120"
"PTCH-JTSP104","PTCH-JTSP104-CUS"
"PTCH-JTSP1066","PTCH-JTSP1066-84"
"PTCH-JTSP1066","PTCH-JTSP1066-96"
"PTCH-JTSP1066","PTCH-JTSP1066-108"
"PTCH-JTSP1066","PTCH-JTSP1066-120"
"PTCH-JTSP1066","PTCH-JTSP1066-CUS"
"PTCH-JTSP112","PTCH-JTSP112-84"
"PTCH-JTSP112","PTCH-JTSP112-96"
"PTCH-JTSP112","PTCH-JTSP112-96"
"PTCH-JTSP112","PTCH-JTSP112-108"
"PTCH-JTSP112","PTCH-JTSP112-120"
"PTCH-JTSP112","PTCH-JTSP112-CUS"
"PTCH-JTSP120","PTCH-JTSP120-84"
"PTCH-JTSP120","PTCH-JTSP120-96"
"PTCH-JTSP120","PTCH-JTSP120-108"
"PTCH-JTSP120","PTCH-JTSP120-120"
"PTCH-JTSP120","PTCH-JTSP120-CUS"
"PTCH-JTSP130907","PTCH-JTSP130907-84"
"PTCH-JTSP130907","PTCH-JTSP130907-96"
"PTCH-JTSP130907","PTCH-JTSP130907-108"
"PTCH-JTSP130907","PTCH-JTSP130907-120"
"PTCH-JTSP130907","PTCH-JTSP130907-108"
"PTCH-JTSP130907","PTCH-JTSP130907-120"
"PTCH-JTSP130907","PTCH-JTSP130907-CUS"
"PTCH-JTSP190912","PTCH-JTSP190912-84"
"PTCH-JTSP190912","PTCH-JTSP190912-96"
"PTCH-JTSP190912","PTCH-JTSP190912-108"
"PTCH-JTSP190912","PTCH-JTSP190912-120"
"PTCH-JTSP190912","PTCH-JTSP190912-CUS"
"PTCH-JTSP194010","PTCH-JTSP194010-84"
"PTCH-JTSP194010","PTCH-JTSP194010-96"
"PTCH-JTSP194010","PTCH-JTSP194010-108"
"PTCH-JTSP194010","PTCH-JTSP194010-120"
"PTCH-JTSP194010","PTCH-JTSP194010-CUS"
"PTCH-JTSP202","PTCH-JTSP202-84"
"PTCH-JTSP202","PTCH-JTSP202-96"
"PTCH-JTSP202","PTCH-JTSP202-108"
"PTCH-JTSP202","PTCH-JTSP202-120"
"PTCH-JTSP202","PTCH-JTSP202-CUS"
"PTCH-JTSP203","PTCH-JTSP203-84"
"PTCH-JTSP203","PTCH-JTSP203-96"
"PTCH-JTSP203","PTCH-JTSP203-108"
"PTCH-JTSP203","PTCH-JTSP203-120"
"PTCH-JTSP203","PTCH-JTSP203-CUS"
"PTCH-JTSP204","PTCH-JTSP204-84"
"PTCH-JTSP204","PTCH-JTSP204-96"
"PTCH-JTSP204","PTCH-JTSP204-108"
"PTCH-JTSP204","PTCH-JTSP204-120"
"PTCH-JTSP204","PTCH-JTSP204-CUS"
"PTCH-JTSP205","PTCH-JTSP205-84"
"PTCH-JTSP205","PTCH-JTSP205-96"
"PTCH-JTSP205","PTCH-JTSP205-108"
"PTCH-JTSP205","PTCH-JTSP205-120"
"PTCH-JTSP205","PTCH-JTSP205-CUS"
"PTCH-JTSP206","PTCH-JTSP206-84"
"PTCH-JTSP206","PTCH-JTSP206-96"
"PTCH-JTSP206","PTCH-JTSP206-108"
"PTCH-JTSP206","PTCH-JTSP206-120"
"PTCH-JTSP206","PTCH-JTSP206-CUS"
"PTCH-JTSP207","PTCH-JTSP207-84"
"PTCH-JTSP207","PTCH-JTSP207-96"
"PTCH-JTSP207","PTCH-JTSP207-108"
"PTCH-JTSP207","PTCH-JTSP207-120"
"PTCH-JTSP207","PTCH-JTSP207-CUS"
"PTCH-JTSP208","PTCH-JTSP208-84"
"PTCH-JTSP208","PTCH-JTSP208-96"
"PTCH-JTSP208","PTCH-JTSP208-108"
"PTCH-JTSP208","PTCH-JTSP208-120"
"PTCH-JTSP208","PTCH-JTSP208-CUS"
"PTCH-JTSP209","PTCH-JTSP209-84"
"PTCH-JTSP209","PTCH-JTSP209-96"
"PTCH-JTSP209","PTCH-JTSP209-108"
"PTCH-JTSP209","PTCH-JTSP209-120"
"PTCH-JTSP209","PTCH-JTSP209-CUS"
"PTCH-JTSP27","PTCH-JTSP27-84"
"PTCH-JTSP27","PTCH-JTSP27-96"
"PTCH-JTSP27","PTCH-JTSP27-108"
"PTCH-JTSP27","PTCH-JTSP27-120"
"PTCH-JTSP27","PTCH-JTSP27-CUS"
"PTCH-JTSP29","PTCH-JTSP29-84"
"PTCH-JTSP29","PTCH-JTSP29-96"
"PTCH-JTSP29","PTCH-JTSP29-108"
"PTCH-JTSP29","PTCH-JTSP29-120"
"PTCH-JTSP29","PTCH-JTSP29-CUS"
"PTCH-JTSP41","PTCH-JTSP41-84"
"PTCH-JTSP41","PTCH-JTSP41-96"
"PTCH-JTSP41","PTCH-JTSP41-108"
"PTCH-JTSP41","PTCH-JTSP41-120"
"PTCH-JTSP41","PTCH-JTSP41-CUS"
"PTCH-JTSP5","PTCH-JTSP5-84"
"PTCH-JTSP5","PTCH-JTSP5-96"
"PTCH-JTSP5","PTCH-JTSP5-108"
"PTCH-JTSP5","PTCH-JTSP5-120"
"PTCH-JTSP5","PTCH-JTSP5-CUS"
"PTCH-JTSP54","PTCH-JTSP54-84"
"PTCH-JTSP54","PTCH-JTSP54-96"
"PTCH-JTSP54","PTCH-JTSP54-108"
"PTCH-JTSP54","PTCH-JTSP54-120"
"PTCH-JTSP54","PTCH-JTSP54-CUS"
"PTCH-JTSP87","PTCH-JTSP87-84"
"PTCH-JTSP87","PTCH-JTSP87-96"
"PTCH-JTSP87","PTCH-JTSP87-108"
"PTCH-JTSP87","PTCH-JTSP87-120"
"PTCH-JTSP87","PTCH-JTSP87-CUS"
"PTCH-ROM","PTCH-ROM-CAS"
"PTCH-ROM","PTCH-ROM-SFL"
"PTCH-ROM","PTCH-ROM-FSL"
"PTCH-ROM","PTCH-ROM-RLX"
"PTFFLK-C2","PTFFLK-C2-84"
"PTFFLK-C2","PTFFLK-C2-96"
"PTFFLK-C2","PTFFLK-C2-108"
"PTFFLK-C2","PTFFLK-C2-120"
"PTFFLK-C2","PTFFLK-C2-CUS"
"PTFFLK-C20A","PTFFLK-C20A-84"
"PTFFLK-C20A","PTFFLK-C20A-96"
"PTFFLK-C20A","PTFFLK-C20A-108"
"PTFFLK-C20A","PTFFLK-C20A-120"
"PTFFLK-C20A","PTFFLK-C20A-CUS"
"PTFFLK-C20B","PTFFLK-C20B-84"
"PTFFLK-C20B","PTFFLK-C20B-96"
"PTFFLK-C20B","PTFFLK-C20B-108"
"PTFFLK-C20B","PTFFLK-C20B-120"
"PTFFLK-C20B","PTFFLK-C20B-CUS"
"PTFFLK-C21A","PTFFLK-C21A-84"
"PTFFLK-C21A","PTFFLK-C21A-96"
"PTFFLK-C21A","PTFFLK-C21A-108"
"PTFFLK-C21A","PTFFLK-C21A-120"
"PTFFLK-C21A","PTFFLK-C21A-CUS"
"PTFFLK-C21B","PTFFLK-C21B-84"
"PTFFLK-C21B","PTFFLK-C21B-96"
"PTFFLK-C21B","PTFFLK-C21B-108"
"PTFFLK-C21B","PTFFLK-C21B-120"
"PTFFLK-C21B","PTFFLK-C21B-CUS"
"PTFFLK-C22A","PTFFLK-C22A-84"
"PTFFLK-C22A","PTFFLK-C22A-96"
"PTFFLK-C22A","PTFFLK-C22A-108"
"PTFFLK-C22A","PTFFLK-C22A-120"
"PTFFLK-C22A","PTFFLK-C22A-CUS"
"PTFFLK-C22B","PTFFLK-C22B-84"
"PTFFLK-C22B","PTFFLK-C22B-96"
"PTFFLK-C22B","PTFFLK-C22B-108"
"PTFFLK-C22B","PTFFLK-C22B-120"
"PTFFLK-C22B","PTFFLK-C22B-CUS"
"PTFFLK-C23A","PTFFLK-C23A-84"
"PTFFLK-C23A","PTFFLK-C23A-96"
"PTFFLK-C23A","PTFFLK-C23A-108"
"PTFFLK-C23A","PTFFLK-C23A-120"
"PTFFLK-C23A","PTFFLK-C23A-CUS"
"PTFFLK-C23B","PTFFLK-C23B-84"
"PTFFLK-C23B","PTFFLK-C23B-96"
"PTFFLK-C23B","PTFFLK-C23B-108"
"PTFFLK-C23B","PTFFLK-C23B-120"
"PTFFLK-C23B","PTFFLK-C23B-CUS"
"PTFFLK-C25","PTFFLK-C25-84"
"PTFFLK-C25","PTFFLK-C25-96"
"PTFFLK-C25","PTFFLK-C25-108"
"PTFFLK-C25","PTFFLK-C25-120"
"PTFFLK-C25","PTFFLK-C25-CUS"
"PTFFLK-C26","PTFFLK-C26-84"
"PTFFLK-C26","PTFFLK-C26-96"
"PTFFLK-C26","PTFFLK-C26-108"
"PTFFLK-C26","PTFFLK-C26-120"
"PTFFLK-C26","PTFFLK-C26-CUS"
"PTFFLK-C30","PTFFLK-C30-84"
"PTFFLK-C30","PTFFLK-C30-96"
"PTFFLK-C30","PTFFLK-C30-108"
"PTFFLK-C30","PTFFLK-C30-120"
"PTFFLK-C30","PTFFLK-C30-CUS"
"PTFFLK-C5","PTFFLK-C5-84"
"PTFFLK-C5","PTFFLK-C5-96"
"PTFFLK-C5","PTFFLK-C5-108"
"PTFFLK-C5","PTFFLK-C5-120"
"PTFFLK-C5","PTFFLK-C5-CUS"
"PTFFLK-C7","PTFFLK-C7-84"
"PTFFLK-C7","PTFFLK-C7-96"
"PTFFLK-C7","PTFFLK-C7-108"
"PTFFLK-C7","PTFFLK-C7-120"
"PTFFLK-C7","PTFFLK-C7-CUS"
"PTSCH-11082","PTSCH-11082-84"
"PTSCH-11082","PTSCH-11082-96"
"PTSCH-11082","PTSCH-11082-108"
"PTSCH-11082","PTSCH-11082-120"
"PTSCH-11082","PTSCH-11082-CUS"
"PTSCH-11083","PTSCH-11083-84"
"PTSCH-11083","PTSCH-11083-96"
"PTSCH-11083","PTSCH-11083-108"
"PTSCH-11083","PTSCH-11083-120"
"PTSCH-11083","PTSCH-11083-CUS"
"PTSCH-11087","PTSCH-11087-84"
"PTSCH-11087","PTSCH-11087-96"
"PTSCH-11087","PTSCH-11087-108"
"PTSCH-11087","PTSCH-11087-120"
"PTSCH-11087","PTSCH-11087-CUS"
"PTSCH-11089","PTSCH-11089-84"
"PTSCH-11089","PTSCH-11089-96"
"PTSCH-11089","PTSCH-11089-108"
"PTSCH-11089","PTSCH-11089-120"
"PTSCH-11089","PTSCH-11089-CUS"
"PTSCH-11091","PTSCH-11091-84"
"PTSCH-11091","PTSCH-11091-96"
"PTSCH-11091","PTSCH-11091-108"
"PTSCH-11091","PTSCH-11091-120"
"PTSCH-11091","PTSCH-11091-CUS"
"PTSCH-11093","PTSCH-11093-84"
"PTSCH-11093","PTSCH-11093-96"
"PTSCH-11093","PTSCH-11093-108"
"PTSCH-11093","PTSCH-11093-120"
"PTSCH-11093","PTSCH-11093-CUS"
"PTSCH-11095","PTSCH-11095-84"
"PTSCH-11095","PTSCH-11095-96"
"PTSCH-11095","PTSCH-11095-108"
"PTSCH-11095","PTSCH-11095-120"
"PTSCH-11095","PTSCH-11095-CUS"
"PTSCH-11096","PTSCH-11096-84"
"PTSCH-11096","PTSCH-11096-96"
"PTSCH-11096","PTSCH-11096-108"
"PTSCH-11096","PTSCH-11096-120"
"PTSCH-11096","PTSCH-11096-CUS"
"PTSCH-11098","PTSCH-11098-84"
"PTSCH-11098","PTSCH-11098-96"
"PTSCH-11098","PTSCH-11098-108"
"PTSCH-11098","PTSCH-11098-120"
"PTSCH-11098","PTSCH-11098-CUS"
"PTSCH-11100","PTSCH-11100-84"
"PTSCH-11100","PTSCH-11100-84"
"PTSCH-11100","PTSCH-11100-96"
"PTSCH-11100","PTSCH-11100-96"
"PTSCH-11100","PTSCH-11100-108"
"PTSCH-11100","PTSCH-11100-108"
"PTSCH-11100","PTSCH-11100-120"
"PTSCH-11100","PTSCH-11100-120"
"PTSCH-11100","PTSCH-11100-CUS"
"PTSCH-11100","PTSCH-11100-Custom"
"PTSCH-12012","PTSCH-12012-84"
"PTSCH-12012","PTSCH-12012-96"
"PTSCH-12012","PTSCH-12012-108"
"PTSCH-12012","PTSCH-12012-120"
"PTSCH-12012","PTSCH-1-2012-CUS"
"PTSCH-13400","PTSCH-13400-84"
"PTSCH-13400","PTSCH-13400-96"
"PTSCH-13400","PTSCH-13400-108"
"PTSCH-13400","PTSCH-13400-120"
"PTSCH-13400","PTSCH-13400-CUS"
"PTSCH-13401","PTSCH-13401-84"
"PTSCH-13401","PTSCH-13401-96"
"PTSCH-13401","PTSCH-13401-108"
"PTSCH-13401","PTSCH-13401-120"
"PTSCH-13401","PTSCH-13401-CUS"
"PTSCH-13402","PTSCH-13402-84"
"PTSCH-13402","PTSCH-13402-96"
"PTSCH-13402","PTSCH-13402-108"
"PTSCH-13402","PTSCH-13402-120"
"PTSCH-13402","PTSCH-13402-CUS"
"PTSCH-13403","PTSCH-13403-84"
"PTSCH-13403","PTSCH-13403-96"
"PTSCH-13403","PTSCH-13403-108"
"PTSCH-13403","PTSCH-13403-120"
"PTSCH-13403","PTSCH-13403-CUS"
"PTSCH-13404","PTSCH-13404-84"
"PTSCH-13404","PTSCH-13404-96"
"PTSCH-13404","PTSCH-13404-108"
"PTSCH-13404","PTSCH-13404-120"
"PTSCH-13404","PTSCH-13404-CUS"
"PTSCH-32012","PTSCH-32012-84"
"PTSCH-32012","PTSCH-32012-96"
"PTSCH-32012","PTSCH-32012-108"
"PTSCH-32012","PTSCH-32012-120"
"PTSCH-32012","PTSCH-32012-CUS"
"PTSCH-42012","PTSCH-42012-84"
"PTSCH-42012","PTSCH-42012-96"
"PTSCH-42012","PTSCH-42012-108"
"PTSCH-42012","PTSCH-42012-120"
"PTSCH-42012","PTSCH-42012-CUS"
"PTSCH-52012","PTSCH-52012-84"
"PTSCH-52012","PTSCH-52012-96"
"PTSCH-52012","PTSCH-52012-108"
"PTSCH-52012","PTSCH-52012-120"
"PTSCH-52012","PTSCH-52012-CUS"
"PTSCH-72012","PTSCH-72012-84"
"PTSCH-72012","PTSCH-72012-96"
"PTSCH-72012","PTSCH-72012-108"
"PTSCH-72012","PTSCH-72012-120"
"PTSCH-72012","PTSCH-72012-CUS"
"PTSCH-ROM","PTSCH-13404-FB"
"PTSCH-ROM","PTSCH-ROM-CAS"
"PTSCH-ROM","PTSCH-ROM-SFL"
"PTSCH-ROM","PTSCH-13401-FB"
"PTSCH-ROM","PTSCH-13402-FB"
"PTSCH-ROM","PTSCH-ROM-FSL"
"PTSCH-ROM","PTSCH-ROM-RLX"
"PTSCH-ROM","PTSCH-11083-FB"
"PTSCH-ROM","PTSCH-11089-FB"
"PTSCH-ROM","PTSCH-11091-FB"
"PTSCH-ROM","PTSCH-11095-FB"
"PTSCH-ROM","PTSCH-11096-FB"
"PTSCH-ROM","PTSCH-12012-FB"
"PTSCH-ROM","PTSCH-13400-FB"
"PTSCH-ROM","PTSCH-13403-FB"
"PTSCH-ROM","PTSCH-32012-FB"
"PTSCH-ROM","PTSCH-42012-FB"
"PTSCH-ROM","PTSCH-52012-FB"
"PTSCH-ROM","PTSCH-SLK218-FB"
"PTSCH-ROM","PTSCH-72012-FB"
"PTSCH-ROM","PTSCH-SLK211-FB"
"PTSCH-ROM","PTSCH-11098-FB"
"PTSCH-ROM","PTSCH-11100-FB"
"PTSCH-ROM","PTSCH-11082-FB"
"PTSCH-ROM","PTSCH-11087-FB"
"PTSCH-ROM","PTSCH-11093-FB"
"PTSCH-SLK211","PTSCH-SLK211-84"
"PTSCH-SLK211","PTSCH-SLK211-96"
"PTSCH-SLK211","PTSCH-SLK211-108"
"PTSCH-SLK211","PTSCH-SLK211-120"
"PTSCH-SLK211","PTSCH-SLK211-CUS"
"PTSCH-SLK218","PTSCH-SLK218-84"
"PTSCH-SLK218","PTSCH-SLK218-96"
"PTSCH-SLK218","PTSCH-SLK218-108"
"PTSCH-SLK218","PTSCH-SLK218-120"
"PTSCH-SLK218","PTSCH-SLK218-CUS"
"SH-ORG12","SH-ORG12-84"
"SH-ORG12","SH-ORG12-96"
"SH-ORG12","SH-ORG12-108"
"SH-ORG12","SH-ORG12-120"
"SH-ORG12","SH-ORG12-CUS"
"SH-ORG2","SH-ORG2-84"
"SH-ORG2","SH-ORG2-96"
"SH-ORG2","SH-ORG2-108"
"SH-ORG2","SH-ORG2-120"
"SH-ORG2","SH-ORG2-CUS"
"SH-ORG48","SH-ORG48-84"
"SH-ORG48","SH-ORG48-96"
"SH-ORG48","SH-ORG48-108"
"SH-ORG48","SH-ORG48-120"
"SH-ORG48","SH-ORG48-CUS"
"SHCH-EMB20131A","SHCH-EMB20131A-84"
"SHCH-EMB20131A","SHCH-EMB20131A-96"
"SHCH-EMB20131A","SHCH-EMB20131A-108"
"SHCH-EMB20131A","SHCH-EMB20131A-120"
"SHCH-EMB20131A","SHCH-EMB20131A-CUS"
"SHCH-EMB20131B","SHCH-EMB20131B-84"
"SHCH-EMB20131B","SHCH-EMB20131B-96"
"SHCH-EMB20131B","SHCH-EMB20131B-108"
"SHCH-EMB20131B","SHCH-EMB20131B-120"
"SHCH-EMB20131B","SHCH-EMB20131B-CUS"
"SHCH-EMB20132A","SHCH-EMB20132A-84"
"SHCH-EMB20132A","SHCH-EMB20132A-96"
"SHCH-EMB20132A","SHCH-EMB20132A-108"
"SHCH-EMB20132A","SHCH-EMB20132A-120"
"SHCH-EMB20132A","SHCH-EMB20132A-CUS"
"SHCH-EMB20132B","SHCH-EMB20132B-84"
"SHCH-EMB20132B","SHCH-EMB20132B-96"
"SHCH-EMB20132B","SHCH-EMB20132B-108"
"SHCH-EMB20132B","SHCH-EMB20132B-120"
"SHCH-EMB20132B","SHCH-EMB20132B-CUS"
"SHCH-EMB20133A","SHCH-EMB20133A-84"
"SHCH-EMB20133A","SHCH-EMB20133A-96"
"SHCH-EMB20133A","SHCH-EMB20133A-108"
"SHCH-EMB20133A","SHCH-EMB20133A-120"
"SHCH-EMB20133A","SHCH-EMB20133A-CUS"
"SHCH-EMB20133B","SHCH-EMB20133B-84"
"SHCH-EMB20133B","SHCH-EMB20133B-96"
"SHCH-EMB20133B","SHCH-EMB20133B-108"
"SHCH-EMB20133B","SHCH-EMB20133B-120"
"SHCH-EMB20133B","SHCH-EMB20133B-CUS"
"SHCH-EMB20135","SHCH-EMB20135-84"
"SHCH-EMB20135","SHCH-EMB20135-96"
"SHCH-EMB20135","SHCH-EMB20135-108"
"SHCH-EMB20135","SHCH-EMB20135-120"
"SHCH-EMB20135","SHCH-EMB20135-CUS"
"SHCH-EMB20136","SHCH-EMB20136-84"
"SHCH-EMB20136","SHCH-EMB20136-96"
"SHCH-EMB20136","SHCH-EMB20136-108"
"SHCH-EMB20136","SHCH-EMB20136-120"
"SHCH-EMB20136","SHCH-EMB20136-CUS"
"SHCH-EMB20137","SHCH-EMB20137-84"
"SHCH-EMB20137","SHCH-EMB20137-96"
"SHCH-EMB20137","SHCH-EMB20137-108"
"SHCH-EMB20137","SHCH-EMB20137-120"
"SHCH-EMB20137","SHCH-EMB20137-CUS"
"SHCH-EMB20138","SHCH-EMB20138-84"
"SHCH-EMB20138","SHCH-EMB20138-96"
"SHCH-EMB20138","SHCH-EMB20138-108"
"SHCH-EMB20138","SHCH-EMB20138-120"
"SHCH-EMB20138","SHCH-EMB20138-CUS"
"SHCH-EMBOCS3231","SHCH-EMBOCS3231-84"
"SHCH-EMBOCS3231","SHCH-EMBOCS3231-96"
"SHCH-EMBOCS3231","SHCH-EMBOCS3231-108"
"SHCH-EMBOCS3231","SHCH-EMBOCS3231-CUS"
"SHCH-EMBOCS3293","SHCH-EMBOCS3293-84"
"SHCH-EMBOCS3293","SHCH-EMBOCS3293-96"
"SHCH-EMBOCS3293","SHCH-EMBOCS3293-108"
"SHCH-EMBOCS3293","SHCH-EMBOCS3293-CUS"
"SHCH-EMBOCS3595","SHCH-EMBOCS3595-84"
"SHCH-EMBOCS3595","SHCH-EMBOCS3595-96"
"SHCH-EMBOCS3595","SHCH-EMBOCS3595-108"
"SHCH-EMBOCS3595","SHCH-EMBOCS3595-120"
"SHCH-EMBOCS3595","SHCH-EMBOCS3595-CUS"
"SHCH-EMBOCS4084","SHCH-EMBOCS4084-84"
"SHCH-EMBOCS4084","SHCH-EMBOCS4084-96"
"SHCH-EMBOCS4084","SHCH-EMBOCS4084-108"
"SHCH-EMBOCS4084","SHCH-EMBOCS4084-CUS"
"SHCH-LH1211","SHCH-LH1211-84"
"SHCH-LH1211","SHCH-LH1211-96"
"SHCH-LH1211","SHCH-LH1211-108"
"SHCH-LH1211","SHCH-LH1211-CUS"
"SHCH-LH1222","SHCH-LH1222-84"
"SHCH-LH1222","SHCH-LH1222-96"
"SHCH-LH1222","SHCH-LH1222-108"
"SHCH-LH1222","SHCH-LH1222-CUS"
"SHCH-LH130","SHCH-LH130-84"
"SHCH-LH130","SHCH-LH130-96"
"SHCH-LH130","SHCH-LH130-108"
"SHCH-LH130","SHCH-LH130-CUS"
"SHCH-LH159","SHCH-LH159-84"
"SHCH-LH159","SHCH-LH159-96"
"SHCH-LH159","SHCH-LH159-108"
"SHCH-LH159","SHCH-LH159-CUS"
"SHCH-LH20132","SHCH-LH20132-84"
"SHCH-LH20132","SHCH-LH20132-96"
"SHCH-LH20132","SHCH-LH20132-108"
"SHCH-LH20132","SHCH-LH20132-CUS"
"SHCH-LH20133","SHCH-LH20133-84"
"SHCH-LH20133","SHCH-LH20133-96"
"SHCH-LH20133","SHCH-LH20133-108"
"SHCH-LH20133","SHCH-LH20133-CUS"
"SHCH-LH20134","SHCH-LH20134-84"
"SHCH-LH20134","SHCH-LH20134-96"
"SHCH-LH20134","SHCH-LH20134-108"
"SHCH-LH20134","SHCH-LH20134-CUS"
"SHCH-LH20135","SHCH-LH20135-84"
"SHCH-LH20135","SHCH-LH20135-96"
"SHCH-LH20135","SHCH-LH20135-108"
"SHCH-LH20135","SHCH-LH20135-CUS"
"SHCH-LH20136","SHCH-LH20136-84"
"SHCH-LH20136","SHCH-LH20136-84"
"SHCH-LH20136","SHCH-LH20136-96"
"SHCH-LH20136","SHCH-LH20136-96"
"SHCH-LH20136","SHCH-LH20136-108"
"SHCH-LH20136","SHCH-LH20136-108"
"SHCH-LH20136","SHCH-LH20136-CUS"
"SHCH-LH20136","SHCH-LH20136-CUS"
"SHCH-LH94A","SHCH-LH94A-84"
"SHCH-LH94A","SHCH-LH94A-96"
"SHCH-LH94A","SHCH-LH94A-108"
"SHCH-LH94A","SHCH-LH94A-CUS"
"SHCH-LH96","SHCH-LH96-84"
"SHCH-LH96","SHCH-LH96-96"
"SHCH-LH96","SHCH-LH96-108"
"SHCH-LH96","SHCH-LH96-CUS"
"SHCH-LH97","SHCH-LH97-84"
"SHCH-LH97","SHCH-LH97-84"
"SHCH-LH97","SHCH-LH97-96"
"SHCH-LH97","SHCH-LH97-96"
"SHCH-LH97","SHCH-LH97-108"
"SHCH-LH97","SHCH-LH97-108"
"SHCH-LH97","SHCH-LH97-CUS"
"SHCH-LH97","SHCH-LH97-CUS"
"SHCH-LHOCS333","SHCH-LHOCS333-84"
"SHCH-LHOCS333","SHCH-LHOCS333-96"
"SHCH-LHOCS333","SHCH-LHOCS333-108"
"SHCH-LHOCS333","SHCH-LHOCS333-CUS"
"SHCH-ORG1-PR","SHCH-ORG1-84-PR"
"SHCH-ORG1-PR","SHCH-ORG1-96-PR"
"SHCH-ORG1-PR","SHCH-ORG1-108-PR"
"SHCH-ORG1-PR","SHCH-ORG1-120-PR"
"SHCH-ORG1-PR","SHCH-ORG1-CUS"
"SHCH-ORG2-PR","SHCH-ORG2-84-PR"
"SHCH-ORG2-PR","SHCH-ORG2-96-PR"
"SHCH-ORG2-PR","SHCH-ORG2-108-PR"
"SHCH-ORG2-PR","SHCH-ORG2-120-PR"
"SHCH-ORG2-PR","SHCH-ORG2-CUS"
"SHCH-ORG2-PR-1","SHCH-ORG2-CUS"
"SHCH-ORG6-PR","SHCH-ORG6-84-PR"
"SHCH-ORG6-PR","SHCH-ORG6-96-PR"
"SHCH-ORG6-PR","SHCH-ORG6-108-PR"
"SHCH-ORG6-PR","SHCH-ORG6-120-PR"
"SHCH-ORG6-PR","SHCH-ORG6-CUS"
"SHCH-ORG6-PR","SHCH-ORG6-CUS"
"SHCH-OUR1921ASH","SHCH-OUR1921ASH-84"
"SHCH-OUR1921ASH","SHCH-OUR1921ASH-96"
"SHCH-OUR1921ASH","SHCH-OUR1921ASH-108"
"SHCH-OUR1921ASH","SHCH-OUR1921ASH-CUS"
"SHCH-OUR1922COC","SHCH-OUR1922COC-84"
"SHCH-OUR1922COC","SHCH-OUR1922COC-96"
"SHCH-OUR1922COC","SHCH-OUR1922COC-108"
"SHCH-OUR1922COC","SHCH-OUR1922COC-CUS"
"SHCH-OUR1923NAT","SHCH-OUR1923NAT-84"
"SHCH-OUR1923NAT","SHCH-OUR1923NAT-96"
"SHCH-OUR1923NAT","SHCH-OUR1923NAT-108"
"SHCH-OUR1923NAT","SHCH-OUR1923NAT-CUS"
"SHCH-OUR1925BLU","SHCH-OUR1925BLU-84"
"SHCH-OUR1925BLU","SHCH-OUR1925BLU-96"
"SHCH-OUR1925BLU","SHCH-OUR1925BLU-108"
"SHCH-OUR1925BLU","SHCH-OUR1925BLU-CUS"
"SHCH-VOL1-DLDW","SHCH-VOL1-84-DLDW"
"SHCH-VOL1-DLDW","SHCH-VOL1-96-DLDW"
"SHCH-VOL1-DLDW","SHCH-VOL1-108-DLDW"
"SHCH-VOL1-DLDW","SHCH-VOL1-120-DLDW"
"SHCH-VOL1-DLSW","SHCH-VOL1-84-DLSW"
"SHCH-VOL1-DLSW","SHCH-VOL1-96-DLSW"
"SHCH-VOL1-DLSW","SHCH-VOL1-108-DLSW"
"SHCH-VOL1-DLSW","SHCH-VOL1-120-DLSW"
"SHCH-VOL1-DLSW","SHCH-VOL1-DL-CUS"
"SHCH-VOL1-PR","SHCH-VOL1-84-PR"
"SHCH-VOL1-PR","SHCH-VOL1-96-PR"
"SHCH-VOL1-PR","SHCH-VOL1-108-PR"
"SHCH-VOL1-PR","SHCH-VOL1-120-PR"
"SHCH-VOL1-PR","SHCH-VOL1-SW"
"SHCH-VOL1-SLDW","SHCH-VOL1-84-SLDW"
"SHCH-VOL1-SLDW","SHCH-VOL1-96-SLDW"
"SHCH-VOL1-SLDW","SHCH-VOL1-108-SLDW"
"SHCH-VOL1-SLDW","SHCH-VOL1-120-SLDW"
"SHCH-VOL3-DLDW","SHCH-VOL3-84-DLDW"
"SHCH-VOL3-DLDW","SHCH-VOL3-96-DLDW"
"SHCH-VOL3-DLDW","SHCH-VOL3-108-DLDW"
"SHCH-VOL3-DLDW","SHCH-VOL3-120-DLDW"
"SHCH-VOL3-DLSW","SHCH-VOL3-84-DLSW"
"SHCH-VOL3-DLSW","SHCH-VOL3-96-DLSW"
"SHCH-VOL3-DLSW","SHCH-VOL3-108-DLSW"
"SHCH-VOL3-DLSW","SHCH-VOL3-120-DLSW"
"SHCH-VOL3-DLSW","SHCH-VOL3-DL-CUS"
"SHCH-VOL3-PR","SHCH-VOL3-84-PR"
"SHCH-VOL3-PR","SHCH-VOL3-96-PR"
"SHCH-VOL3-PR","SHCH-VOL3-108-PR"
"SHCH-VOL3-PR","SHCH-VOL3-120-PR"
"SHCH-VOL3-PR","SHCH-VOL3-SW"
"SHCH-VOL3-SLDW","SHCH-VOL3-84-SLDW"
"SHCH-VOL3-SLDW","SHCH-VOL3-96-SLDW"
"SHCH-VOL3-SLDW","SHCH-VOL3-108-SLDW"
"SHCH-VOL3-SLDW","SHCH-VOL3-120-SLDW"
"SHFLNCH-M011","SHFLNCH-M011-84"
"SHFLNCH-M011","SHFLNCH-M011-96"
"SHFLNCH-M011","SHFLNCH-M011-108"
"SHFLNCH-M011","SHFLNCH-M011-120"
"SHFLNCH-M011","SHFLNCH-M011-CUS"
"SHFLNCH-M012","SHFLNCH-M012-84"
"SHFLNCH-M012","SHFLNCH-M012-96"
"SHFLNCH-M012","SHFLNCH-M012-108"
"SHFLNCH-M012","SHFLNCH-M012-120"
"SHFLNCH-M012","SHFLNCH-M012-CUS"
"SHFLNCH-M013","SHFLNCH-M013-84"
"SHFLNCH-M013","SHFLNCH-M013-96"
"SHFLNCH-M013","SHFLNCH-M013-108"
"SHFLNCH-M013","SHFLNCH-M013-120"
"SHFLNCH-M013","SHFLNCH-M013-CUS"
"SHFLNCH-M015","SHFLNCH-M015-84"
"SHFLNCH-M015","SHFLNCH-M015-96"
"SHFLNCH-M015","SHFLNCH-M015-108"
"SHFLNCH-M015","SHFLNCH-M015-CUS"
"SHLNCH-J0105","SHLNCH-J0105-84"
"SHLNCH-J0105","SHLNCH-J0105-96"
"SHLNCH-J0105","SHLNCH-J0105-108"
"SHLNCH-J0105","SHLNCH-J0105-120"
"SHLNCH-J0105","SHLNCH-J0105-CUS"
"SHLNCH-J0106","SHLNCH-J0106-84"
"SHLNCH-J0106","SHLNCH-J0106-96"
"SHLNCH-J0106","SHLNCH-J0106-108"
"SHLNCH-J0106","SHLNCH-J0106-120"
"SHLNCH-J0106","SHLNCH-J0106-CUS"
"SS-ROM","SS-ROM-CAS"
"SS-ROM","SS-SBR13-FB"
"SS-ROM","DS-MSTK1-FB"
"SS-ROM","SS-SBN11-FB"
"SS-ROM","SS-ROM-SFL"
"SS-ROM","SS-ROM-FSL"
"SS-ROM","SS-SCY22-FB"
"SS-ROM","SS-SCB01-FB"
"SS-ROM","SS-ROM-RLX"
"SS-ROM","SS-SGD21-FB"
"SS-ROM","SS-SMR04-FB"
"SS-ROM","SS-SMB19-FB"
"SS-ROM","SS-SPW28-FB"
"SS-ROM","SS-SG05-FB"
"SS-ROM","SS-SSB02-FB"
"SS-ROM","SS-SG17-FB"
"SS-ROM","SS-STG16-FB"
"SS-SBN1-RU","SS-SBN1-84-RU"
"SS-SBN1-RU","SS-SBN1-96-RU"
"SS-SBN1-RU","SS-SBN1-108-RU"
"SS-SBN1-RU","SS-SBN1-120-RU"
"SS-SBN1-RU","SS-SBN1-RU-CUS"
"SS-SBN11","SS-SBN11-84"
"SS-SBN11","SS-SBN11-96"
"SS-SBN11","SS-SBN11-108"
"SS-SBN11","SS-SBN11-120"
"SS-SBN11","SS-SBN11-CUS"
"SS-SBR13","SS-SBR13-84"
"SS-SBR13","SS-SBR13-96"
"SS-SBR13","SS-SBR13-108"
"SS-SBR13","SS-SBR13-120"
"SS-SBR13","SS-SBR13-CUS"
"SS-SBR13-RU","SS-SBR13-84-RU"
"SS-SBR13-RU","SS-SBR13-96-RU"
"SS-SBR13-RU","SS-SBR13-108-RU"
"SS-SBR13-RU","SS-SBR13-120-RU"
"SS-SBR13-RU","SS-SBR13-RU-CUS"
"SS-SCB01","SS-SCB01-84"
"SS-SCB01","SS-SCB01-96"
"SS-SCB01","SS-SCB01-108"
"SS-SCB01","SS-SCB01-120"
"SS-SCB01","SS-SCB01-CUS"
"SS-SCB01-RU","SS-SCB01-84-RU"
"SS-SCB01-RU","SS-SCB02-96-RU"
"SS-SCB01-RU","SS-SCB03-108-RU"
"SS-SCB01-RU","SS-SCB04-120-RU"
"SS-SCB01-RU","SS-SCB04-RU-CUS"
"SS-SCY22-RU","SS-SCY22-84-RU"
"SS-SCY22-RU","SS-SCY22-96-RU"
"SS-SCY22-RU","SS-SCY22-108-RU"
"SS-SCY22-RU","SS-SCY22-120-RU"
"SS-SCY22-RU","SS-SCY22-RU-CUS"
"SS-SG05","SS-SG05-84"
"SS-SG05","SS-SG05-96"
"SS-SG05","SS-SG05-108"
"SS-SG05","SS-SG05-120"
"SS-SG05","SS-SG05-CUS"
"SS-SG05-RU","SS-SG05-84-RU"
"SS-SG05-RU","SS-SG05-96-RU"
"SS-SG05-RU","SS-SG05-108-RU"
"SS-SG05-RU","SS-SG05-120-RU"
"SS-SG05-RU","SS-SG05-RU-CUS"
"SS-SG17-RU","SS-SG17-84-RU"
"SS-SG17-RU","SS-SG17-96-RU"
"SS-SG17-RU","SS-SG17-108-RU"
"SS-SG17-RU","SS-SG17-120-RU"
"SS-SG17-RU","SS-SG17-RU-CUS"
"SS-SGD21","SS-SGD21-84"
"SS-SGD21","SS-SGD21-96"
"SS-SGD21","SS-SGD21-108"
"SS-SGD21","SS-SGD21-120"
"SS-SGD21","SS-SGD21-CUS"
"SS-SGD21-RU","SS-SGD21-84-RU"
"SS-SGD21-RU","SS-SGD21-96-RU"
"SS-SGD21-RU","SS-SGD21-108-RU"
"SS-SGD21-RU","SS-SGD21-120-RU"
"SS-SGD21-RU","SS-SGD21-RU-CUS"
"SS-SMB19","SS-SMB19-84"
"SS-SMB19","SS-SMB19-96"
"SS-SMB19","SS-SMB19-108"
"SS-SMB19","SS-SMB19-120"
"SS-SMB19","SS-SMB19-CUS"
"SS-SMB19-RU","SS-SMB19-84-RU"
"SS-SMB19-RU","SS-SMB19-96-RU"
"SS-SMB19-RU","SS-SMB19-108-RU"
"SS-SMB19-RU","SS-SMB19-120-RU"
"SS-SMB19-RU","SS-SMB19-RU-CUS"
"SS-SMR04","SS-SMR04-84"
"SS-SMR04","SS-SMR04-96"
"SS-SMR04","SS-SMR04-108"
"SS-SMR04","SS-SMR04-120"
"SS-SMR04","SS-SMR04-CUS"
"SS-SMR04-RU","SS-SMR04-84-RU"
"SS-SMR04-RU","SS-SMR04-96-RU"
"SS-SMR04-RU","SS-SMR04-108-RU"
"SS-SMR04-RU","SS-SMR04-120-RU"
"SS-SMR04-RU","SS-SMR04-RU-CUS"
"SS-SPW28","SS-SPW28-84"
"SS-SPW28","SS-SPW28-96"
"SS-SPW28","SS-SPW28-108"
"SS-SPW28","SS-SPW28-120"
"SS-SPW28","SS-SPW28-CUS"
"SS-SPW28-RU","SS-SPW28-84-RU"
"SS-SPW28-RU","SS-SPW28-96-RU"
"SS-SPW28-RU","SS-SPW28-108-RU"
"SS-SPW28-RU","SS-SPW28-120"
"SS-SPW28-RU","SS-SPW28-RU-CUS"
"SS-SSB02","SS-SSB02-84"
"SS-SSB02","SS-SSB02-96"
"SS-SSB02","SS-SSB02-108"
"SS-SSB02","SS-SSB02-120"
"SS-SSB02","SS-SSB02-CUS"
"SS-SSB02-RU","SS-SSB02-84-RU"
"SS-SSB02-RU","SS-SSB02-96-RU"
"SS-SSB02-RU","SS-SSB02-108-RU"
"SS-SSB02-RU","SS-SSB02-120-RU"
"SS-SSB02-RU","SS-SSB02-RU-CUS"
"SS-STG16","SS-STG16-84"
"SS-STG16","SS-STG16-96"
"SS-STG16","SS-STG16-108"
"SS-STG16","SS-STG16-120"
"SS-STG16","SS-STG16-CUS"
"SS-STG16-RU","SS-STG16-84-RU"
"SS-STG16-RU","SS-STG16-96-RU"
"SS-STG16-RU","SS-STG16-108-RU"
"SS-STG16-RU","SS-STG16-120-RU"
"SS-STG16-RU","SS-STG16-RU-CUS"
"SSRW-LF935","SSRW-LF935-CUS"
"SSRW-LF935","SSRW-LF935-84"
"SSRW-LF935","SSRW-LF935-84"
"SSRW-LF935","SSRW-LF935-96"
"SSRW-LF935","SSRW-LF935-96"
"SSRW-LF935","SSRW-LF935-108"
"SSRW-LF935","SSRW-LF935-108"
"SSRW-LF935","SSRW-LF935-120"
"SSRW-LF935","SSRW-LF935-120"
"SSRW-LF935","SSRW-LF935-CUS"
"SSRW-LF951","SSRW-LF951-84"
"SSRW-LF951","SSRW-LF951-96"
"SSRW-LF951","SSRW-LF951-108"
"SSRW-LF951","SSRW-LF951-120"
"SSRW-LF951","SSRW-LF951-CUS"
"SSRW-LF952","SSRW-LF952-84"
"SSRW-LF952","SSRW-LF952-84"
"SSRW-LF952","SSRW-LF952-96"
"SSRW-LF952","SSRW-LF952-96"
"SSRW-LF952","SSRW-LF952-108"
"SSRW-LF952","SSRW-LF952-108"
"SSRW-LF952","SSRW-LF952-120"
"SSRW-LF952","SSRW-LF952-120"
"SSRW-LF952","SSRW-LF952-CUS"
"SSRW-LF952","SSRW-LF952-CUS"
"SSRW-LF953","SSRW-LF953-84"
"SSRW-LF953","SSRW-LF953-96"
"SSRW-LF953","SSRW-LF953-108"
"SSRW-LF953","SSRW-LF953-120"
"SSRW-LF953","SSRW-LF953-CUS"
"SSRW-LF954","SSRW-LF954-84"
"SSRW-LF954","SSRW-LF954-84"
"SSRW-LF954","SSRW-LF954-96"
"SSRW-LF954","SSRW-LF954-96"
"SSRW-LF954","SSRW-LF954-108"
"SSRW-LF954","SSRW-LF954-108"
"SSRW-LF954","SSRW-LF954-120"
"SSRW-LF954","SSRW-LF954-120"
"SSRW-LF954","SSRW-LF954-CUS"
"SSRW-LF954","SSRW-LF954-CUS"
"SSRW-LF956","SSRW-LF956-84"
"SSRW-LF956","SSRW-LF956-96"
"SSRW-LF956","SSRW-LF956-108"
"SSRW-LF956","SSRW-LF956-120"
"SSRW-LF956","SSRW-LF956-CUS"
"SSRW-LF959","SSRW-LF959-84"
"SSRW-LF959","SSRW-LF959-96"
"SSRW-LF959","SSRW-LF959-108"
"SSRW-LF959","SSRW-LF959-120"
"SSRW-LF959","SSRW-LF959-CUS"
"SSRW-ROM","SSRW-ROM-CAS"
"SSRW-ROM","SSRW-ROM-SFL"
"SSRW-ROM","SSRW-ROM-FSL"
"SSRW-ROM","SSRW-ROM-RLX"
"SSTF-1","SSTF-1-84"
"SSTF-1","SSTF-1-96"
"SSTF-1","SSTF-1-108"
"SSTF-1","SSTF-1-120"
"SSTF-1","SSTF-1-CUS"
"SSTF-2","SSTF-2-84"
"SSTF-2","SSTF-2-96"
"SSTF-2","SSTF-2-108"
"SSTF-2","SSTF-2-120"
"SSTF-2","SSTF-2-CUS"
"SSTF-3","SSTF-3-84"
"SSTF-3","SSTF-3-96"
"SSTF-3","SSTF-3-108"
"SSTF-3","SSTF-3-120"
"SSTF-3","SSTF-3-CUS"
"SSTF-4","SSTF-4-84"
"SSTF-4","SSTF-4-96"
"SSTF-4","SSTF-4-108"
"SSTF-4","SSTF-4-120"
"SSTF-4","SSTF-4-CUS"
"SSTF-5","SSTF-5-84"
"SSTF-5","SSTF-5-96"
"SSTF-5","SSTF-5-108"
"SSTF-5","SSTF-5-120"
"SSTF-5","SSTF-5-CUS"
"SSTF-6","SSTF-6-84"
"SSTF-6","SSTF-6-96"
"SSTF-6","SSTF-6-108"
"SSTF-6","SSTF-6-120"
"SSTF-6","SSTF-6-CUS"
"SSTF-7","SSTF-7-84"
"SSTF-7","SSTF-7-96"
"SSTF-7","SSTF-7-108"
"SSTF-7","SSTF-7-120"
"SSTF-7","SSTF-7-CUS"
"SSTF-8","SSTF-8-84"
"SSTF-8","SSTF-8-96"
"SSTF-8","SSTF-8-108"
"SSTF-8","SSTF-8-120"
"SSTF-8","SSTF-8-CUS"
"sw1","pp1"
"test","PT-SLK-183test-96"
"test","PT-SLK-183test-84"
"TSCH-TBIL","TSCH-TBILC"
"TSCH-TBIL","TSCH-TBBL26939"
"TSCH-TBIL","TSCH-TBBL5615"
"VCCH-VET1201","VCCH-VET1201-84"
"VCCH-VET1201","VCCH-VET1201-96"
"VCCH-VET1201","VCCH-VET1201-108"
"VCCH-VET1201","VCCH-VET1201-120"
"VCCH-VET1201","VCCH-VET1201-CUS"
"VCCH-VET12010","VCCH-VET12010-84"
"VCCH-VET12010","VCCH-VET12010-96"
"VCCH-VET12010","VCCH-VET12010-108"
"VCCH-VET12010","VCCH-VET12010-120"
"VCCH-VET12010","VCCH-VET12010-CUS"
"VCCH-VET1202","VCCH-VET1202-84"
"VCCH-VET1202","VCCH-VET1202-96"
"VCCH-VET1202","VCCH-VET1202-108"
"VCCH-VET1202","VCCH-VET1202-120"
"VCCH-VET1202","VCCH-VET1202-CUS"
"VCCH-VET1203","VCCH-VET1203-84"
"VCCH-VET1203","VCCH-VET1203-96"
"VCCH-VET1203","VCCH-VET1203-108"
"VCCH-VET1203","VCCH-VET1203-120"
"VCCH-VET1203","VCCH-VET1203-CUS"
"VCCH-VET1204","VCCH-VET1204-84"
"VCCH-VET1204","VCCH-VET1204-96"
"VCCH-VET1204","VCCH-VET1204-108"
"VCCH-VET1204","VCCH-VET1204-120"
"VCCH-VET1204","VCCH-VET1204-CUS"
"VCCH-VET1205","VCCH-VET1205-84"
"VCCH-VET1205","VCCH-VET1205-96"
"VCCH-VET1205","VCCH-VET1205-108"
"VCCH-VET1205","VCCH-VET1205-120"
"VCCH-VET1205","VCCH-VET1205-CUS"
"VCCH-VET1206","VCCH-VET1206-84"
"VCCH-VET1206","VCCH-VET1206-96"
"VCCH-VET1206","VCCH-VET1206-108"
"VCCH-VET1206","VCCH-VET1206-120"
"VCCH-VET1206","VCCH-VET1206-CUS"
"VCCH-VET1207","VCCH-VET1207-84"
"VCCH-VET1207","VCCH-VET1207-96"
"VCCH-VET1207","VCCH-VET1207-108"
"VCCH-VET1207","VCCH-VET1207-120"
"VCCH-VET1207","VCCH-VET1207-CUS"
"VCCH-VET1208","VCCH-VET1208-84"
"VCCH-VET1208","VCCH-VET1208-96"
"VCCH-VET1208","VCCH-VET1208-108"
"VCCH-VET1208","VCCH-VET1208-120"
"VCCH-VET1208","VCCH-VET1208-CUS"
"VCCH-VET1209","VCCH-VET1209-84"
"VCCH-VET1209","VCCH-VET1209-96"
"VCCH-VET1209","VCCH-VET1209-108"
"VCCH-VET1209","VCCH-VET1209-120"
"VCCH-VET1209","VCCH-VET1209-CUS"
"VPCH-110602","VPCH-110602-84"
"VPCH-110602","VPCH-110602-96"
"VPCH-110602","VPCH-110602-108"
"VPCH-110602","VPCH-110602-120"
"VPCH-110602","VPCH-110602-CUS"
"VPCH-110602-GRBO","VPCH-110602-84-GRBO"
"VPCH-110602-GRBO","VPCH-110602-96-GRBO"
"VPCH-110602-GRBO","VPCH-110602-108-GRBO"
"VPCH-110602-GRBO","VPCH-110602-120-GRBO"
"VPCH-120601","VPCH-120601-84"
"VPCH-120601","VPCH-120601-96"
"VPCH-120601","VPCH-120601-108"
"VPCH-120601","VPCH-120601-120"
"VPCH-120601","VPCH-120601-CUS"
"VPCH-141113","VPCH-141113-84"
"VPCH-141113","VPCH-141113-96"
"VPCH-141113","VPCH-141113-108"
"VPCH-141113","VPCH-141113-120"
"VPCH-141113","VPCH-141113-CUS"
"VPCH-145002","VPCH-145002-84"
"VPCH-145002","VPCH-145002-96"
"VPCH-145002","VPCH-145002-108"
"VPCH-145002","VPCH-145002-120"
"VPCH-145002","VPCH-145002-CUS"
"VPCH-145002-GRBO","VPCH-145002-84-GRBO"
"VPCH-145002-GRBO","VPCH-145002-96-GRBO"
"VPCH-145002-GRBO","VPCH-145002-108-GRBO"
"VPCH-145002-GRBO","VPCH-145002-120-GRBO"
"VPCH-184005","VPCH-184005-84"
"VPCH-184005","VPCH-184005-96"
"VPCH-184005","VPCH-184005-108"
"VPCH-184005","VPCH-184005-120"
"VPCH-184005","VPCH-184005-CUS"
"VPCH-184005-GRBO","VPCH-184005-84-GRBO"
"VPCH-184005-GRBO","VPCH-184005-96-GRBO"
"VPCH-184005-GRBO","VPCH-184005-108-GRBO"
"VPCH-184005-GRBO","VPCH-184005-120-GRBO"
"VPCH-190622","VPCH-190622-84"
"VPCH-190622","VPCH-190622-96"
"VPCH-190622","VPCH-190622-108"
"VPCH-190622","VPCH-190622-120"
"VPCH-190622","VPCH-190622-CUS"
"VPCH-190622-GRBO","VPCH-190622-84-GRBO"
"VPCH-190622-GRBO","VPCH-190622-96-GRBO"
"VPCH-190622-GRBO","VPCH-190622-108-GRBO"
"VPCH-190622-GRBO","VPCH-190622-120-GRBO"
"VPCH-190912","VPCH-190912-84"
"VPCH-190912","VPCH-190912-96"
"VPCH-190912","VPCH-190912-108"
"VPCH-190912","VPCH-190912-120"
"VPCH-190912","VPCH-190912-CUS"
"VPCH-190912-GRBO","VPCH-190912-84-GRBO"
"VPCH-190912-GRBO","VPCH-190912-96-GRBO"
"VPCH-190912-GRBO","VPCH-190912-108-GRBO"
"VPCH-190912-GRBO","VPCH-190912-120-GRBO"
"VPCH-192018","VPCH-192018-84"
"VPCH-192018","VPCH-192018-96"
"VPCH-192018","VPCH-192018-108"
"VPCH-192018","VPCH-192018-120"
"VPCH-192018","VPCH-192018-CUS"
"VPCH-192018-GRBO","VPCH-192018-84-GRBO"
"VPCH-192018-GRBO","VPCH-192018-96-GRBO"
"VPCH-192018-GRBO","VPCH-192018-108-GRBO"
"VPCH-192018-GRBO","VPCH-192018-120-GRBO"
"VPCH-192315","VPCH-192315-84"
"VPCH-192315","VPCH-192315-96"
"VPCH-192315","VPCH-192315-108"
"VPCH-192315","VPCH-192315-120"
"VPCH-192315","VPCH-192315-CUS"
"VPCH-192315-GRBO","VPCH-192315-84-GRBO"
"VPCH-192315-GRBO","VPCH-192315-96-GRBO"
"VPCH-192315-GRBO","VPCH-192315-108-GRBO"
"VPCH-192315-GRBO","VPCH-192315-120-GRBO"
"VPCH-193810","VPCH-194007-84"
"VPCH-193810","VPCH-193810-96"
"VPCH-193810","VPCH-194007-108"
"VPCH-193810","VPCH-194007-120"
"VPCH-193810","VPCH-194007-CUS"
"VPCH-194007","VPCH-194007-84"
"VPCH-194007","VPCH-194007-96"
"VPCH-194007","VPCH-194007-108"
"VPCH-194007","VPCH-194007-120"
"VPCH-194007","VPCH-194007-CUS"
"VPCH-194007-GRBO","VPCH-194007-84-GRBO"
"VPCH-194007-GRBO","VPCH-194007-96-GRBO"
"VPCH-194007-GRBO","VPCH-194007-108-GRBO"
"VPCH-194007-GRBO","VPCH-194007-120-GRBO"
"VPCH-194023","VPCH-194023-84"
"VPCH-194023","VPCH-194023-96"
"VPCH-194023","VPCH-194023-108"
"VPCH-194023","VPCH-194023-120"
"VPCH-194023","VPCH-194023-CUS"
"VPCH-194023-GRBO","VPCH-194023-84-GRBO"
"VPCH-194023-GRBO","VPCH-194023-96-GRBO"
"VPCH-194023-GRBO","VPCH-194023-108-GRBO"
"VPCH-194023-GRBO","VPCH-194023-120-GRBO"
"VPCH-ROM","VPCH-ROM-CAS"
"VPCH-ROM","VPCH-192018-FB"
"VPCH-ROM","VPCH-192315-FB"
"VPCH-ROM","VPCH-ROM-SFL"
"VPCH-ROM","VPCH-ROM-FSL"
"VPCH-ROM","VPCH-190622-FB"
"VPCH-ROM","VPCH-120601-FB"
"VPCH-ROM","VPCH-ROM-RLX"
"VPCH-ROM","VPCH-190912-FB"
"VPCH-ROM","VPCH-194023-FB"
"VPCH-ROM","VPCH-184005-FB"
"VPCH-ROM","VPCH-110602-FB"
"VPCH-ROM","VPCH-145002-FB"
"VPCH-ROM","VPCH-194007-FB"
"VPCH-ROM","VPCH-141113-FB"
"VPCH-VET1211","VPCH-VET1211-84"
"VPCH-VET1211","VPCH-VET1211-96"
"VPCH-VET1211","VPCH-VET1211-108"
"VPCH-VET1211","VPCH-VET1211-120"
"VPCH-VET1211","VPCH-VET1211-CUS"
"VPCH-VET1212","VPCH-VET1212-84"
"VPCH-VET1212","VPCH-VET1212-96"
"VPCH-VET1212","VPCH-VET1212-108"
"VPCH-VET1212","VPCH-VET1212-120"
"VPCH-VET1212","VPCH-VET1212-CUS"
"VPCH-VET1213","VPCH-VET1213-84"
"VPCH-VET1213","VPCH-VET1213-96"
"VPCH-VET1213","VPCH-VET1213-108"
"VPCH-VET1213","VPCH-VET1213-120"
"VPCH-VET1213","VPCH-VET1213-CUS"
"VPCH-VET1214","VPCH-VET1214-84"
"VPCH-VET1214","VPCH-VET1214-96"
"VPCH-VET1214","VPCH-VET1214-108"
"VPCH-VET1214","VPCH-VET1214-120"
"VPCH-VET1214","VPCH-VET1214-CUS"
"VPCH-VET1215","VPCH-VET1215-84"
"VPCH-VET1215","VPCH-VET1215-96"
"VPCH-VET1215","VPCH-VET1215-108"
"VPCH-VET1215","VPCH-VET1215-120"
"VPCH-VET1215","VPCH-VET1215-CUS"
"VPCH-VET1216","VPCH-VET1216-84"
"VPCH-VET1216","VPCH-VET1216-96"
"VPCH-VET1216","VPCH-VET1216-108"
"VPCH-VET1216","VPCH-VET1216-120"
"VPCH-VET1216","VPCH-VET1216-CUS"
"VPCH-VET1217","VPCH-VET1217-84"
"VPCH-VET1217","VPCH-VET1217-96"
"VPCH-VET1217","VPCH-VET1217-108"
"VPCH-VET1217","VPCH-VET1217-120"
"VPCH-VET1217","VPCH-VET1217-CUS"
"VPCH-VET1218","VPCH-VET1218-84"
"VPCH-VET1218","VPCH-VET1218-96"
"VPCH-VET1218","VPCH-VET1218-108"
"VPCH-VET1218","VPCH-VET1218-120"
"VPCH-VET1218","VPCH-VET1218-CUS"
"VPCH-VET1219","VPCH-VET1219-84"
"VPCH-VET1219","VPCH-VET1219-96"
"VPCH-VET1219","VPCH-VET1219-108"
"VPCH-VET1219","VPCH-VET1219-120"
"VPCH-VET1219","VPCH-VET1219-CUS"
"VPCH601","VPCH-120601-84"
"VPCH601","VPCH-120601-96"
"VPCH601","VPCH-120601-108"
"VPCH601","VPCH-120601-120"
"VPCH601","VPCH-1-20601-CUS"
"VPCH601-GRBO","VPCH-120601-84-GRBO"
"VPCH601-GRBO","VPCH-120601-96-GRBO"
"VPCH601-GRBO","VPCH-120601-108-GRBO"
"VPCH601-GRBO","VPCH-120601-120-GRBO"
