SKU,Available
"EFSCH-AL450C4-SW","Yes"
"BOCH-KC30","Yes"
"BOCH601-SW","Yes"
"BOCH-KC32","Yes"
"VPCH601-SW","Yes"
"VPCH-120601-SW","Yes"
"VPCH-120601-SW","Yes"
"BOCH-120601-SW","Yes"
"PDCH-KBS3-84","Yes"
"PDCH-KBS3-96","Yes"
"PDCH-KBS3-108","Yes"
"PDCH-KBS3-120","Yes"
"PTSCH-11091-84","No"
"PTSCH-11091-96","No"
"PTSCH-11091-108","Yes"
"PTSCH-11091-120","No"
"VPCH-VET1216-96","Yes"
"VPCH-VET1216-108","Yes"
"VPCH-VET1216-120","Yes"
"VPCH-VET1214-96","Yes"
"VPCH-VET1214-108","Yes"
"VPCH-VET1214-120","Yes"
"PTS-22012-96","No"
"PTS-22012-108","No"
"PTS-22012-120","No"
"DIS-ID15-84","Yes"
"DIS-ID15-96","Yes"
"DIS-ID15-108","Yes"
"DIS-ID15-120","Yes"
"DIS-ID224-84","No"
"DIS-ID224-96","No"
"DIS-ID224-108","No"
"DIS-ID224-120","No"
"VCCH-VET1201-84","Yes"
"VCCH-VET1201-96","Yes"
"VCCH-VET1201-108","Yes"
"VCCH-VET1201-120","Yes"
"VCCH-VET1208-84","No"
"VCCH-VET1208-96","Yes"
"VCCH-VET1208-108","Yes"
"VCCH-VET1208-120","No"
"PDCH-KBS16-84","Yes"
"CZCH-CTZ3-84","No"
"CZCH-CTZ3-120","No"
"DIS-ID7806-84","Yes"
"DIS-ID7806-96","No"
"DIS-ID7806-108","No"
"DIS-ID7806-120","No"
"PTSCH-11087-84","No"
"PTSCH-11087-96","No"
"PTSCH-11087-108","No"
"PTSCH-11087-120","No"
"CZCH-CTZ12-84","Yes"
"CZCH-CTZ12-96","Yes"
"CZCH-CTZ12-120","No"
"VCCH-VET1202-84","Yes"
"VCCH-VET1202-96","Yes"
"VCCH-VET1202-108","Yes"
"VCCH-VET1202-120","Yes"
"DIS-ID124-84","Yes"
"DIS-ID124-96","Yes"
"DIS-ID124-108","No"
"DIS-ID124-120","Yes"
"CZCH-CTZ5-84","No"
"CZCH-CTZ5-96","Yes"
"CZCH-CTZ5-120","Yes"
"VCCH-VET1203-84","Yes"
"VCCH-VET1203-96","Yes"
"VCCH-VET1203-108","Yes"
"VCCH-VET1203-120","Yes"
"CZCH-CTZ10-84","No"
"CZCH-CTZ10-96","No"
"CZCH-CTZ10-120","No"
"PDCH-KBS6-84","Yes"
"PDCH-KBS6-96","Yes"
"PDCH-KBS6-108","Yes"
"PDCH-KBS6-120","Yes"
"PTSCH-11093-84","Yes"
"PTSCH-11093-96","Yes"
"PTSCH-11093-108","Yes"
"PTSCH-11093-120","Yes"
"DIS-ID112-84","No"
"DIS-ID112-96","No"
"DIS-ID112-108","No"
"DIS-ID112-120","No"
"DIS-ID1-84","Yes"
"DIS-ID1-96","Yes"
"DIS-ID1-108","Yes"
"DIS-ID1-120","Yes"
"DIS-ID9-84","Yes"
"DIS-ID9-96","No"
"DIS-ID9-108","No"
"DIS-ID9-120","No"
"DIS-ID50-84","Yes"
"DIS-ID50-96","Yes"
"DIS-ID50-108","No"
"DIS-ID50-120","No"
"DIS-ID37-84","Yes"
"DIS-ID37-96","Yes"
"DIS-ID37-108","Yes"
"DIS-ID37-120","Yes"
"DIS-ID68-84","No"
"DIS-ID68-108","No"
"DIS-ID68-120","No"
"VCCH-VET12010-84","Yes"
"VCCH-VET12010-96","Yes"
"VCCH-VET12010-108","Yes"
"VCCH-VET12010-120","Yes"
"PTCH-JTSP102-84","No"
"PTCH-JTSP102-108","Yes"
"PTCH-JTSP120-84","Yes"
"PTCH-JTSP120-108","Yes"
"PTCH-JTSP120-120","Yes"
"PTCH-JTSP100-84","Yes"
"PTCH-JTSP100-108","Yes"
"PTCH-JTSP100-120","Yes"
"PTCH-JTSP005-84","Yes"
"PTCH-JTSP005-120","Yes"
"PTCH-JTSP54-84","Yes"
"PTCH-JTSP54-108","Yes"
"PTCH-JTSP54-120","Yes"
"PTCH-JTSP41-96","Yes"
"PTCH-JTSP41-108","Yes"
"PTCH-JTSP003-96","Yes"
"PTCH-JTSP27-84","Yes"
"PTCH-JTSP27-120","Yes"
"PTCH-JTSP87-96","Yes"
"PTCH-JTSP87-108","Yes"
"PTCH-JTSP87-120","Yes"
"PTCH-JTSP112-84","Yes"
"PTCH-JTSP112-96","Yes"
"PTCH-JTSP112-108","Yes"
"PTCH-JTSP29-84","Yes"
"PTCH-JTSP29-120","Yes"
"PDCH-KBS8-84","Yes"
"PDCH-KBS8-96","Yes"
"PDCH-KBS8-108","Yes"
"PDCH-KBS8-120","Yes"
"CZCH-CTZ11-96","Yes"
"CZCH-CTZ11-120","Yes"
"PTSCH-11096-84","No"
"PTSCH-11096-96","No"
"PTSCH-11096-108","No"
"PTSCH-11096-120","No"
"PDCH-KBS1-84","Yes"
"PDCH-KBS1-96","Yes"
"PDCH-KBS1-108","Yes"
"PDCH-KBS1-120","Yes"
"VCCH-VET1205-84","No"
"VCCH-VET1205-96","No"
"VCCH-VET1205-108","No"
"VCCH-VET1205-120","No"
"VCCH-VET1209-84","Yes"
"VCCH-VET1209-96","Yes"
"VCCH-VET1209-108","Yes"
"VCCH-VET1209-120","Yes"
"PTCH-JTSP190912-84","Yes"
"PTCH-JTSP190912-96","Yes"
"VCCH-VET1206-84","Yes"
"VCCH-VET1206-96","Yes"
"VCCH-VET1206-108","Yes"
"VCCH-VET1206-120","Yes"
"PTCH-JTSP190912LAT-96","No"
"VCCH-VET1204-84","No"
"VCCH-VET1204-96","No"
"VCCH-VET1204-108","Yes"
"VCCH-VET1204-120","Yes"
"PTS-12012-84","No"
"PTS-12012-96","Yes"
"PTS-12012-108","Yes"
"PTS-12012-120","No"
"PTSCH-11100-84","No"
"PTSCH-11100-96","Yes"
"PTSCH-11100-108","No"
"PTSCH-11100-120","No"
"VPCH-184005-84","Yes"
"VPCH-184005-96","Yes"
"VPCH-184005-108","Yes"
"VPCH-184005-120","Yes"
"CZCH-CTZ8-96","No"
"CZCH-CTZ8-120","No"
"DIS-ID221-84","No"
"DIS-ID221-96","No"
"DIS-ID221-108","No"
"DIS-ID221-120","No"
"VPCH-110602-84","Yes"
"VPCH-110602-96","Yes"
"VPCH-110602-108","Yes"
"VPCH-110602-120","Yes"
"PDCH-KBS2-84","Yes"
"PDCH-KBS2-96","Yes"
"PDCH-KBS2-108","Yes"
"PDCH-KBS2-120","Yes"
"VCCH-VET1207-84","No"
"VCCH-VET1207-96","Yes"
"VCCH-VET1207-108","Yes"
"VCCH-VET1207-120","Yes"
"PTSCH-11098-84","No"
"PTSCH-11098-96","No"
"PTSCH-11098-108","Yes"
"PTSCH-11098-120","Yes"
"PDCH-KBS14-84","Yes"
"PDCH-KBS14-96","Yes"
"PDCH-KBS14-108","Yes"
"PDCH-KBS14-120","Yes"
"DIS-ID7727-84","Yes"
"DIS-ID7727-96","Yes"
"DIS-ID7727-108","Yes"
"DIS-ID7727-120","Yes"
"VPCH-141314-84","No"
"VPCH-141314-96","No"
"VPCH-141314-108","No"
"VPCH-141314-120","No"
"CZCH-CTZ1-84","Yes"
"CZCH-CTZ1-96","No"
"CZCH-CTZ1-120","No"
"PTSCH-11089-84","No"
"PTSCH-11089-96","No"
"PTSCH-11089-108","Yes"
"PTSCH-11089-120","Yes"
"PDCH-KBS18-84","Yes"
"PDCH-KBS18-96","Yes"
"PDCH-KBS18-108","Yes"
"PDCH-KBS18-120","Yes"
"PTSCH-11083-84","No"
"PTSCH-11083-96","Yes"
"PTSCH-11083-108","Yes"
"PTSCH-11083-120","Yes"
"PDCH-KBS5-84","Yes"
"PDCH-KBS5-96","Yes"
"PDCH-KBS5-108","Yes"
"PDCH-KBS5-120","Yes"
"CZCH-CTZ9-84","No"
"CZCH-CTZ9-96","No"
"CZCH-CTZ9-120","No"
"CZCH-CTZ7-96","No"
"CZCH-CTZ7-120","No"
"VPCH-154702-96","No"
"VPCH-154702-108","No"
"VPCH-154702-120","Yes"
"VPCH-VET1211-96","Yes"
"VPCH-VET1211-108","Yes"
"VPCH-VET1211-120","Yes"
"VPCH-VET1212-84","Yes"
"VPCH-VET1212-96","Yes"
"VPCH-VET1212-108","Yes"
"VPCH-VET1212-120","Yes"
"VPCH-192018-84","No"
"VPCH-192018-96","Yes"
"VPCH-192018-108","Yes"
"VPCH-192315-84","Yes"
"VPCH-192315-96","Yes"
"VPCH-192315-108","Yes"
"VPCH-192315-120","Yes"
"VPCH-193810-84","No"
"VPCH-193810-96","No"
"VPCH-193810-108","Yes"
"VPCH-193810-120","Yes"
"VPCH-190622-84","No"
"VPCH-190622-96","No"
"VPCH-190622-108","No"
"VPCH-190622-120","Yes"
"VPCH-VET1217-84","Yes"
"VPCH-VET1217-96","Yes"
"VPCH-VET1217-108","Yes"
"VPCH-VET1217-120","Yes"
"VPCH-120601-84","Yes"
"VPCH-120601-96","Yes"
"VPCH-120601-108","Yes"
"VPCH-120601-120","Yes"
"VPCH-190912-84","Yes"
"VPCH-190912-96","Yes"
"VPCH-190912-108","Yes"
"VPCH-190912-120","Yes"
"VPCH-VET1215-84","Yes"
"VPCH-VET1215-96","Yes"
"VPCH-VET1215-108","Yes"
"VPCH-VET1215-120","Yes"
"VPCH-194023-84","No"
"VPCH-194023-96","Yes"
"VPCH-194023-108","Yes"
"VPCH-194023-120","Yes"
"VPCH-145002-84","Yes"
"VPCH-145002-96","Yes"
"VPCH-145002-108","Yes"
"VPCH-145002-120","Yes"
"VPCH-VET1213-96","Yes"
"VPCH-VET1213-108","Yes"
"VPCH-VET1213-120","Yes"
"VPCH-194007-84","Yes"
"VPCH-194007-96","Yes"
"VPCH-194007-108","Yes"
"VPCH-194007-120","Yes"
"VPCH-141113-84","No"
"VPCH-141113-96","Yes"
"VPCH-141113-108","Yes"
"VPCH-141113-120","No"
"PDCH-KBS9-84","Yes"
"PDCH-KBS9-96","Yes"
"PDCH-KBS9-108","Yes"
"PDCH-KBS9-120","Yes"
"PDCH-KBS11-84","No"
"PDCH-KBS11-96","Yes"
"PDCH-KBS11-108","Yes"
"PDCH-KBS11-120","Yes"
"CZCH-CTZ4-120","No"
"DIS-ID20-84","No"
"DIS-ID20-96","No"
"DIS-ID20-108","Yes"
"DIS-ID20-120","No"
"SSTF-5-84","No"
"SSTF-5-96","No"
"SSTF-5-108","No"
"CZCH-CTZ6-84","No"
"CZCH-CTZ6-96","No"
"CZCH-CTZ2-84","No"
"CZCH-CTZ2-96","Yes"
"CZCH-CTZ2-120","No"
"PTSCH-11082-84","No"
"PTSCH-11082-96","No"
"PTSCH-11082-108","No"
"PTSCH-11082-120","No"
"DIS-ID7906-84","Yes"
"DIS-ID7906-96","Yes"
"DIS-ID7906-108","Yes"
"DIS-ID7906-120","Yes"
"PTSCH-11100-84","No"
"PTSCH-11100-96","Yes"
"PTSCH-11100-108","No"
"PTSCH-11100-120","No"
"PTCH-JTSP001-84","Yes"
"PTCH-JTSP005-84","Yes"
"PTCH-JTSP100-84","Yes"
"PTCH-JTSP100-108","Yes"
"PTCH-JTSP100-120","Yes"
"PTCH-JTSP102-84","No"
"PTCH-JTSP102-108","Yes"
"PTCH-JTSP005-120","Yes"
"PDCH-KBS11-84","No"
"PDCH-KBS11-96","Yes"
"PDCH-KBS11-108","Yes"
"PDCH-KBS11-120","Yes"
"PDCH-KBS1-84","Yes"
"PDCH-KBS1-96","Yes"
"PDCH-KBS1-108","Yes"
"PDCH-KBS1-120","Yes"
"PDCH-KBS14-108","Yes"
"PDCH-KBS14-120","Yes"
"PDCH-KBS16-84","Yes"
"PDCH-KBS18-96","Yes"
"PDCH-KBS9-84","Yes"
"PDCH-KBS9-96","Yes"
"PDCH-KBS9-108","Yes"
"PDCH-KBS9-120","Yes"
"PDCH-KBS8-84","Yes"
"PDCH-KBS8-96","Yes"
"PDCH-KBS8-108","Yes"
"PDCH-KBS6-84","Yes"
"PDCH-KBS6-96","Yes"
"PDCH-KBS6-108","Yes"
"PDCH-KBS6-120","Yes"
"13928931-000-000","Yes"
"13928926-000-000","Yes"
"13928866-000-000","Yes"
"BOCH-KC24-120","Yes"
"BOCH-KC24-84","No"
"BOCH-KC24-96","Yes"
"BOCH-KC24-108","Yes"
"EFSCH-AL450C4-120","No"
"EFSCH-AL450C4-96","Yes"
"EFSCH-AL450C4-108","Yes"
"EFSCH-AL450C2-96","Yes"
"EFSCH-AL450C2-108","Yes"
"EFSCH-AL450C2-120","Yes"
"EFSCH-AL450C3-96","Yes"
"EFSCH-AL450C3-108","Yes"
"EFSCH-AL450C3-120","Yes"
"PRTW-D05-84","Yes"
"PRTW-D05-96","Yes"
"PRTW-D05-108","No"
"PRTW-D05-120","Yes"
"PDCH-KBS3-120","Yes"
"PDCH-KBS3-108","Yes"
"PDCH-KBS3-84","Yes"
"PDCH-KBS3-96","Yes"
"BOCH-KC5-84","No"
"BOCH-KC5-96","Yes"
"BOCH-KC5-108","Yes"
"BOCH-KC5-120","Yes"
"PTSCH-11091-120","No"
"PTSCH-11091-84","No"
"PTSCH-11091-96","No"
"PTSCH-11091-108","No"
"JQCH-201263-84","No"
"JQCH-201263-96","No"
"JQCH-201263-108","Yes"
"JQCH-201263-120","Yes"
"JQCH-201268-84","No"
"JQCH-201268-96","No"
"JQCH-201268-108","No"
"JQCH-201268-120","No"
"JQCH-201266-84","No"
"JQCH-201266-96","No"
"JQCH-201266-108","No"
"JQCH-201266-120","No"
"PTCH-JTSP001-84","Yes"
"PRTW-D09-120","No"
"PRTW-D09-108","No"
"PRTW-D09-84","No"
"PRTW-D09-96","No"
"SHCH-EMB20135-120","Yes"
"SHCH-EMB20135-84","Yes"
"SHCH-EMB20135-96","Yes"
"SHCH-EMB20135-108","Yes"
"PTSCH-13403-84","Yes"
"PTSCH-13403-96","No"
"PTSCH-13403-108","Yes"
"PTSCH-13403-120","Yes"
"FHLCH-YL7178109-120","Yes"
"FHLCH-YL7178109-84","Yes"
"FHLCH-YL7178109-96","Yes"
"FHLCH-YL7178109-108","Yes"
"FHLCH-YL7176209-120","Yes"
"FHLCH-YL7176209-84","Yes"
"FHLCH-YL7176209-96","Yes"
"FHLCH-YL7176209-108","Yes"
"PTSCH-13404-84","No"
"PTSCH-13404-96","Yes"
"PTSCH-13404-108","Yes"
"PTSCH-13404-120","Yes"
"BOCH-131009-84","Yes"
"BOCH-131009-96","Yes"
"BOCH-131009-108","Yes"
"BOCH-131009-120","Yes"
"BOCH-131009-120-GR","Yes"
"BOCH-131009-84-GR","Yes"
"BOCH-131009-96-GR","Yes"
"BOCH-131009-108-GR","Yes"
"DIS-ID15-84","Yes"
"DIS-ID15-96","Yes"
"DIS-ID15-108","Yes"
"DIS-ID15-120","Yes"
"DIS-ID224-108","No"
"DIS-ID224-120","No"
"DIS-ID224-96","No"
"DIS-ID224-84","No"
"VCCH-VET1201-108","Yes"
"VCCH-VET1201-120","Yes"
"VCCH-VET1201-84","Yes"
"VCCH-VET1201-96","Yes"
"PTSCH-42012-84","No"
"PTSCH-42012-96","Yes"
"PTSCH-42012-108","Yes"
"PTSCH-42012-120","Yes"
"VCCH-VET1208-96","Yes"
"VCCH-VET1208-108","Yes"
"VCCH-VET1208-120","No"
"VCCH-VET1208-84","No"
"PRTW-D17-84","Yes"
"PRTW-D17-96","Yes"
"PRTW-D17-108","Yes"
"PRTW-D17-120","Yes"
"PRTW-D15-84","No"
"PRTW-D15-96","Yes"
"PRTW-D15-108","No"
"PRTW-D15-120","Yes"
"PRTW-D16-84","Yes"
"PRTW-D16-96","Yes"
"PRTW-D16-108","Yes"
"PRTW-D16-120","Yes"
"PRTW-D31-84","Yes"
"PRTW-D31-96","Yes"
"PRTW-D31-108","Yes"
"PRTW-D31-120","Yes"
"PRTW-D32-120","No"
"PRTW-D32-108","Yes"
"PRTW-D32-84","Yes"
"PRTW-D32-96","No"
"PRTW-D33-84","No"
"PRTW-D33-96","Yes"
"PRTW-D33-108","Yes"
"PRTW-D33-120","Yes"
"SHCH-EMBOCS3231-84","Yes"
"SHCH-EMBOCS3231-96","Yes"
"SHCH-EMBOCS3231-108","Yes"
"PTSCH-SLK218-108","Yes"
"PTSCH-SLK218-120","Yes"
"PTSCH-SLK218-84","Yes"
"PTSCH-SLK218-96","Yes"
"BOCH-KC35-108","Yes"
"BOCH-KC35-120","Yes"
"BOCH-KC35-84","No"
"BOCH-KC35-96","Yes"
"BOCH-KC26-96","Yes"
"BOCH-KC26-108","Yes"
"BOCH-KC26-120","Yes"
"BOCH-KC26-84","Yes"
"DIS-ID7806-84","Yes"
"DIS-ID7806-96","Yes"
"DIS-ID7806-108","Yes"
"DIS-ID7806-120","Yes"
"PTSCH-11087-84","No"
"PTSCH-11087-96","No"
"PTSCH-11087-108","No"
"PTSCH-11087-120","No"
"EFSCH-20134G1-96","Yes"
"CZCH-CTZ12-96","Yes"
"CZCH-CTZ12-108","Yes"
"CZCH-CTZ12-120","No"
"CZCH-CTZ12-84","Yes"
"CZCH-CTZ12-108-GR","Yes"
"CZCH-CTZ12-120-GR","Yes"
"CZCH-CTZ12-84-GR","Yes"
"CZCH-CTZ12-96-GR","Yes"
"BOCH-KC30-84","Yes"
"BOCH-KC30-96","Yes"
"DIS-ID112-96","No"
"DIS-ID112-108","No"
"DIS-ID112-120","No"
"DIS-ID112-84","No"
"VCCH-VET1202-108","Yes"
"VCCH-VET1202-120","Yes"
"VCCH-VET1202-84","Yes"
"VCCH-VET1202-96","Yes"
"DIS-ID124-84","Yes"
"DIS-ID124-96","Yes"
"DIS-ID124-108","No"
"DIS-ID124-120","Yes"
"CZCH-CTZ5-120","Yes"
"CZCH-CTZ5-84","No"
"CZCH-CTZ5-96","Yes"
"CZCH-CTZ5-108","Yes"
"CZCH-CTZ5-84-GR","No"
"CZCH-CTZ5-96-GR","No"
"CZCH-CTZ5-108-GR","No"
"CZCH-CTZ5-120-GR","No"
"VCCH-VET1203-120","Yes"
"VCCH-VET1203-84","Yes"
"VCCH-VET1203-96","Yes"
"VCCH-VET1203-108","Yes"
"SHCH-EMBOCS3595-84","No"
"SHCH-EMBOCS3595-96","Yes"
"SHCH-EMBOCS3595-108","No"
"SHCH-EMBOCS3595-120","Yes"
"PDCH-KBS6-84","Yes"
"PDCH-KBS6-96","Yes"
"PDCH-KBS6-108","Yes"
"PDCH-KBS6-120","Yes"
"PTCH-JTSP209-84","Yes"
"PTCH-JTSP209-108","Yes"
"PTSCH-11093-84","Yes"
"PTSCH-11093-96","Yes"
"PTSCH-11093-108","Yes"
"PTSCH-11093-120","Yes"
"PTCH-JTSP102-84","No"
"PTCH-JTSP102-108","Yes"
"FHLCH-YL7178117-84","No"
"FHLCH-YL7178117-96","Yes"
"FHLCH-YL7178117-108","Yes"
"FHLCH-YL7178117-120","Yes"
"FHLCH-YL7176217-84","Yes"
"FHLCH-YL7176217-96","Yes"
"FHLCH-YL7176217-108","Yes"
"FHLCH-YL7176217-120","Yes"
"PRTW-D26-84","Yes"
"PRTW-D26-96","Yes"
"PRTW-D26-108","Yes"
"PRTW-D26-120","Yes"
"VCCH-VET12010-108","Yes"
"VCCH-VET12010-120","Yes"
"VCCH-VET12010-84","Yes"
"VCCH-VET12010-96","Yes"
"BOCH-193810-84","Yes"
"BOCH-193810-96","No"
"BOCH-193810-108","Yes"
"BOCH-193810-120","Yes"
"BOCH-193810-96-GR","Yes"
"BOCH-193810-108-GR","Yes"
"BOCH-193810-120-GR","Yes"
"BOCH-193810-84-GR","Yes"
"BOCH-120601-84","Yes"
"BOCH-120601-96","Yes"
"BOCH-120601-108","Yes"
"BOCH-120601-120","Yes"
"BOCH-120601-84-GR","Yes"
"BOCH-120601-96-GR","Yes"
"BOCH-120601-108-GR","Yes"
"BOCH-120601-120-GR","Yes"
"PTCH-JTSP120-108","Yes"
"PTCH-JTSP120-120","Yes"
"PTCH-JTSP120-84","Yes"
"PTCH-JTSP208-84","No"
"PTCH-JTSP208-108","Yes"
"PTCH-JTSP208-120","Yes"
"SHCH-EMB20137-108","Yes"
"PTCH-JTSP100-84","Yes"
"PTCH-JTSP100-108","Yes"
"PTCH-JTSP100-120","Yes"
"PTFFLK-C23A-84","Yes"
"PTFFLK-C23A-96","Yes"
"PTFFLK-C23A-108","Yes"
"PTFFLK-C23A-120","Yes"
"PTFFLK-C23B-84","No"
"PTFFLK-C23B-96","No"
"PTFFLK-C23B-108","No"
"PTFFLK-C23B-120","No"
"PTFFLK-C5-84","Yes"
"PTFFLK-C5-120","Yes"
"PTFFLK-C5-96","Yes"
"PTFFLK-C5-108","Yes"
"PTFFLK-C7-84","Yes"
"PTFFLK-C7-96","Yes"
"PTFFLK-C7-108","Yes"
"PTFFLK-C7-120","Yes"
"PTCH-JTSP202-96","Yes"
"PDCH-KBS8-84","Yes"
"PDCH-KBS8-96","Yes"
"PDCH-KBS8-108","Yes"
"PDCH-KBS8-120","Yes"
"SHCH-EMB20131B-120","No"
"SHCH-EMB20131A-96","No"
"SHFLNCH-M012-120","Yes"
"SHFLNCH-M012-84","Yes"
"SHFLNCH-M012-108","Yes"
"BOCH-KC31-84","Yes"
"BOCH-KC31-96","Yes"
"BOCH-KC31-108","Yes"
"BOCH-KC31-120","Yes"
"PTCH-JTSP206-108","Yes"
"PTCH-JTSP206-120","Yes"
"PTCH-JTSP005-84","Yes"
"PTCH-JTSP005-120","Yes"
"FHLCH-YL3012-84","Yes"
"FHLCH-YL3012-96","Yes"
"FHLCH-YL3012-108","Yes"
"FHLCH-YL3012-120","No"
"BOCH-KC36-84","No"
"BOCH-KC36-96","Yes"
"BOCH-KC36-108","Yes"
"BOCH-KC36-120","Yes"
"PTCH-JTSP205-120","Yes"
"BOCH-KC27-84","Yes"
"BOCH-KC27-96","Yes"
"BOCH-KC27-108","Yes"
"BOCH-KC27-120","Yes"
"FHLCH-YL5003-120","No"
"FHLCH-YL5003-84","No"
"FHLCH-YL5003-96","Yes"
"FHLCH-YL5003-108","No"
"PTCH-JTSP54-84","Yes"
"PTCH-JTSP54-108","Yes"
"PTCH-JTSP54-120","Yes"
"PRTW-D25-84","No"
"PRTW-D25-96","No"
"PRTW-D25-108","No"
"PRTW-D25-120","No"
"PDCH-KBS1-84","Yes"
"PDCH-KBS1-96","Yes"
"PDCH-KBS1-108","Yes"
"PDCH-KBS1-120","Yes"
"PRTW-D24B-84","No"
"PRTW-D24B-96","Yes"
"PRTW-D24B-108","Yes"
"PRTW-D24B-120","Yes"
"PRTW-D24A-84","No"
"PRTW-D24A-96","No"
"PRTW-D24A-108","No"
"PRTW-D24A-120","No"
"PRTW-D12-84","No"
"PRTW-D12-96","No"
"PRTW-D12-108","No"
"PRTW-D12-120","No"
"VCCH-VET1205-84","No"
"VCCH-VET1205-96","No"
"VCCH-VET1205-108","No"
"VCCH-VET1205-120","No"
"VCCH-VET1209-108","Yes"
"VCCH-VET1209-120","Yes"
"VCCH-VET1209-84","Yes"
"VCCH-VET1209-96","Yes"
"PRTW-D11-84","Yes"
"PRTW-D11-96","Yes"
"PRTW-D11-108","Yes"
"PRTW-D11-120","Yes"
"PRTW-D13-84","Yes"
"PRTW-D13-96","Yes"
"PRTW-D13-108","Yes"
"PRTW-D13-120","Yes"
"BOCH-191016-84","Yes"
"BOCH-191016-96","Yes"
"BOCH-191016-108","Yes"
"BOCH-191016-120","Yes"
"PTCH-JTSP190912-96","Yes"
"PTCH-JTSP190912-84","Yes"
"BOCH-191016-120-GR","Yes"
"BOCH-191016-84-GR","Yes"
"BOCH-191016-96-GR","Yes"
"BOCH-191016-108-GR","Yes"
"BOCH-190303-84","Yes"
"BOCH-190303-96","Yes"
"BOCH-190303-108","Yes"
"BOCH-190303-120","Yes"
"PTCH-JTSP41-108","Yes"
"PTCH-JTSP41-96","Yes"
"BOCH-190303-84-GR","Yes"
"BOCH-190303-96-GR","Yes"
"BOCH-190303-108-GR","Yes"
"BOCH-190303-120-GR","Yes"
"SHCH-EMBOCS3293-84","Yes"
"SHCH-EMBOCS3293-96","Yes"
"SHCH-EMBOCS3293-108","Yes"
"BOCH-KC22-84","Yes"
"BOCH-KC22-96","Yes"
"BOCH-KC22-108","Yes"
"BOCH-KC22-120","Yes"
"BOCH-KC29-84","Yes"
"BOCH-KC29-96","Yes"
"BOCH-KC29-108","Yes"
"BOCH-KC29-120","Yes"
"FHLCH-YL7178103-84","Yes"
"FHLCH-YL7178103-96","Yes"
"FHLCH-YL7178103-108","Yes"
"FHLCH-YL7178103-120","Yes"
"FHLCH-YL7176203-96","Yes"
"FHLCH-YL7176203-108","Yes"
"FHLCH-YL7176203-120","Yes"
"FHLCH-YL7176203-84","Yes"
"VCCH-VET1206-84","Yes"
"VCCH-VET1206-96","Yes"
"VCCH-VET1206-108","Yes"
"VCCH-VET1206-120","Yes"
"FHLCH-YL3022-84","Yes"
"FHLCH-YL3022-96","Yes"
"FHLCH-YL3022-108","Yes"
"FHLCH-YL3022-120","No"
"DIS-ID1-120","Yes"
"DIS-ID1-84","Yes"
"DIS-ID1-96","Yes"
"DIS-ID1-108","Yes"
"PTFFLK-C20A-96","Yes"
"PTFFLK-C20A-108","Yes"
"PTFFLK-C20A-120","Yes"
"PTFFLK-C20A-84","Yes"
"PTFFLK-C20B-108","Yes"
"PTFFLK-C20B-120","Yes"
"PTFFLK-C20B-84","Yes"
"PTFFLK-C20B-96","Yes"
"SHCH-EMBOCS4084-84","Yes"
"SHCH-EMBOCS4084-96","Yes"
"SHCH-EMBOCS4084-108","Yes"
"JQCH-20122010-120","No"
"JQCH-20122010-84","No"
"JQCH-20122010-96","No"
"JQCH-20122010-108","No"
"JQCH-2012204-108","Yes"
"JQCH-2012204-120","Yes"
"JQCH-2012204-96","Yes"
"JQCH-2012204-84","No"
"JQCH-2012201-108","Yes"
"JQCH-2012201-120","No"
"JQCH-2012201-84","No"
"JQCH-2012201-96","Yes"
"VCCH-VET1204-84","No"
"VCCH-VET1204-120","Yes"
"VCCH-VET1204-96","No"
"VCCH-VET1204-108","Yes"
"PTSCH-SLK211-96","Yes"
"PTSCH-SLK211-108","No"
"PTSCH-SLK211-120","No"
"PTSCH-SLK211-84","No"
"DIS-ID9-120","Yes"
"DIS-ID9-84","Yes"
"DIS-ID9-96","Yes"
"DIS-ID9-108","Yes"
"PRTW-D28-96","Yes"
"PRTW-D28-108","Yes"
"PRTW-D28-120","Yes"
"PRTW-D28-84","No"
"BOCH-KC6-120","Yes"
"BOCH-KC6-84","Yes"
"BOCH-KC6-96","Yes"
"BOCH-KC6-108","Yes"
"BOCH-201303-84","No"
"BOCH-201303-96","Yes"
"BOCH-201303-108","Yes"
"BOCH-201303-120","Yes"
"BOCH-201303-84-GR","Yes"
"PTSCH-12012-84","No"
"PTSCH-12012-96","Yes"
"PTSCH-12012-108","Yes"
"PTSCH-12012-120","No"
"PRTW-D02-84","No"
"PRTW-D02-96","No"
"PRTW-D02-108","No"
"PRTW-D02-120","Yes"
"PRTW-D23-120","No"
"PRTW-D23-108","No"
"PRTW-D23-84","No"
"PRTW-D23-96","No"
"PRTW-D20-84","No"
"PRTW-D20-96","No"
"PRTW-D20-108","No"
"PRTW-D20-120","No"
"PTCH-JTSP003-96","Yes"
"PTSCH-11100-84","No"
"PTSCH-11100-96","Yes"
"PTSCH-11100-108","No"
"PTSCH-11100-120","No"
"PTSCH-52012-96","Yes"
"PTSCH-52012-108","Yes"
"PTSCH-52012-120","Yes"
"PTSCH-52012-84","Yes"
"DIS-ID50-84","Yes"
"DIS-ID50-96","Yes"
"DIS-ID50-108","Yes"
"DIS-ID50-120","Yes"
"PTCH-JTSP27-120","Yes"
"PTCH-JTSP27-84","Yes"
"PRTW-D06B-108","No"
"PRTW-D06B-120","No"
"PRTW-D06B-84","Yes"
"PRTW-D06B-96","Yes"
"PRTW-D06A-96","Yes"
"PRTW-D06A-108","Yes"
"PRTW-D06A-120","No"
"PRTW-D06A-84","No"
"DIS-ID221-96","No"
"DIS-ID221-108","No"
"DIS-ID221-120","No"
"DIS-ID221-84","No"
"BOCH-174402-84","Yes"
"BOCH-174402-96","Yes"
"BOCH-174402-108","Yes"
"BOCH-174402-120","Yes"
"BOCH-174402-84-GR","Yes"
"BOCH-174402-96-GR","Yes"
"BOCH-174402-108-GR","Yes"
"BOCH-174402-120-GR","Yes"
"SHFLNCH-M015-108","Yes"
"SHFLNCH-M015-120","Yes"
"SHFLNCH-M015-84","Yes"
"SHFLNCH-M015-96","Yes"
"PDCH-KBS2-96","Yes"
"PDCH-KBS2-84","Yes"
"PDCH-KBS2-108","Yes"
"PDCH-KBS2-120","Yes"
"PRTW-D01-120","Yes"
"PRTW-D01-84","Yes"
"PRTW-D01-96","Yes"
"PRTW-D01-108","Yes"
"VCCH-VET1207-84","No"
"VCCH-VET1207-96","Yes"
"VCCH-VET1207-108","Yes"
"VCCH-VET1207-120","Yes"
"PTSCH-11098-84","No"
"PTSCH-11098-96","No"
"PTSCH-11098-108","Yes"
"PTSCH-11098-120","Yes"
"PTSCH-13402-120","No"
"PTSCH-13402-84","No"
"PTSCH-13402-96","No"
"PTSCH-13402-108","No"
"PRTW-D21-96","No"
"PRTW-D21-108","No"
"PRTW-D21-120","No"
"PRTW-D21-84","No"
"PRTW-D27-84","Yes"
"PRTW-D27-96","Yes"
"PRTW-D27-108","Yes"
"PRTW-D27-120","Yes"
"PTCH-JTSP87-96","Yes"
"PTCH-JTSP87-108","Yes"
"PTCH-JTSP87-120","Yes"
"PTFFLK-C30-84","Yes"
"PTFFLK-C30-96","Yes"
"PTFFLK-C30-108","Yes"
"PTFFLK-C30-120","Yes"
"PTSCH-13400-120","Yes"
"PTSCH-13400-84","Yes"
"PTSCH-13400-96","Yes"
"PTSCH-13400-108","Yes"
"PTFFLK-C22B-84","No"
"PTFFLK-C22B-96","No"
"PTFFLK-C22B-108","No"
"PTFFLK-C22B-120","No"
"PTFFLK-C22A-120","Yes"
"PTFFLK-C22A-84","Yes"
"PTFFLK-C22A-96","Yes"
"PTFFLK-C22A-108","Yes"
"PDCH-KBS14-108","Yes"
"PDCH-KBS14-120","Yes"
"PDCH-KBS14-96","Yes"
"PDCH-KBS14-84","Yes"
"DIS-ID7727-84","Yes"
"DIS-ID7727-120","Yes"
"DIS-ID7727-108","Yes"
"DIS-ID7727-96","Yes"
"PRTW-D30-120","Yes"
"PRTW-D30-84","No"
"PRTW-D30-96","No"
"PRTW-D30-108","Yes"
"BOCH-KC91B-84","Yes"
"BOCH-KC91B-96","Yes"
"BOCH-KC91B-108","Yes"
"BOCH-KC91B-120","Yes"
"PTFFLK-C21B-108","Yes"
"PTFFLK-C21B-120","Yes"
"PTFFLK-C21B-96","Yes"
"PTFFLK-C21B-84","Yes"
"PTFFLK-C21A-120","Yes"
"PTFFLK-C21A-84","Yes"
"PTFFLK-C21A-96","Yes"
"PTFFLK-C21A-108","Yes"
"BOCH-KC8-96","Yes"
"BOCH-KC8-108","Yes"
"BOCH-KC8-120","Yes"
"BOCH-KC8-84","Yes"
"PTCH-JTSP112-96","Yes"
"PTCH-JTSP112-108","Yes"
"PTCH-JTSP112-84","Yes"
"CZCH-CTZ1-84","Yes"
"CZCH-CTZ1-96","No"
"CZCH-CTZ1-108","Yes"
"CZCH-CTZ1-120","No"
"CZCH-CTZ1-84-GR","No"
"CZCH-CTZ1-96-GR","Yes"
"CZCH-CTZ1-108-GR","Yes"
"CZCH-CTZ1-120-GR","No"
"PTFFLK-C26-84","Yes"
"PTFFLK-C26-96","Yes"
"PTFFLK-C26-108","Yes"
"PTFFLK-C26-120","Yes"
"BOCH-KC28-84","No"
"BOCH-KC28-96","Yes"
"BOCH-KC28-108","Yes"
"BOCH-KC28-120","Yes"
"PTSCH-11089-96","Yes"
"PTSCH-11089-84","Yes"
"PTSCH-11089-108","Yes"
"PTSCH-11089-120","Yes"
"PDCH-KBS18-84","Yes"
"PDCH-KBS18-96","Yes"
"PDCH-KBS18-108","Yes"
"PDCH-KBS18-120","Yes"
"PTSCH-11083-84","Yes"
"PTSCH-11083-96","Yes"
"PTSCH-11083-108","Yes"
"PTSCH-11083-120","Yes"
"PTFFLK-C2-120","Yes"
"PTFFLK-C2-108","Yes"
"PTFFLK-C2-84","Yes"
"PTFFLK-C2-96","Yes"
"DIS-ID37-120","No"
"DIS-ID37-84","Yes"
"DIS-ID37-96","Yes"
"DIS-ID37-108","Yes"
"PTSCH-11095-84","Yes"
"PTSCH-11095-96","Yes"
"PTSCH-11095-108","Yes"
"PTSCH-11095-120","Yes"
"PTCH-JTSP5-84","Yes"
"PTCH-JTSP5-108","Yes"
"PTSCH-13401-84","Yes"
"PTSCH-13401-96","Yes"
"PTSCH-13401-108","Yes"
"PTSCH-13401-120","Yes"
"PDCH-KBS5-120","Yes"
"PDCH-KBS5-108","Yes"
"PDCH-KBS5-84","Yes"
"PDCH-KBS5-96","Yes"
"PTCH-JTSP104-108","Yes"
"CZCH-CTZ9-84","No"
"CZCH-CTZ9-96","No"
"CZCH-CTZ9-108","No"
"CZCH-CTZ9-120","No"
"CZCH-CTZ9-84-GR","No"
"CZCH-CTZ9-96-GR","No"
"CZCH-CTZ9-108-GR","No"
"CZCH-CTZ9-120-GR","No"
"PRTW-D04-84","Yes"
"PRTW-D04-96","No"
"PRTW-D04-108","Yes"
"PRTW-D04-120","Yes"
"PTSCH-32012-84","No"
"PTSCH-32012-96","Yes"
"PTSCH-32012-108","Yes"
"PTSCH-32012-120","Yes"
"BOCH-KC20-84","No"
"BOCH-KC20-120","Yes"
"BOCH-KC20-96","Yes"
"BOCH-KC20-108","Yes"
"BOCH-KC25-84","Yes"
"BOCH-KC25-96","Yes"
"BOCH-KC25-108","Yes"
"BOCH-KC25-120","Yes"
"BOCH-KC21-84","Yes"
"BOCH-KC21-96","Yes"
"BOCH-KC21-108","Yes"
"BOCH-KC21-120","Yes"
"DIS-ID68-84","No"
"DIS-ID68-120","No"
"DIS-ID68-108","No"
"VPCH-VET1211-96","Yes"
"VPCH-VET1211-108","Yes"
"VPCH-VET1211-120","Yes"
"VPCH-VET1211-84","Yes"
"VPCH-VET1212-108","Yes"
"VPCH-VET1212-120","Yes"
"VPCH-VET1212-96","Yes"
"VPCH-VET1212-84","Yes"
"VPCH-192018-96","Yes"
"VPCH-192018-108","Yes"
"VPCH-192018-84","No"
"VPCH-VET1216-84","Yes"
"VPCH-VET1216-96","Yes"
"VPCH-VET1216-108","Yes"
"VPCH-VET1216-120","Yes"
"VPCH-192315-120","Yes"
"VPCH-192315-84","Yes"
"VPCH-192315-96","Yes"
"VPCH-192315-108","Yes"
"VPCH-193810-84","No"
"VPCH-193810-96","No"
"VPCH-193810-108","Yes"
"VPCH-193810-120","Yes"
"VPCH-190622-84","No"
"VPCH-190622-96","No"
"VPCH-190622-108","No"
"VPCH-190622-120","Yes"
"VPCH-120601-120","Yes"
"VPCH-120601-84","No"
"VPCH-120601-96","Yes"
"VPCH-120601-108","Yes"
"VPCH-1-20601-CUS","No"
"VPCH-VET1217-84","Yes"
"VPCH-VET1217-96","Yes"
"VPCH-VET1217-108","Yes"
"VPCH-VET1217-120","Yes"
"VPCH-190912-84","Yes"
"VPCH-190912-96","Yes"
"VPCH-190912-108","Yes"
"VPCH-190912-120","Yes"
"VPCH-VET1214-84","Yes"
"VPCH-VET1214-96","Yes"
"VPCH-VET1214-108","Yes"
"VPCH-VET1214-120","Yes"
"VPCH-194023-84","No"
"VPCH-194023-96","Yes"
"VPCH-194023-108","Yes"
"VPCH-194023-120","Yes"
"VPCH-VET1215-84","Yes"
"VPCH-VET1215-96","Yes"
"VPCH-VET1215-108","Yes"
"VPCH-VET1215-120","Yes"
"VPCH-184005-120","Yes"
"VPCH-184005-108","Yes"
"VPCH-184005-84","Yes"
"VPCH-184005-96","Yes"
"VPCH-110602-84","Yes"
"VPCH-110602-96","Yes"
"VPCH-110602-108","Yes"
"VPCH-110602-120","Yes"
"VPCH-145002-108","Yes"
"VPCH-145002-120","Yes"
"VPCH-145002-84","Yes"
"VPCH-145002-96","Yes"
"VPCH-VET1213-120","Yes"
"VPCH-VET1213-84","Yes"
"VPCH-VET1213-96","Yes"
"VPCH-VET1213-108","Yes"
"VPCH-194007-84","Yes"
"VPCH-194007-96","Yes"
"VPCH-194007-108","Yes"
"VPCH-194007-120","Yes"
"VPCH-141113-96","Yes"
"VPCH-141113-108","Yes"
"VPCH-141113-120","No"
"VPCH-141113-84","No"
"PDCH-KBS9-84","Yes"
"PDCH-KBS9-96","Yes"
"PDCH-KBS9-108","Yes"
"PDCH-KBS9-120","Yes"
"PDCH-KBS11-120","Yes"
"PDCH-KBS11-84","No"
"PDCH-KBS11-96","Yes"
"PDCH-KBS11-108","Yes"
"PRTW-D22-108","No"
"PRTW-D22-120","No"
"PRTW-D22-84","No"
"PRTW-D22-96","No"
"BOCH-KC1-96","Yes"
"BOCH-KC1-108","Yes"
"BOCH-KC1-120","Yes"
"BOCH-KC1-84","Yes"
"DIS-ID20-84","No"
"DIS-ID20-96","No"
"DIS-ID20-108","Yes"
"DIS-ID20-120","No"
"SSTF-5-84","No"
"SSTF-5-96","No"
"SSTF-5-108","No"
"PTFFLK-C25-120","Yes"
"PTFFLK-C25-84","Yes"
"PTFFLK-C25-96","Yes"
"PTFFLK-C25-108","Yes"
"PRTW-D29B-108","Yes"
"PRTW-D29B-120","Yes"
"PRTW-D29B-84","No"
"PRTW-D29B-96","Yes"
"PRTW-D29A-108","Yes"
"PRTW-D29A-120","Yes"
"PRTW-D29A-84","No"
"PRTW-D29A-96","Yes"
"BOCH-KC23-84","No"
"BOCH-KC23-96","No"
"BOCH-KC23-108","No"
"BOCH-KC23-120","Yes"
"FHLCH-YL3008-96","Yes"
"FHLCH-YL3008-108","Yes"
"FHLCH-YL3008-120","No"
"FHLCH-YL3008-84","Yes"
"FHLCH-YL3010B-108","Yes"
"FHLCH-YL3010B-120","No"
"FHLCH-YL3010B-84","Yes"
"FHLCH-YL3010B-96","Yes"
"BOCH-KC33-96","Yes"
"BOCH-KC33-108","Yes"
"BOCH-KC33-120","Yes"
"BOCH-KC33-84","Yes"
"SHFLNCH-M013-108","Yes"
"SHFLNCH-M013-120","No"
"SHFLNCH-M013-84","Yes"
"SHFLNCH-M013-96","Yes"
"CZCH-CTZ6-84","No"
"CZCH-CTZ6-96","No"
"CZCH-CTZ6-108","No"
"CZCH-CTZ6-120","No"
"CZCH-CTZ6-108-GR","No"
"CZCH-CTZ6-120-GR","No"
"CZCH-CTZ6-84-GR","No"
"CZCH-CTZ6-96-GR","No"
"CZCH-CTZ2-108","Yes"
"CZCH-CTZ2-120","No"
"CZCH-CTZ2-96","Yes"
"CZCH-CTZ2-84","No"
"CZCH-CTZ2-120-GR","No"
"CZCH-CTZ2-84-GR","No"
"CZCH-CTZ2-96-GR","Yes"
"CZCH-CTZ2-108-GR","No"
"PTSCH-11082-84","No"
"PTSCH-11082-96","No"
"PTSCH-11082-108","No"
"PTSCH-11082-120","No"
"PTCH-JTSP29-120","Yes"
"PTCH-JTSP29-84","Yes"
"SHFLNCH-M011-120","Yes"
"SHFLNCH-M011-84","No"
"SHFLNCH-M011-96","Yes"
"SHFLNCH-M011-108","Yes"
"DIS-ID7906-120","Yes"
"DIS-ID7906-84","Yes"
"DIS-ID7906-96","Yes"
"DIS-ID7906-108","Yes"
"PTCH-JTSP207-84","Yes"
"PTCH-JTSP207-108","Yes"
"PTCH-JTSP204-84","No"
"PTCH-JTSP204-96","Yes"
"PTCH-JTSP204-120","Yes"
"BOCH-KC34C-84","No"
"BOCH-KC34C-96","Yes"
"BOCH-KC34C-108","Yes"
"BOCH-KC34C-120","Yes"
"PTCH-JTSP130907-96","Yes"
"PTCH-JTSP130907-84","Yes"
"JQCH-HANB10-96","Yes"
"JQCH-HANB10-84","Yes"
"JQCH-HANB10-108","Yes"
"JQCH-HANB10-120","Yes"
"PDCH-HANB44-96","Yes"
"PDCH-HANB44-84","Yes"
"PDCH-HANB44-108","Yes"
"PDCH-HANB44-120","Yes"
"PDCH-HANB56-96","Yes"
"PDCH-HANB56-84","Yes"
"PDCH-HANB56-108","Yes"
"PDCH-HANB56-120","Yes"
"JQCH-HANB5B-96","Yes"
"JQCH-HANB5B-84","No"
"JQCH-HANB5B-108","Yes"
"JQCH-HANB5B-120","Yes"
"JQCH-HANB5C-96","Yes"
"JQCH-HANB5C-84","No"
"JQCH-HANB5C-108","Yes"
"JQCH-HANB5C-120","Yes"
"JQCH-HANB5A-96","Yes"
"JQCH-HANB5A-84","Yes"
"JQCH-HANB5A-108","Yes"
"JQCH-HANB5A-120","Yes"
"PDCH-HANB35-96","Yes"
"PDCH-HANB35-84","Yes"
"PDCH-HANB35-108","Yes"
"PDCH-HANB35-120","Yes"
"PDCH-HANB46-96","Yes"
"PDCH-HANB46-84","Yes"
"PDCH-HANB46-108","Yes"
"PDCH-HANB46-120","Yes"
"JQCH-HANB1A-96","Yes"
"JQCH-HANB1A-84","Yes"
"JQCH-HANB1A-108","Yes"
"JQCH-HANB1A-120","Yes"
"JQCH-HANB1B-96","Yes"
"JQCH-HANB1B-84","Yes"
"JQCH-HANB1B-108","Yes"
"JQCH-HANB1B-120","No"
"JQCH-HANB3A-96","Yes"
"JQCH-HANB3A-84","Yes"
"JQCH-HANB3A-108","Yes"
"JQCH-HANB3A-120","Yes"
"JQCH-HANB3B-96","Yes"
"JQCH-HANB3B-84","Yes"
"JQCH-HANB3B-108","Yes"
"JQCH-HANB3B-120","Yes"
"JQCH-HANB11-96","Yes"
"JQCH-HANB11-84","No"
"JQCH-HANB11-108","Yes"
"JQCH-HANB11-120","Yes"
"JQCH-HANB9-96","Yes"
"JQCH-HANB9-84","Yes"
"JQCH-HANB9-108","Yes"
"JQCH-HANB9-120","Yes"
"PDCH-HANB08-96","Yes"
"PDCH-HANB08-84","Yes"
"PDCH-HANB08-108","Yes"
"PDCH-HANB08-120","Yes"
"PDCH-HANB57-96","Yes"
"PDCH-HANB57-84","Yes"
"PDCH-HANB57-108","Yes"
"PDCH-HANB57-120","Yes"
"PDCH-HANB80-96","Yes"
"PDCH-HANB80-84","Yes"
"PDCH-HANB80-108","Yes"
"PDCH-HANB80-120","Yes"
"PDCH-HANB60-96","Yes"
"PDCH-HANB60-84","Yes"
"PDCH-HANB60-108","Yes"
"PDCH-HANB60-120","Yes"
"PDCH-HANB10-96","Yes"
"PDCH-HANB10-84","Yes"
"PDCH-HANB10-108","Yes"
"PDCH-HANB10-120","Yes"
"JQCH-HANB13B-96","No"
"JQCH-HANB13B-84","No"
"JQCH-HANB13B-108","Yes"
"JQCH-HANB13B-120","No"
"JQCH-HANB13A-96","Yes"
"JQCH-HANB13A-84","Yes"
"JQCH-HANB13A-108","Yes"
"JQCH-HANB13A-120","Yes"
"PDCH-HANB81-96","Yes"
"PDCH-HANB81-84","Yes"
"PDCH-HANB81-108","Yes"
"PDCH-HANB81-120","Yes"
"JQCH-HANB7-96","No"
"JQCH-HANB7-84","No"
"JQCH-HANB7-108","No"
"JQCH-HANB7-120","Yes"
"VPCH-120601-FB","No"
"JQCH-HANB4-84","Yes"
"JQCH-HANB4-96","Yes"
"JQCH-HANB4-108","Yes"
"JQCH-HANB4-120","Yes"
"JQCH-HANB6-84","No"
"JQCH-HANB6-96","No"
"JQCH-HANB6-108","No"
"JQCH-HANB6-120","No"
"JQCH-HANB13D-84","Yes"
"JQCH-HANB13D-96","Yes"
"JQCH-HANB13D-108","Yes"
"JQCH-HANB13D-120","Yes"
"PTSCH-11096-84","No"
"PTSCH-11096-96","No"
"PTSCH-11096-108","No"
"PTSCH-11096-120","No"
"PDCH-KBS6-84","Yes"
"PDCH-KBS6-96","Yes"
"PDCH-KBS6-108","Yes"
"PDCH-KBS6-120","Yes"
"PDCH-KBS5-84","Yes"
"PDCH-KBS5-96","Yes"
"PDCH-KBS5-108","Yes"
"PDCH-KBS5-120","Yes"
"PDCH-KBS18-84","Yes"
"PDCH-KBS18-96","Yes"
"PDCH-KBS18-108","Yes"
"PDCH-KBS18-120","Yes"
"PDCH-KBS16-84","Yes"
"PDCH-KBS3-84","Yes"
"PDCH-KBS3-96","Yes"
"PDCH-KBS3-108","Yes"
"PDCH-KBS3-120","Yes"
"PDCH-KBS8-84","Yes"
"PDCH-KBS8-96","Yes"
"PDCH-KBS8-108","Yes"
"PDCH-KBS8-120","Yes"
"PDCH-KBS1-84","Yes"
"PDCH-KBS1-96","Yes"
"PDCH-KBS1-108","Yes"
"PDCH-KBS1-120","Yes"
"PDCH-KBS2-84","Yes"
"PDCH-KBS2-96","Yes"
"PDCH-KBS2-108","Yes"
"PDCH-KBS2-120","Yes"
"PDCH-KBS14-84","Yes"
"PDCH-KBS14-96","Yes"
"PDCH-KBS14-108","Yes"
"PDCH-KBS14-120","Yes"
"PDCH-KBS9-84","Yes"
"PDCH-KBS9-96","Yes"
"PDCH-KBS9-108","Yes"
"PDCH-KBS9-120","Yes"
"PDCH-KBS11-84","No"
"PDCH-KBS11-96","No"
"PDCH-KBS11-108","Yes"
"PDCH-KBS11-120","Yes"
"PTCH-JTSP001-84","No"
"PTCH-JTSP001-96","No"
"PTCH-JTSP001-108","No"
"PTCH-JTSP001-120","No"
"PTCH-JTSP208-84","No"
"PTCH-JTSP208-108","No"
"PTCH-JTSP208-120","Yes"
"PTCH-JTSP003-84","No"
"PTCH-JTSP003-96","Yes"
"PTCH-JTSP003-108","No"
"PTCH-JTSP003-120","No"
"PTCH-JTSP203-84","No"
"PTCH-JTSP203-96","No"
"PTCH-JTSP205-120","Yes"
"PTCH-JTSP202-84","No"
"PTCH-JTSP202-96","No"
"PTCH-JTSP202-108","No"
"PTCH-JTSP204-84","No"
"PTCH-JTSP204-96","Yes"
"PTCH-JTSP204-120","No"
"PTCH-JTSP207-84","Yes"
"PTCH-JTSP207-108","Yes"
"PTCH-JTSP104-108","Yes"
"PTCH-JTSP104-120","No"
"PTCH-JTSP209-84","Yes"
"PTCH-JTSP209-108","No"
"PTCH-JTSP102-84","Yes"
"PTCH-JTSP102-96","No"
"PTCH-JTSP102-108","Yes"
"PTCH-JTSP102-120","No"
"PTCH-JTSP190912-84","Yes"
"PTCH-JTSP190912-96","Yes"
"PTCH-JTSP190912-108","No"
"PTCH-JTSP190912-120","No"
"PTCH-JTSP005-84","Yes"
"PTCH-JTSP005-96","No"
"PTCH-JTSP005-108","No"
"PTCH-JTSP005-120","Yes"
"PTCH-JTSP27-84","Yes"
"PTCH-JTSP27-96","No"
"PTCH-JTSP27-108","No"
"PTCH-JTSP27-120","Yes"
"PTCH-JTSP206-108","Yes"
"PTCH-JTSP206-120","Yes"
"PTCH-JTSP120-84","Yes"
"PTCH-JTSP120-96","No"
"PTCH-JTSP120-108","Yes"
"PTCH-JTSP120-120","Yes"
"PTCH-JTSP100-84","Yes"
"PTCH-JTSP100-96","No"
"PTCH-JTSP100-108","Yes"
"PTCH-JTSP100-120","Yes"
"PTCH-JTSP54-84","Yes"
"PTCH-JTSP54-96","Yes"
"PTCH-JTSP54-108","Yes"
"PTCH-JTSP54-120","Yes"
"PTCH-JTSP87-84","No"
"PTCH-JTSP87-96","Yes"
"PTCH-JTSP87-108","Yes"
"PTCH-JTSP87-120","Yes"
"PTCH-JTSP112-84","Yes"
"PTCH-JTSP112-96","Yes"
"PTCH-JTSP112-96","Yes"
"PTCH-JTSP112-108","Yes"
"PTCH-JTSP112-120","No"
"PTCH-JTSP5-84","Yes"
"PTCH-JTSP5-96","No"
"PTCH-JTSP5-108","Yes"
"PTCH-JTSP29-84","Yes"
"PTCH-JTSP29-96","No"
"PTCH-JTSP29-108","No"
"PTCH-JTSP29-120","Yes"
"PTCH-JTSP130907-84","Yes"
"PTCH-JTSP130907-96","Yes"
"PTCH-JTSP130907-108","No"
"PTCH-JTSP130907-120","No"
"PTCH-JTSP41-84","No"
"PTCH-JTSP41-96","No"
"PTCH-JTSP41-108","Yes"
"PTCH-JTSP41-120","No"
"PDCH-HANB35-84","Yes"
"PDCH-HANB35-96","Yes"
"PDCH-HANB35-108","Yes"
"PDCH-HANB35-120","Yes"
"PDCH-HANB46-84","Yes"
"PDCH-HANB46-96","Yes"
"PDCH-HANB46-108","Yes"
"PDCH-HANB46-120","Yes"
"PDCH-HANB44-84","Yes"
"PDCH-HANB44-96","Yes"
"PDCH-HANB44-108","Yes"
"PDCH-HANB44-120","Yes"
"PDCH-HANB23-84","Yes"
"PDCH-HANB23-96","Yes"
"PDCH-HANB23-108","Yes"
"PDCH-HANB23-120","Yes"
"PDCH-HANB56-84","Yes"
"PDCH-HANB56-96","Yes"
"PDCH-HANB56-108","Yes"
"PDCH-HANB56-120","Yes"
"PDCH-HANB52-84","Yes"
"PDCH-HANB52-96","Yes"
"PDCH-HANB52-108","Yes"
"PDCH-HANB52-120","Yes"
"PDCH-HANB85-84","Yes"
"PDCH-HANB85-96","Yes"
"PDCH-HANB85-108","Yes"
"PDCH-HANB85-120","Yes"
"PDCH-HANB83-84","Yes"
"PDCH-HANB83-96","Yes"
"PDCH-HANB83-108","Yes"
"PDCH-HANB83-120","Yes"
"PDCH-HANB08-84","Yes"
"PDCH-HANB08-96","Yes"
"PDCH-HANB08-108","Yes"
"PDCH-HANB08-120","Yes"
"PDCH-HANB57-84","Yes"
"PDCH-HANB57-96","Yes"
"PDCH-HANB57-108","Yes"
"PDCH-HANB57-120","Yes"
"PDCH-HANB80-84","Yes"
"PDCH-HANB80-96","Yes"
"PDCH-HANB80-108","Yes"
"PDCH-HANB80-120","Yes"
"PDCH-HANB60-84","Yes"
"PDCH-HANB60-96","Yes"
"PDCH-HANB60-108","Yes"
"PDCH-HANB60-120","No"
"PDCH-HANB10-84","Yes"
"PDCH-HANB10-96","Yes"
"PDCH-HANB10-108","Yes"
"PDCH-HANB10-120","Yes"
"PDCH-HANB81-84","Yes"
"PDCH-HANB81-96","Yes"
"PDCH-HANB81-108","Yes"
"PDCH-HANB81-120","Yes"
"VCCH-VET1208-84","No"
"VCCH-VET1208-96","Yes"
"VCCH-VET1208-108","Yes"
"VCCH-VET1208-120","No"
"VCCH-VET1202-84","Yes"
"VCCH-VET1202-96","Yes"
"VCCH-VET1202-108","Yes"
"VCCH-VET1202-120","Yes"
"VCCH-VET1203-84","Yes"
"VCCH-VET1203-96","Yes"
"VCCH-VET1203-108","Yes"
"VCCH-VET1203-120","Yes"
"VCCH-VET12010-84","Yes"
"VCCH-VET12010-96","Yes"
"VCCH-VET12010-108","Yes"
"VCCH-VET12010-120","Yes"
"VCCH-VET1205-84","No"
"VCCH-VET1205-96","No"
"VCCH-VET1205-108","No"
"VCCH-VET1205-120","No"
"VCCH-VET1209-84","Yes"
"VCCH-VET1209-96","Yes"
"VCCH-VET1209-108","Yes"
"VCCH-VET1209-120","Yes"
"VCCH-VET1206-84","Yes"
"VCCH-VET1206-96","Yes"
"VCCH-VET1206-108","Yes"
"VCCH-VET1206-120","Yes"
"VCCH-VET1204-84","No"
"VCCH-VET1204-96","No"
"VCCH-VET1204-108","Yes"
"VCCH-VET1204-120","Yes"
"VCCH-VET1207-84","No"
"VCCH-VET1207-96","Yes"
"VCCH-VET1207-108","Yes"
"VCCH-VET1207-120","Yes"
"VPCH-VET1211-84","Yes"
"VPCH-VET1211-96","Yes"
"VPCH-VET1211-108","Yes"
"VPCH-VET1211-120","Yes"
"VPCH-VET1212-84","Yes"
"VPCH-VET1212-96","Yes"
"VPCH-VET1212-108","Yes"
"VPCH-VET1212-120","Yes"
"VPCH-VET1216-84","Yes"
"VPCH-VET1216-96","Yes"
"VPCH-VET1216-108","Yes"
"VPCH-VET1216-120","Yes"
"VPCH-VET1217-84","Yes"
"VPCH-VET1217-96","Yes"
"VPCH-VET1217-108","Yes"
"VPCH-VET1217-120","Yes"
"VPCH-VET1214-84","Yes"
"VPCH-VET1214-96","Yes"
"VPCH-VET1214-108","Yes"
"VPCH-VET1214-120","Yes"
"VPCH-VET1215-84","Yes"
"VPCH-VET1215-96","Yes"
"VPCH-VET1215-108","Yes"
"VPCH-VET1215-120","Yes"
"VPCH-VET1213-84","Yes"
"VPCH-VET1213-96","Yes"
"VPCH-VET1213-108","Yes"
"VPCH-VET1213-120","Yes"
"VPCH-192018-84","No"
"VPCH-192018-96","Yes"
"VPCH-192018-108","Yes"
"VPCH-192315-84","Yes"
"VPCH-192315-96","Yes"
"VPCH-192315-108","Yes"
"VPCH-192315-120","Yes"
"VPCH-190622-84","No"
"VPCH-190622-96","No"
"VPCH-190622-108","No"
"VPCH-190622-120","Yes"
"VPCH-120601-84","Yes"
"VPCH-120601-96","Yes"
"VPCH-120601-108","Yes"
"VPCH-120601-120","Yes"
"VPCH-120601-CUS","No"
"VPCH-190912-84","Yes"
"VPCH-190912-96","Yes"
"VPCH-190912-108","Yes"
"VPCH-190912-120","Yes"
"VPCH-194023-84","No"
"VPCH-194023-96","Yes"
"VPCH-194023-108","Yes"
"VPCH-194023-120","Yes"
"VPCH-184005-84","Yes"
"VPCH-184005-96","Yes"
"VPCH-184005-108","Yes"
"VPCH-184005-120","Yes"
"VPCH-110602-84","Yes"
"VPCH-110602-96","Yes"
"VPCH-110602-108","Yes"
"VPCH-110602-120","Yes"
"VPCH-145002-84","Yes"
"VPCH-145002-96","Yes"
"VPCH-145002-108","Yes"
"VPCH-145002-120","Yes"
"VPCH-194007-84","Yes"
"VPCH-194007-96","Yes"
"VPCH-194007-108","Yes"
"VPCH-194007-120","Yes"
"VPCH-141113-84","No"
"VPCH-141113-96","Yes"
"VPCH-141113-108","Yes"
"VPCH-141113-120","No"
"BOCH-190303-84","Yes"
"BOCH-190303-96","Yes"
"BOCH-190303-108","Yes"
"BOCH-190303-120","Yes"
"BOCH-120601-84","Yes"
"BOCH-120601-96","Yes"
"BOCH-120601-108","Yes"
"BOCH-120601-120","Yes"
"BOCH-174402-84","Yes"
"BOCH-174402-96","Yes"
"BOCH-174402-108","Yes"
"BOCH-174402-120","Yes"
"BOCH-KC5-84","No"
"BOCH-KC5-96","Yes"
"BOCH-KC5-108","Yes"
"BOCH-KC5-120","Yes"
"VPCH-194007-84","Yes"
"VPCH-194007-96","Yes"
"VPCH-194007-108","Yes"
"VPCH-194007-120","Yes"
"VPCH-141113-84","No"
"VPCH-141113-96","Yes"
"VPCH-141113-108","Yes"
"VPCH-141113-120","No"
"VPCH-VET1212-84","Yes"
"VPCH-VET1212-96","Yes"
"VPCH-VET1212-108","Yes"
"VPCH-VET1212-120","Yes"
"VPCH-VET1216-84","Yes"
"VPCH-VET1216-96","Yes"
"VPCH-VET1216-108","Yes"
"VPCH-VET1216-120","Yes"
"VPCH-VET1217-84","Yes"
"VPCH-VET1217-96","Yes"
"VPCH-VET1217-108","Yes"
"VPCH-VET1217-120","Yes"
"VPCH-VET1214-84","Yes"
"VPCH-VET1214-96","Yes"
"VPCH-VET1214-108","Yes"
"VPCH-VET1214-120","Yes"
"VPCH-VET1213-84","Yes"
"VPCH-VET1213-96","Yes"
"VPCH-VET1213-108","Yes"
"VPCH-VET1213-120","Yes"
"VPCH-190622-84","No"
"VPCH-190622-96","No"
"VPCH-190622-108","No"
"VPCH-190622-120","Yes"
"VPCH-145002-84","Yes"
"VPCH-145002-96","Yes"
"VPCH-145002-108","Yes"
"VPCH-145002-120","Yes"
"BOCH-KC28-84","No"
"BOCH-KC28-96","Yes"
"BOCH-KC28-108","Yes"
"BOCH-KC28-120","Yes"
"BOCH-KC29-84","Yes"
"BOCH-KC29-96","Yes"
"BOCH-KC29-108","Yes"
"BOCH-KC29-120","Yes"
"BOCH-KC22-84","No"
"BOCH-KC22-96","Yes"
"BOCH-KC22-108","Yes"
"BOCH-KC22-120","Yes"
"BOCH-KC21-84","Yes"
"BOCH-KC21-96","Yes"
"BOCH-KC21-108","Yes"
"BOCH-KC21-120","Yes"
"BOCH-KC91B-84","Yes"
"BOCH-KC91B-96","Yes"
"BOCH-KC91B-108","Yes"
"BOCH-KC91B-120","Yes"
"BOCH-KC32-84","No"
"BOCH-KC32-96","Yes"
"BOCH-KC32-108","Yes"
"BOCH-KC32-120","Yes"
"BOCH-KC20-84","No"
"BOCH-KC20-96","Yes"
"BOCH-KC20-108","Yes"
"BOCH-KC20-120","Yes"
"BOCH-KC23-84","No"
"BOCH-KC23-96","No"
"BOCH-KC23-108","No"
"BOCH-KC23-120","No"
"BOCH-KC27-84","Yes"
"BOCH-KC27-96","Yes"
"BOCH-KC27-108","Yes"
"BOCH-KC27-120","Yes"
"BOCH-KC35-84","No"
"BOCH-KC35-96","Yes"
"BOCH-KC35-108","Yes"
"BOCH-KC35-120","Yes"
"VPCH-VET1211-84","Yes"
"VPCH-VET1211-96","Yes"
"VPCH-VET1211-108","Yes"
"VPCH-VET1211-120","Yes"
"VPCH-VET1215-84","Yes"
"VPCH-VET1215-96","Yes"
"VPCH-VET1215-108","Yes"
"VPCH-VET1215-120","Yes"
"VPCH-194023-84","No"
"VPCH-194023-96","Yes"
"VPCH-194023-108","Yes"
"VPCH-194023-120","Yes"
"VPCH-192018-84","No"
"VPCH-192018-96","Yes"
"VPCH-192018-108","Yes"
"VPCH-190912-84","Yes"
"VPCH-190912-96","Yes"
"VPCH-190912-108","Yes"
"VPCH-190912-120","Yes"
"VPCH-110602-84","Yes"
"VPCH-110602-96","Yes"
"VPCH-110602-108","Yes"
"VPCH-110602-120","Yes"
"VPCH-192315-84","Yes"
"VPCH-192315-96","Yes"
"VPCH-192315-108","Yes"
"VPCH-192315-120","Yes"
"BOCH-KC25-84","Yes"
"BOCH-KC25-96","Yes"
"BOCH-KC25-108","Yes"
"BOCH-KC25-120","No"
"BOCH-KC26-84","Yes"
"BOCH-KC26-96","Yes"
"BOCH-KC26-108","Yes"
"BOCH-KC26-120","Yes"
"BOCH-KC30-84","Yes"
"BOCH-KC30-96","Yes"
"BOCH-KC30-108","Yes"
"BOCH-KC30-120","Yes"
"BOCH-KC31-84","No"
"BOCH-KC31-96","Yes"
"BOCH-KC31-108","Yes"
"BOCH-KC31-120","Yes"
"VPCH-120601-84","No"
"VPCH-120601-96","Yes"
"VPCH-120601-108","Yes"
"VPCH-120601-120","Yes"
"VPCH-120601-CUS","No"
"BOCH-193810-84","Yes"
"BOCH-193810-96","No"
"BOCH-193810-108","Yes"
"BOCH-193810-120","No"
"BOCH-191016-84","Yes"
"BOCH-191016-96","Yes"
"BOCH-191016-108","Yes"
"BOCH-191016-120","Yes"
"VPCH-184005-84","Yes"
"VPCH-184005-96","Yes"
"VPCH-184005-108","Yes"
"VPCH-184005-120","Yes"
"BOCH-KC33-84","Yes"
"BOCH-KC33-96","Yes"
"BOCH-KC33-108","Yes"
"BOCH-KC33-120","Yes"
"BOCH-KC1-84","Yes"
"BOCH-KC1-96","Yes"
"BOCH-KC1-108","Yes"
"BOCH-KC1-120","Yes"
"BOCH-KC6-84","Yes"
"BOCH-KC6-96","Yes"
"BOCH-KC6-108","Yes"
"BOCH-KC6-120","Yes"
"BOCH-KC8-84","Yes"
"BOCH-KC8-96","Yes"
"BOCH-KC8-108","Yes"
"BOCH-KC8-120","Yes"
"BOCH-KC36-84","No"
"BOCH-KC36-96","Yes"
"BOCH-KC36-108","Yes"
"BOCH-KC36-120","Yes"
"BOCH-KC24-84","No"
"BOCH-KC24-96","Yes"
"BOCH-KC24-108","Yes"
"BOCH-KC24-120","Yes"
"BOCH-131009-84","Yes"
"BOCH-131009-96","Yes"
"BOCH-131009-108","Yes"
"BOCH-131009-120","Yes"
"FHLCH-YL7178117-84","No"
"FHLCH-YL7178117-96","No"
"FHLCH-YL7178117-108","No"
"FHLCH-YL7178117-120","No"
"FHLCH-YL7178103-84","Yes"
"FHLCH-YL7178103-96","Yes"
"FHLCH-YL7178103-108","Yes"
"FHLCH-YL7178103-120","Yes"
"FHLCH-YL3010B-84","Yes"
"FHLCH-YL3010B-96","Yes"
"FHLCH-YL3010B-108","Yes"
"FHLCH-YL3010B-120","No"
"CZCH-CTZ12-84","Yes"
"CZCH-CTZ12-96","Yes"
"CZCH-CTZ12-108","Yes"
"CZCH-CTZ12-120","No"
"CZCH-CTZ9-84","No"
"CZCH-CTZ9-96","No"
"CZCH-CTZ9-108","No"
"CZCH-CTZ9-120","No"
"PRTW-D27-84","Yes"
"PRTW-D27-96","Yes"
"PRTW-D27-108","Yes"
"PRTW-D27-120","Yes"
"PRTW-D33-84","No"
"PRTW-D33-96","No"
"PRTW-D33-108","Yes"
"PRTW-D33-120","Yes"
"PRTW-D29B-84","No"
"PRTW-D29B-96","Yes"
"PRTW-D29B-108","Yes"
"PRTW-D29B-120","Yes"
"PRTW-D26-84","No"
"PRTW-D26-96","No"
"PRTW-D26-108","Yes"
"PRTW-D26-120","Yes"
"PRTW-D31-84","Yes"
"PRTW-D31-96","Yes"
"PRTW-D31-108","Yes"
"PRTW-D31-120","Yes"
"PRTW-D21-84","No"
"PRTW-D21-96","No"
"PRTW-D21-108","No"
"PRTW-D21-120","No"
"PRTW-D24B-84","No"
"PRTW-D24B-96","Yes"
"PRTW-D24B-108","Yes"
"PRTW-D24B-120","No"
"PRTW-D32-84","Yes"
"PRTW-D32-96","Yes"
"PRTW-D32-108","Yes"
"PRTW-D32-120","Yes"
"PRTW-D02-84","Yes"
"PRTW-D02-96","Yes"
"PRTW-D02-108","Yes"
"PRTW-D02-120","Yes"
"PRTW-D06A-84","Yes"
"PRTW-D06A-96","Yes"
"PRTW-D06A-108","Yes"
"PRTW-D06A-120","Yes"
"PRTW-D11-84","Yes"
"PRTW-D11-96","Yes"
"PRTW-D11-108","Yes"
"PRTW-D11-120","Yes"
"PRTW-D17-84","No"
"PRTW-D17-96","Yes"
"PRTW-D17-108","Yes"
"PRTW-D17-120","Yes"
"PRTW-D23-84","Yes"
"PRTW-D23-96","No"
"PRTW-D23-108","Yes"
"PRTW-D23-120","Yes"
"PRTW-D28-84","No"
"PRTW-D28-96","Yes"
"PRTW-D28-108","Yes"
"PRTW-D28-120","Yes"
"PRTW-D25-84","No"
"PRTW-D25-96","No"
"PRTW-D25-108","No"
"PRTW-D25-120","No"
"PRTW-D12-84","No"
"PRTW-D12-96","No"
"PRTW-D12-108","No"
"PRTW-D12-120","No"
"PRTW-D01-84","Yes"
"PRTW-D01-96","Yes"
"PRTW-D01-108","Yes"
"PRTW-D01-120","Yes"
"PRTW-D04-84","Yes"
"PRTW-D04-96","Yes"
"PRTW-D04-108","Yes"
"PRTW-D04-120","Yes"
"PRTW-D06B-84","Yes"
"PRTW-D06B-96","Yes"
"PRTW-D06B-108","Yes"
"PRTW-D06B-120","Yes"
"PRTW-D16-84","Yes"
"PRTW-D16-96","Yes"
"PRTW-D16-108","Yes"
"PRTW-D16-120","Yes"
"PRTW-D30-84","No"
"PRTW-D30-96","Yes"
"PRTW-D30-108","Yes"
"PRTW-D30-120","Yes"
"PRTW-D20-84","No"
"PRTW-D20-96","No"
"PRTW-D20-108","Yes"
"PRTW-D20-120","Yes"
"PRTW-D15-84","Yes"
"PRTW-D15-96","Yes"
"PRTW-D15-108","Yes"
"PRTW-D15-120","Yes"
"PRTW-D09-84","No"
"PRTW-D09-96","No"
"PRTW-D09-108","No"
"PRTW-D09-120","No"
"PRTW-D24A-84","No"
"PRTW-D24A-96","No"
"PRTW-D24A-108","No"
"PRTW-D24A-120","Yes"
"PRTW-D13-84","Yes"
"PRTW-D13-96","Yes"
"PRTW-D13-108","Yes"
"PRTW-D13-120","Yes"
"CZCH-CTZ1-84","Yes"
"CZCH-CTZ1-96","No"
"CZCH-CTZ1-108","Yes"
"CZCH-CTZ1-120","No"
"CZCH-CTZ6-84","Yes"
"CZCH-CTZ6-96","Yes"
"CZCH-CTZ6-108","No"
"CZCH-CTZ6-120","No"
"CZCH-CTZ2-84","No"
"CZCH-CTZ2-96","Yes"
"CZCH-CTZ2-108","No"
"CZCH-CTZ2-120","No"
"PRTW-D05-84","Yes"
"PRTW-D05-96","Yes"
"PRTW-D05-108","Yes"
"PRTW-D05-120","Yes"
"PRTW-D29A-84","No"
"PRTW-D29A-96","No"
"PRTW-D29A-108","No"
"PRTW-D29A-120","Yes"
"FHLCH-YL5003-84","No"
"FHLCH-YL5003-96","Yes"
"FHLCH-YL5003-108","No"
"FHLCH-YL5003-120","No"
"FHLCH-YL3022-84","Yes"
"FHLCH-YL3022-96","Yes"
"FHLCH-YL3022-108","Yes"
"FHLCH-YL3022-120","No"
"PRTW-D22-84","No"
"PRTW-D22-96","No"
"PRTW-D22-108","No"
"PRTW-D22-120","No"
"FHLCH-YL7178109-84","Yes"
"FHLCH-YL7178109-96","Yes"
"FHLCH-YL7178109-108","Yes"
"FHLCH-YL7178109-120","Yes"
"FHLCH-YL7176209-84","Yes"
"FHLCH-YL7176209-96","Yes"
"FHLCH-YL7176209-108","Yes"
"FHLCH-YL7176209-120","Yes"
"FHLCH-YL7176217-84","Yes"
"FHLCH-YL7176217-96","Yes"
"FHLCH-YL7176217-108","Yes"
"FHLCH-YL7176217-120","Yes"
"FHLCH-YL3012-84","Yes"
"FHLCH-YL3012-96","Yes"
"FHLCH-YL3012-108","Yes"
"FHLCH-YL3012-120","No"
"CZCH-CTZ5-84","No"
"CZCH-CTZ5-96","No"
"CZCH-CTZ5-108","Yes"
"CZCH-CTZ5-120","Yes"
"FHLCH-YL7176203-84","Yes"
"FHLCH-YL7176203-96","Yes"
"FHLCH-YL7176203-108","Yes"
"FHLCH-YL7176203-120","Yes"
"FHLCH-YL3008-84","Yes"
"FHLCH-YL3008-96","Yes"
"FHLCH-YL3008-108","Yes"
"FHLCH-YL3008-120","No"
"SHCH-EMBOCS3595-84","No"
"SHCH-EMBOCS3595-96","Yes"
"SHCH-EMBOCS3595-108","No"
"SHCH-EMBOCS3595-120","Yes"
"SHCH-EMB20137-108","Yes"
"SHCH-EMB20131A-96","No"
"SHCH-EMB20131B-120","No"
"SHCH-EMBOCS4084-84","Yes"
"SHCH-EMBOCS4084-96","Yes"
"SHCH-EMBOCS4084-108","Yes"
"SHCH-EMBOCS3293-84","Yes"
"SHCH-EMBOCS3293-96","Yes"
"SHCH-EMBOCS3293-108","Yes"
"SHCH-EMBOCS3231-84","Yes"
"SHCH-EMBOCS3231-96","Yes"
"SHCH-EMBOCS3231-108","Yes"
"SHCH-EMB20135-84","No"
"SHCH-EMB20135-96","Yes"
"SHCH-EMB20135-108","Yes"
"SHCH-EMB20135-120","No"
"SHFLNCH-M013-84","Yes"
"SHFLNCH-M013-96","Yes"
"SHFLNCH-M013-108","Yes"
"SHFLNCH-M013-120","No"
"SHFLNCH-M011-84","No"
"SHFLNCH-M011-96","Yes"
"SHFLNCH-M011-108","Yes"
"SHFLNCH-M011-120","Yes"
"SHFLNCH-M012-84","No"
"SHFLNCH-M012-108","Yes"
"SHFLNCH-M012-120","Yes"
"SHFLNCH-M015-84","Yes"
"SHFLNCH-M015-96","Yes"
"SHFLNCH-M015-108","Yes"
"BOCH-191016-84-GR","Yes"
"BOCH-191016-96-GR","Yes"
"BOCH-191016-108-GR","Yes"
"BOCH-191016-120-GR","Yes"
"BOCH-193810-84-GR","Yes"
"BOCH-193810-96-GR","Yes"
"BOCH-193810-108-GR","Yes"
"BOCH-193810-120-GR","Yes"
"BOCH-120601-84-GR","Yes"
"BOCH-120601-96-GR","Yes"
"BOCH-120601-108-GR","Yes"
"BOCH-120601-120-GR","Yes"
"BOCH-174402-84-GR","Yes"
"BOCH-174402-96-GR","Yes"
"BOCH-174402-96-GR","Yes"
"BOCH-174402-120-GR","Yes"
"BOCH-131009-84-GR","Yes"
"BOCH-131009-96-GR","Yes"
"BOCH-131009-108-GR","Yes"
"BOCH-131009-120-GR","Yes"
"BOCH-190303-84-GR","Yes"
"BOCH-190303-96-GR","Yes"
"BOCH-190303-108-GR","Yes"
"BOCH-190303-120-GR","Yes"
"SHCH-VOL1-84-SLDW","Yes"
"VPCH-193810-96","No"
"VPCH-194007-84","No"
"VPCH-194007-108","Yes"

