Part Number,Description,Quantity of Products,ETA Backorder date,DISCONTINUED,Qty
"BOCH-120601-108","Half Price Drapes BOCH-120601 Egg Nog Blackout Curtain (2 Panels)","199",,"No",
"BOCH-120601-108-GR","Half Price Drapes BOCH-120601 Egg Nog Grommet Blackout Curtain (2 Panels)","197",,"No",
"BOCH-120601-108-GR","Half Price Drapes BOCH-120601 Egg Nog Grommet Blackout Curtain (2 Panels)","199",,"No",
"BOCH-120601-120","Half Price Drapes BOCH-120601 Egg Nog Blackout Curtain (2 Panels)","162",,"No",
"BOCH-120601-120-GR","Half Price Drapes BOCH-120601 Egg Nog Grommet Blackout Curtain (2 Panels)","88",,"No",
"BOCH-120601-84","Half Price Drapes BOCH-120601 Egg Nog Blackout Curtain (2 Panels)","170",,"No",
"BOCH-120601-84-GR","Half Price Drapes BOCH-120601 Egg Nog Grommet Blackout Curtain (2 Panels)","39",,"No",
"BOCH-120601-84-GR","Half Price Drapes BOCH-120601 Egg Nog Grommet Blackout Curtain (2 Panels)","55",,"No",
"BOCH-120601-96","Half Price Drapes BOCH-120601 Egg Nog Blackout Curtain (2 Panels)","358",,"No",
"BOCH-120601-96-GR","Half Price Drapes BOCH-120601 Egg Nog Grommet Blackout Curtain (2 Panels)","174",,"No",
"BOCH-120601-SW","Half Price Drapes BOCH-120601 Egg Nog Blackout Curtain (2 Panels)","170",,"No",
"BOCH-131009-108","Half Price Drapes BOCH-131009 Biscotti Blackout Curtain (2 Panels)","137",,"No",
"BOCH-131009-108-GR","Half Price Drapes BOCH-131009 Biscotti Grommet Blackout Curtain (2 Panels)","305",,"No",
"BOCH-131009-120","Half Price Drapes BOCH-131009 Biscotti Blackout Curtain (2 Panels)","93",,"No",
"BOCH-131009-120-GR","Half Price Drapes BOCH-131009 Biscotti Grommet Blackout Curtain (2 Panels)","73",,"No",
"BOCH-131009-84","Half Price Drapes BOCH-131009 Biscotti Blackout Curtain (2 Panels)","105",,"No",
"BOCH-131009-84-GR","Half Price Drapes BOCH-131009 Biscotti Grommet Blackout Curtain (2 Panels)","182",,"No",
"BOCH-131009-96","Half Price Drapes BOCH-131009 Biscotti Blackout Curtain (2 Panels)","268",,"No",
"BOCH-131009-96-GR","Half Price Drapes BOCH-131009 Biscotti Grommet Blackout Curtain (2 Panels)","173",,"No",
"BOCH-174402-108","Half Price Drapes BOCH-174402 Neutral Blackout Curtain (2 Panels)","93",,"No",
"BOCH-174402-120","Half Price Drapes BOCH-174402 Neutral Blackout Curtain (2 Panels)","86",,"No",
"BOCH-174402-120-GR","Half Price Drapes BOCH-174402 Neutral Grommet Blackout Curtain (2 Panels)","126",,"No",
"BOCH-174402-84","Half Price Drapes BOCH-174402 Neutral Blackout Curtain (2 Panels)","38",,"No",
"BOCH-174402-84-GR","Half Price Drapes BOCH-174402 Neutral Grommet Blackout Curtain (2 Panels)","49",,"No",
"BOCH-174402-96","Half Price Drapes BOCH-174402 Neutral Blackout Curtain (2 Panels)","108",,"No",
"BOCH-174402-96-GR","Half Price Drapes BOCH-174402 Neutral Grommet Blackout Curtain (2 Panels)","160",,"No",
"BOCH-174402-96-GR","Half Price Drapes BOCH-174402 Neutral Grommet Blackout Curtain (2 Panels)","189",,"No",
"BOCH-190303-108","Half Price Drapes BOCH-190303 Jet Blackout Curtain (2 Panels)","161",,"No",
"BOCH-190303-108-GR","Half Price Drapes BOCH-190303 Jet Grommet Blackout Curtain (2 Panels)","146",,"No",
"BOCH-190303-120","Half Price Drapes BOCH-190303 Jet Blackout Curtain (2 Panels)","150",,"No",
"BOCH-190303-120-GR","Half Price Drapes BOCH-190303 Jet Grommet Blackout Curtain (2 Panels)","248",,"No",
"BOCH-190303-84","Half Price Drapes BOCH-190303 Jet Blackout Curtain (2 Panels)","352",,"No",
"BOCH-190303-84-GR","Half Price Drapes BOCH-190303 Jet Grommet Blackout Curtain (2 Panels)","115",,"No",
"BOCH-190303-96","Half Price Drapes BOCH-190303 Jet Blackout Curtain (2 Panels)","285",,"No",
"BOCH-190303-96-GR","Half Price Drapes BOCH-190303 Jet Grommet Blackout Curtain (2 Panels)","188",,"No",
"BOCH-191016-108","Half Price Drapes BOCH-191016 Java Blackout Curtain (2 Panels)","208",,"No",
"BOCH-191016-108-GR","Half Price Drapes BOCH-191016 Java Grommet Blackout Curtain (2 Panels)","385",,"No",
"BOCH-191016-120","Half Price Drapes BOCH-191016 Java Blackout Curtain (2 Panels)","98",,"No",
"BOCH-191016-120-GR","Half Price Drapes BOCH-191016 Java Grommet Blackout Curtain (2 Panels)","146",,"No",
"BOCH-191016-84","Half Price Drapes BOCH-191016 Java Blackout Curtain (2 Panels)","114",,"No",
"BOCH-191016-84-GR","Half Price Drapes BOCH-191016 Java Grommet Blackout Curtain (2 Panels)","131",,"No",
"BOCH-191016-96","Half Price Drapes BOCH-191016 Java Blackout Curtain (2 Panels)","187",,"No",
"BOCH-191016-96-GR","Half Price Drapes BOCH-191016 Java Grommet Blackout Curtain (2 Panels)","167",,"No",
"BOCH-193810-108","Half Price Drapes BOCH-193810 Eclipse Blackout Curtain (2 Panels)","60",,"No",
"BOCH-193810-108-GR","Half Price Drapes BOCH-193810 Eclipse Grommet Blackout Curtain (2 Panels)","100",,"No",
"BOCH-193810-120","Half Price Drapes BOCH-193810 Eclipse Blackout Curtain (2 Panels)","0",,"No",
"BOCH-193810-120-GR","Half Price Drapes BOCH-193810 Eclipse Grommet Blackout Curtain (2 Panels)","69",,"No",
"BOCH-193810-84","Half Price Drapes BOCH-193810 Eclipse Blackout Curtain (2 Panels)","63",,"No",
"BOCH-193810-84-GR","Half Price Drapes BOCH-193810 Eclipse Grommet Blackout Curtain (2 Panels)","43",,"No",
"BOCH-193810-96","Half Price Drapes BOCH-193810 Eclipse Blackout Curtain (2 Panels)","0",,"No",
"BOCH-193810-96-GR","Half Price Drapes BOCH-193810 Eclipse Grommet Blackout Curtain (2 Panels)","63",,"No",
"BOCH-201301-108","Half Price Drapes BOCH-201301 Aubergine Blackout Curtain (2 Panels)","234",,"No",
"BOCH-201301-108-GR","Half Price Drapes BOCH-201301 Aubergine Grommet Blackout Curtain (2 Panels)","381",,"No",
"BOCH-201301-120","Half Price Drapes BOCH-201301 Aubergine Blackout Curtain (2 Panels)","201",,"No",
"BOCH-201301-120-GR","Half Price Drapes BOCH-201301 Aubergine Grommet Blackout Curtain (2 Panels)","204",,"No",
"BOCH-201301-84","Half Price Drapes BOCH-201301 Aubergine Blackout Curtain (2 Panels)","117",,"No",
"BOCH-201301-84-GR","Half Price Drapes BOCH-201301 Aubergine Grommet Blackout Curtain (2 Panels)","156",,"No",
"BOCH-201301-96","Half Price Drapes BOCH-201301 Aubergine Blackout Curtain (2 Panels)","222",,"No",
"BOCH-201301-96-GR","Half Price Drapes BOCH-201301 Aubergine Grommet Blackout Curtain (2 Panels)","379",,"No",
"BOCH-201302-108","Half Price Drapes BOCH-201302 Lichen Blackout Curtain (2 Panels)","71",,"No",
"BOCH-201302-108-GR","Half Price Drapes BOCH-201302 Lichen Grommet Blackout Curtain (2 Panels)","189",,"No",
"BOCH-201302-120","Half Price Drapes BOCH-201302 Lichen Blackout Curtain (2 Panels)","46",,"No",
"BOCH-201302-120-GR","Half Price Drapes BOCH-201302 Lichen Grommet Blackout Curtain (2 Panels)","116",,"No",
"BOCH-201302-84","Half Price Drapes BOCH-201302 Lichen Blackout Curtain (2 Panels)","10",,"No",
"BOCH-201302-84-GR","Half Price Drapes BOCH-201302 Lichen Grommet Blackout Curtain (2 Panels)","50",,"No",
"BOCH-201302-96","Half Price Drapes BOCH-201302 Lichen Blackout Curtain (2 Panels)","10",,"No",
"BOCH-201302-96-GR","Half Price Drapes BOCH-201302 Lichen Grommet Blackout Curtain (2 Panels)","114",,"No",
"BOCH-201303-108","Half Price Drapes BOCH-201303 Marigold Blackout Curtain (2 Panels)","184",,"No",
"BOCH-201303-108-GR","Half Price Drapes BOCH-201303 Marigold Grommet Blackout Curtain (2 Panels)","160",,"No",
"BOCH-201303-120","Half Price Drapes BOCH-201303 Marigold Blackout Curtain (2 Panels)","64",,"No",
"BOCH-201303-120-GR","Half Price Drapes BOCH-201303 Marigold Grommet Blackout Curtain (2 Panels)","72",,"No",
"BOCH-201303-84","Half Price Drapes BOCH-201303 Marigold Blackout Curtain (2 Panels)","0",,"No",
"BOCH-201303-84-GR","Half Price Drapes BOCH-201303 Marigold Grommet Blackout Curtain (2 Panels)","21",,"No",
"BOCH-201303-96","Half Price Drapes BOCH-201303 Marigold Blackout Curtain (2 Panels)","48",,"No",
"BOCH-201303-96-GR","Half Price Drapes BOCH-201303 Marigold Grommet Blackout Curtain (2 Panels)","93",,"No",
"BOCH-201304-108","Half Price Drapes BOCH-201304 Blaze Blackout Curtain (2 Panels)","187",,"No",
"BOCH-201304-108-GR","Half Price Drapes BOCH-201304 Blaze Grommet Blackout Curtain (2 Panels)","300",,"No",
"BOCH-201304-120","Half Price Drapes BOCH-201304 Blaze Blackout Curtain (2 Panels)","109",,"No",
"BOCH-201304-120-GR","Half Price Drapes BOCH-201304 Blaze Grommet Blackout Curtain (2 Panels)","175",,"No",
"BOCH-201304-63","Half Price Drapes BOCH-201304 Blaze Blackout Curtain (2 Panels)","52",,"No",
"BOCH-201304-84-GR","Half Price Drapes BOCH-201304 Blaze Grommet Blackout Curtain (2 Panels)","42",,"No",
"BOCH-201304-96","Half Price Drapes BOCH-201304 Blaze Blackout Curtain (2 Panels)","129",,"No",
"BOCH-201304-96-GR","Half Price Drapes BOCH-201304 Blaze Grommet Blackout Curtain (2 Panels)","291",,"No",
"BOCH-201305-108","Half Price Drapes BOCH-201305 Precious Blackout Curtain (2 Panels)","186",,"No",
"BOCH-201305-108-GR","Half Price Drapes BOCH-201305 Precious Grommet Blackout Curtain (2 Panels)","247",,"No",
"BOCH-201305-120","Half Price Drapes BOCH-201305 Precious Blackout Curtain (2 Panels)","85",,"No",
"BOCH-201305-120-GR","Half Price Drapes BOCH-201305 Precious Grommet Blackout Curtain (2 Panels)","120",,"No",
"BOCH-201305-84","Half Price Drapes BOCH-201305 Precious Blackout Curtain (2 Panels)","0",,"No",
"BOCH-201305-84-GR","Half Price Drapes BOCH-201305 Precious Grommet Blackout Curtain (2 Panels)","90",,"No",
"BOCH-201305-96","Half Price Drapes BOCH-201305 Precious Blackout Curtain (2 Panels)","64",,"No",
"BOCH-201305-96-GR","Half Price Drapes BOCH-201305 Precious Grommet Blackout Curtain (2 Panels)","223",,"No",
"BOCH-KC1-108","Half Price Drapes BOCH-KC1 Sundip Stripe Blackout Curtain","345",,"No",
"BOCH-KC1-120","Half Price Drapes BOCH-KC1 Sundip Stripe Blackout Curtain","89",,"No",
"BOCH-KC1-84","Half Price Drapes BOCH-KC1 Sundip Stripe Blackout Curtain","209",,"No",
"BOCH-KC1-96","Half Price Drapes BOCH-KC1 Sundip Stripe Blackout Curtain","242",,"No",
"BOCH-KC20-108","Half Price Drapes BOCH-KC20 Santos Blackout Curtain","108",,"No",
"BOCH-KC20-120","Half Price Drapes BOCH-KC20 Santos Blackout Curtain","81",,"No",
"BOCH-KC20-84","Half Price Drapes BOCH-KC20 Santos Blackout Curtain","0",,"No",
"BOCH-KC20-96","Half Price Drapes BOCH-KC20 Santos Blackout Curtain","55",,"No",
"BOCH-KC21-108","Half Price Drapes BOCH-KC2 Seville Blackout Curtain","333",,"No",
"BOCH-KC21-120","Half Price Drapes BOCH-KC2 Seville Blackout Curtain","169",,"No",
"BOCH-KC21-84","Half Price Drapes BOCH-KC2 Seville Blackout Curtain","90",,"No",
"BOCH-KC21-96","Half Price Drapes BOCH-KC2 Seville Blackout Curtain","279",,"No",
"BOCH-KC22-108","Half Price Drapes BOCH-KC22 Kabuchi Blackout Curtain","139",,"No",
"BOCH-KC22-120","Half Price Drapes BOCH-KC22 Kabuchi Blackout Curtain","53",,"No",
"BOCH-KC22-84","Half Price Drapes BOCH-KC22 Kabuchi Blackout Curtain","0",,"No",
"BOCH-KC22-96","Half Price Drapes BOCH-KC22 Kabuchi Blackout Curtain","76",,"No",
"BOCH-KC23-108","Half Price Drapes BOCH-KC23 Trellise Blackout Curtain","0",,"No",
"BOCH-KC23-120","Half Price Drapes BOCH-KC23 Trellise Blackout Curtain","0",,"No",
"BOCH-KC23-84","Half Price Drapes BOCH-KC23 Trellise Blackout Curtain","0",,"No",
"BOCH-KC23-96","Half Price Drapes BOCH-KC23 Trellise Blackout Curtain","0",,"No",
"BOCH-KC24-108","Half Price Drapes BOCH-KC24 Aegean Blackout Curtain","110",,"No",
"BOCH-KC24-120","Half Price Drapes BOCH-KC24 Aegean Blackout Curtain","56",,"No",
"BOCH-KC24-84","Half Price Drapes BOCH-KC24 Aegean Blackout Curtain","0",,"No",
"BOCH-KC24-96","Half Price Drapes BOCH-KC24 Aegean Blackout Curtain","127",,"No",
"BOCH-KC25-108","Half Price Drapes BOCH-KC2 Seville Blackout Curtain","97",,"No",
"BOCH-KC25-120","Half Price Drapes BOCH-KC2 Seville Blackout Curtain","0",,"No",
"BOCH-KC25-84","Half Price Drapes BOCH-KC2 Seville Blackout Curtain","85",,"No",
"BOCH-KC25-96","Half Price Drapes BOCH-KC2 Seville Blackout Curtain","104",,"No",
"BOCH-KC26-108","Half Price Drapes BOCH-KC Casablanca Blackout Curtain","219",,"No",
"BOCH-KC26-120","Half Price Drapes BOCH-KC Casablanca Blackout Curtain","82",,"No",
"BOCH-KC26-84","Half Price Drapes BOCH-KC Casablanca Blackout Curtain","208",,"No",
"BOCH-KC26-96","Half Price Drapes BOCH-KC Casablanca Blackout Curtain","200",,"No",
"BOCH-KC27-108","Half Price Drapes BOCH-KC27 Henna Blackout Curtain","286",,"No",
"BOCH-KC27-120","Half Price Drapes BOCH-KC27 Henna Blackout Curtain","129",,"No",
"BOCH-KC27-84","Half Price Drapes BOCH-KC27 Henna Blackout Curtain","125",,"No",
"BOCH-KC27-96","Half Price Drapes BOCH-KC27 Henna Blackout Curtain","279",,"No",
"BOCH-KC28-108","Half Price Drapes BOCH-KC28 Portside Blackout Curtain","97",,"No",
"BOCH-KC28-120","Half Price Drapes BOCH-KC28 Portside Blackout Curtain","71",,"No",
"BOCH-KC28-84","Half Price Drapes BOCH-KC28 Portside Blackout Curtain","0",,"No",
"BOCH-KC28-96","Half Price Drapes BOCH-KC28 Portside Blackout Curtain","75",,"No",
"BOCH-KC29-108","Half Price Drapes BOCH-KC29 Key Largo Blackout Curtain","170",,"No",
"BOCH-KC29-120","Half Price Drapes BOCH-KC29 Key Largo Blackout Curtain","82",,"No",
"BOCH-KC29-84","Half Price Drapes BOCH-KC29 Key Largo Blackout Curtain","34",,"No",
"BOCH-KC29-96","Half Price Drapes BOCH-KC29 Key Largo Blackout Curtain","111",,"No",
"BOCH-KC30-108","Half Price Drapes BOCH-KC30 Charleston Blackout Curtain","128",,"Yes",
"BOCH-KC30-120","Half Price Drapes BOCH-KC30 Charleston Blackout Curtain","40",,"Yes",
"BOCH-KC30-84","Half Price Drapes BOCH-KC30 Charleston Blackout Curtain","85",,"Yes",
"BOCH-KC30-96","Half Price Drapes BOCH-KC30 Charleston Blackout Curtain","90",,"Yes",
"BOCH-KC31-108","Half Price Drapes BOCH-KC31 Georgetown Blackout Curtain","209",,"No",
"BOCH-KC31-120","Half Price Drapes BOCH-KC31 Georgetown Blackout Curtain","72",,"No",
"BOCH-KC31-84","Half Price Drapes BOCH-KC31 Georgetown Blackout Curtain","0",,"No",
"BOCH-KC31-96","Half Price Drapes BOCH-KC31 Georgetown Blackout Curtain","49",,"No",
"BOCH-KC32-108","Half Price Drapes BOCH-KC32 Savannah Blackout Curtain","163",,"No",
"BOCH-KC32-120","Half Price Drapes BOCH-KC32 Savannah Blackout Curtain","72",,"No",
"BOCH-KC32-84","Half Price Drapes BOCH-KC32 Savannah Blackout Curtain","0",,"No",
"BOCH-KC32-96","Half Price Drapes BOCH-KC32 Savannah Blackout Curtain","95",,"No",
"BOCH-KC33-108","Half Price Drapes BOCH-KC33 Tugra Blackout Curtain","121",,"No",
"BOCH-KC33-120","Half Price Drapes BOCH-KC33 Tugra Blackout Curtain","21",,"No",
"BOCH-KC33-84","Half Price Drapes BOCH-KC33 Tugra Blackout Curtain","64",,"No",
"BOCH-KC33-96","Half Price Drapes BOCH-KC33 Tugra Blackout Curtain","77",,"No",
"BOCH-KC34C-108","Half Price Drapes BOCH-KC34C Sunburst Blackout Curtain","132",,"No",
"BOCH-KC34C-120","Half Price Drapes BOCH-KC34C Sunburst Blackout Curtain","59",,"No",
"BOCH-KC34C-84","Half Price Drapes BOCH-KC34C Sunburst Blackout Curtain","0",,"No",
"BOCH-KC34C-96","Half Price Drapes BOCH-KC34C Sunburst Blackout Curtain","60",,"No",
"BOCH-KC35-108","Half Price Drapes BOCH-KC Casablanca Blackout Curtain","109",,"No",
"BOCH-KC35-120","Half Price Drapes BOCH-KC Casablanca Blackout Curtain","50",,"No",
"BOCH-KC35-84","Half Price Drapes BOCH-KC Casablanca Blackout Curtain","0",,"No",
"BOCH-KC35-96","Half Price Drapes BOCH-KC Casablanca Blackout Curtain","61",,"No",
"BOCH-KC36-108","Half Price Drapes BOCH-KC36 Haight Sunshine Blackout Curtain","106",,"No",
"BOCH-KC36-120","Half Price Drapes BOCH-KC36 Haight Sunshine Blackout Curtain","57",,"No",
"BOCH-KC36-84","Half Price Drapes BOCH-KC36 Haight Sunshine Blackout Curtain","0",,"No",
"BOCH-KC36-96","Half Price Drapes BOCH-KC36 Haight Sunshine Blackout Curtain","58",,"No",
"BOCH-KC5-108","Half Price Drapes BOCH-KC5 Ambrosia Stripe Blackout Curtain","202",,"No",
"BOCH-KC5-120","Half Price Drapes BOCH-KC5 Ambrosia Stripe Blackout Curtain","89",,"No",
"BOCH-KC5-84","Half Price Drapes BOCH-KC5 Ambrosia Stripe Blackout Curtain","0",,"No",
"BOCH-KC5-96","Half Price Drapes BOCH-KC5 Ambrosia Stripe Blackout Curtain","88",,"No",
"BOCH-KC6-108","Half Price Drapes BOCH-KC6 Marco Pole Stripe Blackout Curtain","120",,"No",
"BOCH-KC6-120","Half Price Drapes BOCH-KC6 Marco Pole Stripe Blackout Curtain","45",,"No",
"BOCH-KC6-120","Half Price Drapes BOCH-KC6 Marco Pole Stripe Blackout Curtain","46",,"No",
"BOCH-KC6-84","Half Price Drapes BOCH-KC6 Marco Pole Stripe Blackout Curtain","101",,"No",
"BOCH-KC6-84","Half Price Drapes BOCH-KC6 Marco Pole Stripe Blackout Curtain","85",,"No",
"BOCH-KC6-96","Half Price Drapes BOCH-KC6 Marco Pole Stripe Blackout Curtain","119",,"No",
"BOCH-KC6-96","Half Price Drapes BOCH-KC6 Marco Pole Stripe Blackout Curtain","127",,"No",
"BOCH-KC8-108","Half Price Drapes BOCH-KC8 Pistachio Stripe Blackout Curtain","205",,"No",
"BOCH-KC8-120","Half Price Drapes BOCH-KC8 Pistachio Stripe Blackout Curtain","147",,"No",
"BOCH-KC8-84","Half Price Drapes BOCH-KC8 Pistachio Stripe Blackout Curtain","125",,"No",
"BOCH-KC8-96","Half Price Drapes BOCH-KC8 Pistachio Stripe Blackout Curtain","234",,"No",
"BOCH-KC91B-108","Half Price Drapes BOCH-KC91B Polka Dot Blackout Curtain","231",,"No",
"BOCH-KC91B-120","Half Price Drapes BOCH-KC91B Polka Dot Blackout Curtain","119",,"No",
"BOCH-KC91B-84","Half Price Drapes BOCH-KC91B Polka Dot Blackout Curtain","151",,"No",
"BOCH-KC91B-96","Half Price Drapes BOCH-KC91B Polka Dot Blackout Curtain","155",,"No",
"BOCH-PL1601-108","Half Price Drapes BOCH-PL1601 Sand Dollar Bellino Blackout Curtain","36",,"No",
"BOCH-PL1601-120","Half Price Drapes BOCH-PL1601 Sand Dollar Bellino Blackout Curtain","0",,"No",
"BOCH-PL1601-84","Half Price Drapes BOCH-PL1601 Sand Dollar Bellino Blackout Curtain","58",,"No",
"BOCH-PL1601-96","Half Price Drapes BOCH-PL1601 Sand Dollar Bellino Blackout Curtain","74",,"No",
"BOCH-PL1602-108","Half Price Drapes BOCH-PL1602 Mandarin Bellino Blackout Curtain","141",,"No",
"BOCH-PL1602-108","Half Price Drapes BOCH-PL1602 Mandarin Bellino Blackout Curtain","154",,"No",
"BOCH-PL1602-120","Half Price Drapes BOCH-PL1602 Mandarin Bellino Blackout Curtain","82",,"No",
"BOCH-PL1602-84","Half Price Drapes BOCH-PL1602 Mandarin Bellino Blackout Curtain","0",,"No",
"BOCH-PL1602-84","Half Price Drapes BOCH-PL1602 Mandarin Bellino Blackout Curtain","30",,"No",
"BOCH-PL1602-96","Half Price Drapes BOCH-PL1602 Mandarin Bellino Blackout Curtain","108",,"No",
"BOCH-PL1602-96","Half Price Drapes BOCH-PL1602 Mandarin Bellino Blackout Curtain","115",,"No",
"BOCH-PL1604-108","Half Price Drapes BOCH-PL1604 Candlelight Bellino Blackout Curtain","0",,"No",
"BOCH-PL1604-120","Half Price Drapes BOCH-PL1604 Candlelight Bellino Blackout Curtain","46",,"No",
"BOCH-PL1604-84","Half Price Drapes BOCH-PL1604 Candlelight Bellino Blackout Curtain","26",,"No",
"BOCH-PL1604-96","Half Price Drapes BOCH-PL1604 Candlelight Bellino Blackout Curtain","95",,"No",
"BOCH-PL1605-108","Half Price Drapes BOCH-PL1605 Jadite Bellino Blackout Curtain","194",,"No",
"BOCH-PL1605-120","Half Price Drapes BOCH-PL1605 Jadite Bellino Blackout Curtain","122",,"No",
"BOCH-PL1605-84","Half Price Drapes BOCH-PL1605 Jadite Bellino Blackout Curtain","26",,"No",
"BOCH-PL1605-96","Half Price Drapes BOCH-PL1605 Jadite Bellino Blackout Curtain","57",,"No",
"BOCH-PL1606-108","Half Price Drapes BOCH-PL1606 Green Tea Bellino Blackout Curtain","117",,"No",
"BOCH-PL1606-120","Half Price Drapes BOCH-PL1606 Green Tea Bellino Blackout Curtain","44",,"No",
"BOCH-PL1606-84","Half Price Drapes BOCH-PL1606 Green Tea Bellino Blackout Curtain","68",,"No",
"BOCH-PL1606-96","Half Price Drapes BOCH-PL1606 Green Tea Bellino Blackout Curtain","139",,"No",
"BOCH-PL1607-108","Half Price Drapes BOCH-PL1607 Parisian Bellino Blackout Curtain","136",,"No",
"BOCH-PL1607-120","Half Price Drapes BOCH-PL1607 Parisian Bellino Blackout Curtain","32",,"No",
"BOCH-PL1607-84","Half Price Drapes BOCH-PL1607 Parisian Bellino Blackout Curtain","52",,"No",
"BOCH-PL1607-96","Half Price Drapes BOCH-PL1607 Parisian Bellino Blackout Curtain","127",,"No",
"BOCH-PL1608-108","Half Price Drapes BOCH-PL1608 Ginger Bellino Blackout Curtain","28",,"No",
"BOCH-PL1608-120","Half Price Drapes BOCH-PL1608 Ginger Bellino Blackout Curtain","23",,"No",
"BOCH-PL1608-84","Half Price Drapes BOCH-PL1608 Ginger Bellino Blackout Curtain","29",,"No",
"BOCH-PL1608-96","Half Price Drapes BOCH-PL1608 Ginger Bellino Blackout Curtain","31",,"No",
"BOCH-PL1609-108","Half Price Drapes BOCH-PL1609 Persimmon Bellino Blackout Curtain","138",,"No",
"BOCH-PL1609-120","Half Price Drapes BOCH-PL1609 Persimmon Bellino Blackout Curtain","103",,"No",
"BOCH-PL1609-84","Half Price Drapes BOCH-PL1609 Persimmon Bellino Blackout Curtain","29",,"No",
"BOCH-PL1609-96","Half Price Drapes BOCH-PL1609 Persimmon Bellino Blackout Curtain","79",,"No",
"BOCH-PL1610-108","Half Price Drapes BOCH-PL1610 Turkish Coffee Bellino Blackout Curtain","0",,"No",
"BOCH-PL1610-120","Half Price Drapes BOCH-PL1610 Turkish Coffee Bellino Blackout Curtain","0",,"No",
"BOCH-PL1610-84","Half Price Drapes BOCH-PL1610 Turkish Coffee Bellino Blackout Curtain","22",,"No",
"BOCH-PL1610-96","Half Price Drapes BOCH-PL1610 Turkish Coffee Bellino Blackout Curtain","0",,"No",
"BOCH-PL4201-108","Half Price Drapes BOCH-PL4201 Cottage Bellino Blackout Curtain","273",,"No",
"BOCH-PL4201-120","Half Price Drapes BOCH-PL4201 Cottage Bellino Blackout Curtain","154",,"No",
"BOCH-PL4201-84","Half Price Drapes BOCH-PL4201 Cottage Bellino Blackout Curtain","119",,"No",
"BOCH-PL4201-96","Half Price Drapes BOCH-PL4201 Cottage Bellino Blackout Curtain","189",,"No",
"DIS-ID112-108","Chili Pepper Textured Dupioni Silk Curtain, 50X108","0",,"No",
"DIS-ID112-120","Chili Pepper Textured Dupioni Silk Curtain, 50X120","0",,"No",
"DIS-ID112-84","Chili Pepper Textured Dupioni Silk Curtain, 50X84","0",,"No",
"DIS-ID112-96","Chili Pepper Textured Dupioni Silk Curtain, 50X96","0",,"No",
"DIS-ID20-120","Sunrise Gold Textured Dupioni Silk Curtain, 50X120","0",,"No",
"DIS-ID221-108","Navy Textured Dupioni Silk Curtain, 50X108","0",,"No",
"DIS-ID221-120","Navy Textured Dupioni Silk Curtain, 50X120","0",,"No",
"DIS-ID221-96","Navy Textured Dupioni Silk Curtain, 50X96","0",,"No",
"DIS-ID224-120","Black Textured Dupioni Silk Curtain, 50X120","0",,"No",
"DIS-ID50-108","Mocha Textured Dupioni Silk Curtain, 50X108","51",,"No",
"DIS-ID50-120","Mocha Textured Dupioni Silk Curtain, 50X120","43",,"No",
"DIS-ID7806-108","Cashmere Textured Dupioni Silk Curtain, 50X108","68",,"No",
"DIS-ID7806-120","Cashmere Textured Dupioni Silk Curtain, 50X120","40",,"No",
"DIS-ID9-108","Maplewood Textured Dupioni Silk Curtain, 50X108","102",,"No",
"DIS-ID9-120","Maplewood Textured Dupioni Silk Curtain, 50X120","47",,"No",
"EFSCH-20134G1-96","Half Price Drapes EFSCH-20134G1 Chai Embroidered Faux Silk Curtain","106",,"No",
"EFSCH-AL450C2-108","Half Price Drapes EFSCH-AL450C Alexandria Faux Taffeta Silk Curtain","82",,"No",
"EFSCH-AL450C2-120","Half Price Drapes EFSCH-AL450C Alexandria Faux Taffeta Silk Curtain","42",,"No",
"EFSCH-AL450C2-96","Half Price Drapes EFSCH-AL450C Alexandria Faux Taffeta Silk Curtain","62",,"No",
"EFSCH-AL450C3-108","Half Price Drapes EFSCH-AL450C Alexandria Faux Taffeta Silk Curtain","150",,"No",
"EFSCH-AL450C3-120","Half Price Drapes EFSCH-AL450C Alexandria Faux Taffeta Silk Curtain","57",,"No",
"EFSCH-AL450C3-96","Half Price Drapes EFSCH-AL450C Alexandria Faux Taffeta Silk Curtain","122",,"No",
"EFSCH-AL450C4-108","Half Price Drapes EFSCH-AL450C Alexandria Faux Taffeta Silk Curtain","78",,"No",
"EFSCH-AL450C4-120","Half Price Drapes EFSCH-AL450C Alexandria Faux Taffeta Silk Curtain","0",,"No",
"EFSCH-AL450C4-96","Half Price Drapes EFSCH-AL450C Alexandria Faux Taffeta Silk Curtain","47",,"No",
"EFSCH-AL450C4-SW","Half Price Drapes BOCH-120601 Egg Nog Blackout Curtain (2 Panels)","119",,"No",
"FHLCH-314043-108","Half Price Drapes FHLCH-314043 Mineral Heavy Faux Linen Curtain","33",,"No",
"FHLCH-314043-120","Half Price Drapes FHLCH-314043 Mineral Heavy Faux Linen Curtain","21",,"No",
"FHLCH-314043-84","Half Price Drapes FHLCH-314043 Mineral Heavy Faux Linen Curtain","25",,"No",
"FHLCH-314043-96","Half Price Drapes FHLCH-314043 Mineral Heavy Faux Linen Curtain","44",,"No",
"FHLCH-314044-108","Half Price Drapes FHLCH-314044 Barley Heavy Faux Linen Curtain","127",,"No",
"FHLCH-314044-120","Half Price Drapes FHLCH-314044 Barley Heavy Faux Linen Curtain","0",,"No",
"FHLCH-314044-84","Half Price Drapes FHLCH-314044 Barley Heavy Faux Linen Curtain","50",,"No",
"FHLCH-314044-96","Half Price Drapes FHLCH-314044 Barley Heavy Faux Linen Curtain","81",,"No",
"FHLCH-314047-108","Half Price Drapes FHLCH-314047 Spruce Heavy Faux Linen Curtain","105",,"No",
"FHLCH-314047-120","Half Price Drapes FHLCH-314047 Spruce Heavy Faux Linen Curtain","57",,"No",
"FHLCH-314047-84","Half Price Drapes FHLCH-314047 Spruce Heavy Faux Linen Curtain","40",,"No",
"FHLCH-314047-96","Half Price Drapes FHLCH-314047 Spruce Heavy Faux Linen Curtain","106",,"No",
"FHLCH-314048-108","Half Price Drapes FHLCH-314048 Teal Ivy Heavy Faux Linen Curtain","31",,"No",
"FHLCH-314048-120","Half Price Drapes FHLCH-314048 Teal Ivy Heavy Faux Linen Curtain","33",,"No",
"FHLCH-314048-84","Half Price Drapes FHLCH-314048 Teal Ivy Heavy Faux Linen Curtain","28",,"No",
"FHLCH-314048-96","Half Price Drapes FHLCH-314048 Teal Ivy Heavy Faux Linen Curtain","28",,"No",
"FHLCH-314052-108","Half Price Drapes FHLCH-314052 Poppyseed Heavy Faux Linen Curtain","65",,"No",
"FHLCH-314052-120","Half Price Drapes FHLCH-314052 Poppyseed Heavy Faux Linen Curtain","0",,"No",
"FHLCH-314052-84","Half Price Drapes FHLCH-314052 Poppyseed Heavy Faux Linen Curtain","64",,"No",
"FHLCH-314052-96","Half Price Drapes FHLCH-314052 Poppyseed Heavy Faux Linen Curtain","97",,"No",
"FHLCH-314053-108","Half Price Drapes FHLCH-314053 Farro Heavy Faux Linen Curtain","92",,"No",
"FHLCH-314053-120","Half Price Drapes FHLCH-314053 Farro Heavy Faux Linen Curtain","59",,"No",
"FHLCH-314053-84","Half Price Drapes FHLCH-314053 Farro Heavy Faux Linen Curtain","50",,"No",
"FHLCH-314053-96","Half Price Drapes FHLCH-314053 Farro Heavy Faux Linen Curtain","90",,"No",
"FHLCH-314055-108","Half Price Drapes FHLCH-314055 Cinnabar Heavy Faux Linen Curtain","136",,"No",
"FHLCH-314055-120","Half Price Drapes FHLCH-314055 Cinnabar Heavy Faux Linen Curtain","77",,"No",
"FHLCH-314055-84","Half Price Drapes FHLCH-314055 Cinnabar Heavy Faux Linen Curtain","63",,"No",
"FHLCH-314055-96","Half Price Drapes FHLCH-314055 Cinnabar Heavy Faux Linen Curtain","114",,"No",
"FHLCH-416016-108","Half Price Drapes FHLCH-416016 Oatmeal Heavy Faux Linen Curtain","124",,"No",
"FHLCH-416016-120","Half Price Drapes FHLCH-416016 Oatmeal Heavy Faux Linen Curtain","23",,"No",
"FHLCH-416016-84","Half Price Drapes FHLCH-416016 Oatmeal Heavy Faux Linen Curtain","64",,"No",
"FHLCH-416016-96","Half Price Drapes FHLCH-416016 Oatmeal Heavy Faux Linen Curtain","118",,"No",
"FHLCH-416017-108","Half Price Drapes FHLCH-416017 Pepper Heavy Faux Linen Curtain","81",,"No",
"FHLCH-416017-120","Half Price Drapes FHLCH-416017 Pepper Heavy Faux Linen Curtain","0",,"No",
"FHLCH-416017-84","Half Price Drapes FHLCH-416017 Pepper Heavy Faux Linen Curtain","60",,"No",
"FHLCH-416017-96","Half Price Drapes FHLCH-416017 Pepper Heavy Faux Linen Curtain","96",,"No",
"FHLCH-416018-108","Half Price Drapes FHLCH-416018 Chestnut Heavy Faux Linen Curtain","125",,"No",
"FHLCH-416018-120","Half Price Drapes FHLCH-416018 Chestnut Heavy Faux Linen Curtain","68",,"No",
"FHLCH-416018-84","Half Price Drapes FHLCH-416018 Chestnut Heavy Faux Linen Curtain","53",,"No",
"FHLCH-416018-96","Half Price Drapes FHLCH-416018 Chestnut Heavy Faux Linen Curtain","137",,"No",
"FHLCH-416019-108","Half Price Drapes FHLCH-416019 Estate Heavy Faux Linen Curtain","136",,"No",
"FHLCH-416019-120","Half Price Drapes FHLCH-416019 Estate Heavy Faux Linen Curtain","69",,"No",
"FHLCH-416019-84","Half Price Drapes FHLCH-416019 Estate Heavy Faux Linen Curtain","65",,"No",
"FHLCH-416019-96","Half Price Drapes FHLCH-416019 Estate Heavy Faux Linen Curtain","130",,"No",
"FHLCH-416020-108","Half Price Drapes FHLCH-416020 Heirloom Heavy Faux Linen Curtain","106",,"No",
"FHLCH-416020-120","Half Price Drapes FHLCH-416020 Heirloom Heavy Faux Linen Curtain","61",,"No",
"FHLCH-416020-84","Half Price Drapes FHLCH-416020 Heirloom Heavy Faux Linen Curtain","43",,"No",
"FHLCH-416020-96","Half Price Drapes FHLCH-416020 Heirloom Heavy Faux Linen Curtain","117",,"No",
"FHLCH-YL3008-108","Half Price Drapes FHLCH-YL30 Trinidad Linen Blend Stripe Curtain","73",,"No",
"FHLCH-YL3008-84","Half Price Drapes FHLCH-YL30 Trinidad Linen Blend Stripe Curtain","36",,"No",
"FHLCH-YL3008-96","Half Price Drapes FHLCH-YL30 Trinidad Linen Blend Stripe Curtain","104",,"No",
"FHLCH-YL3010B-108","Half Price Drapes FHLCH-YL30 Trinidad Linen Blend Stripe Curtain","131",,"No",
"FHLCH-YL3010B-84","Half Price Drapes FHLCH-YL30 Trinidad Linen Blend Stripe Curtain","38",,"No",
"FHLCH-YL3010B-96","Half Price Drapes FHLCH-YL30 Trinidad Linen Blend Stripe Curtain","118",,"No",
"FHLCH-YL3012-108","Half Price Drapes FHLCH-YL3012 Grenada Linen Blend Stripe Curtain","100",,"No",
"FHLCH-YL3012-84","Half Price Drapes FHLCH-YL3012 Grenada Linen Blend Stripe Curtain","47",,"No",
"FHLCH-YL3012-96","Half Price Drapes FHLCH-YL3012 Grenada Linen Blend Stripe Curtain","84",,"No",
"FHLCH-YL3022-108","Half Price Drapes FHLCH-YL3022 Lanai Linen Blend Stripe Curtain","62",,"No",
"FHLCH-YL3022-84","Half Price Drapes FHLCH-YL3022 Lanai Linen Blend Stripe Curtain","25",,"No",
"FHLCH-YL3022-96","Half Price Drapes FHLCH-YL3022 Lanai Linen Blend Stripe Curtain","66",,"No",
"FHLCH-YL5003-108","Half Price Drapes FHLCH-YL5003 Hilo Linen Blend Solid Curtain","0",,"No",
"FHLCH-YL5003-84","Half Price Drapes FHLCH-YL5003 Hilo Linen Blend Solid Curtain","0",,"No",
"FHLCH-YL5003-96","Half Price Drapes FHLCH-YL5003 Hilo Linen Blend Solid Curtain","55",,"No",
"FHLCH-YL7176203-108","Half Price Drapes FHLCH-YL717 Key West Linen Blend Stripe Curtain","102",,"No",
"FHLCH-YL7176203-120","Half Price Drapes FHLCH-YL717 Key West Linen Blend Stripe Curtain","58",,"No",
"FHLCH-YL7176203-84","Half Price Drapes FHLCH-YL717 Key West Linen Blend Stripe Curtain","26",,"No",
"FHLCH-YL7176203-96","Half Price Drapes FHLCH-YL717 Key West Linen Blend Stripe Curtain","109",,"No",
"FHLCH-YL7176209-108","Half Price Drapes FHLCH-YL717 Bermuda Linen Blend Stripe Curtain","91",,"No",
"FHLCH-YL7176209-120","Half Price Drapes FHLCH-YL717 Bermuda Linen Blend Stripe Curtain","34",,"No",
"FHLCH-YL7176209-84","Half Price Drapes FHLCH-YL717 Bermuda Linen Blend Stripe Curtain","35",,"No",
"FHLCH-YL7176209-96","Half Price Drapes FHLCH-YL717 Bermuda Linen Blend Stripe Curtain","60",,"No",
"FHLCH-YL7176217-108","Half Price Drapes FHLCH-YL717 Del Mar Linen Blend Stripe Curtain","65",,"No",
"FHLCH-YL7176217-120","Half Price Drapes FHLCH-YL717 Del Mar Linen Blend Stripe Curtain","37",,"No",
"FHLCH-YL7176217-84","Half Price Drapes FHLCH-YL717 Del Mar Linen Blend Stripe Curtain","45",,"No",
"FHLCH-YL7176217-96","Half Price Drapes FHLCH-YL717 Del Mar Linen Blend Stripe Curtain","65",,"No",
"FHLCH-YL7178103-108","Half Price Drapes FHLCH-YL717 Key West Linen Blend Stripe Curtain","112",,"No",
"FHLCH-YL7178103-120","Half Price Drapes FHLCH-YL717 Key West Linen Blend Stripe Curtain","58",,"No",
"FHLCH-YL7178103-84","Half Price Drapes FHLCH-YL717 Key West Linen Blend Stripe Curtain","55",,"No",
"FHLCH-YL7178103-96","Half Price Drapes FHLCH-YL717 Key West Linen Blend Stripe Curtain","105",,"No",
"FHLCH-YL7178109-108","Half Price Drapes FHLCH-YL717 Bermuda Linen Blend Stripe Curtain","78",,"No",
"FHLCH-YL7178109-120","Half Price Drapes FHLCH-YL717 Bermuda Linen Blend Stripe Curtain","49",,"No",
"FHLCH-YL7178109-84","Half Price Drapes FHLCH-YL717 Bermuda Linen Blend Stripe Curtain","28",,"No",
"FHLCH-YL7178109-96","Half Price Drapes FHLCH-YL717 Bermuda Linen Blend Stripe Curtain","51",,"No",
"FHLCH-YL7178117-108","Half Price Drapes FHLCH-YL717 Del Mar Linen Blend Stripe Curtain","0",,"No",
"FHLCH-YL7178117-120","Half Price Drapes FHLCH-YL717 Del Mar Linen Blend Stripe Curtain","0",,"No",
"FHLCH-YL7178117-84","Half Price Drapes FHLCH-YL717 Del Mar Linen Blend Stripe Curtain","0",,"No",
"FHLCH-YL7178117-96","Half Price Drapes FHLCH-YL717 Del Mar Linen Blend Stripe Curtain","0",,"No",
"JQCH-20122010-108","Magdelena Champagne Faux Silk Jacquard Curtain, 50X108","0",,"No",
"JQCH-20122010-120","Magdelena Champagne Faux Silk Jacquard Curtain, 50X120","0",,"No",
"JQCH-20122010-84","Magdelena Champagne Faux Silk Jacquard Curtain, 50X84","0",,"No",
"JQCH-20122010-96","Magdelena Champagne Faux Silk Jacquard Curtain, 50X96","0",,"No",
"JQCH-HANB1B-120","Copenhagen Taupe Faux Silk Jacquard Curtain, 50X120","0",,"No",
"JQCH-HANB6-84","Dahl Multi Faux Silk Jacquard Curtain, 50X84","0",,"No",
"PRTW-D01-108","Half Price Drapes PRTW-D01 Ogee Printed Cotton Curtain","95",,"No",
"PRTW-D01-120","Half Price Drapes PRTW-D01 Ogee Printed Cotton Curtain","39",,"No",
"PRTW-D01-84","Half Price Drapes PRTW-D01 Ogee Printed Cotton Curtain","24",,"No",
"PRTW-D01-96","Half Price Drapes PRTW-D01 Ogee Printed Cotton Curtain","57",,"No",
"PRTW-D02-108","Half Price Drapes PRTW-D02 Mayan Printed Cotton Curtain","0",,"No",
"PRTW-D02-108","Half Price Drapes PRTW-D02 Mayan Printed Cotton Curtain","99",,"No",
"PRTW-D02-120","Half Price Drapes PRTW-D02 Mayan Printed Cotton Curtain","24",,"No",
"PRTW-D02-120","Half Price Drapes PRTW-D02 Mayan Printed Cotton Curtain","60",,"No",
"PRTW-D02-84","Half Price Drapes PRTW-D02 Mayan Printed Cotton Curtain","0",,"No",
"PRTW-D02-84","Half Price Drapes PRTW-D02 Mayan Printed Cotton Curtain","57",,"No",
"PRTW-D02-96","Half Price Drapes PRTW-D02 Mayan Printed Cotton Curtain","0",,"No",
"PRTW-D02-96","Half Price Drapes PRTW-D02 Mayan Printed Cotton Curtain","83",,"No",
"PRTW-D04-108","Half Price Drapes PRTW-D04 Sahara Printed Cotton Curtain","96",,"No",
"PRTW-D04-120","Half Price Drapes PRTW-D04 Sahara Printed Cotton Curtain","42",,"No",
"PRTW-D04-84","Half Price Drapes PRTW-D04 Sahara Printed Cotton Curtain","37",,"No",
"PRTW-D04-96","Half Price Drapes PRTW-D04 Sahara Printed Cotton Curtain","95",,"No",
"PRTW-D05-108","Half Price Drapes PRTW-D05 Allium Printed Cotton Curtain","97",,"No",
"PRTW-D05-120","Half Price Drapes PRTW-D05 Allium Printed Cotton Curtain","56",,"No",
"PRTW-D05-84","Half Price Drapes PRTW-D05 Allium Printed Cotton Curtain","31",,"No",
"PRTW-D05-96","Half Price Drapes PRTW-D05 Allium Printed Cotton Curtain","100",,"No",
"PRTW-D06A-108","Half Price Drapes PRTW-D06 Nairobi Printed Cotton Curtain","87",,"No",
"PRTW-D06A-120","Half Price Drapes PRTW-D06 Nairobi Printed Cotton Curtain","79",,"No",
"PRTW-D06A-84","Half Price Drapes PRTW-D06 Nairobi Printed Cotton Curtain","30",,"No",
"PRTW-D06A-96","Half Price Drapes PRTW-D06 Nairobi Printed Cotton Curtain","102",,"No",
"PRTW-D06B-108","Half Price Drapes PRTW-D06 Nairobi Printed Cotton Curtain","107",,"No",
"PRTW-D06B-120","Half Price Drapes PRTW-D06 Nairobi Printed Cotton Curtain","33",,"No",
"PRTW-D06B-84","Half Price Drapes PRTW-D06 Nairobi Printed Cotton Curtain","29",,"No",
"PRTW-D06B-96","Half Price Drapes PRTW-D06 Nairobi Printed Cotton Curtain","104",,"No",
"PRTW-D09-108","Half Price Drapes PRTW-D09 Bali Printed Cotton Curtain","0",,"No",
"PRTW-D09-120","Half Price Drapes PRTW-D09 Bali Printed Cotton Curtain","0",,"No",
"PRTW-D09-84","Half Price Drapes PRTW-D09 Bali Printed Cotton Curtain","0",,"No",
"PRTW-D09-96","Half Price Drapes PRTW-D09 Bali Printed Cotton Curtain","0",,"No",
"PRTW-D11-108","Half Price Drapes PRTW-D11 Isles Printed Cotton Curtain","243",,"No",
"PRTW-D11-120","Half Price Drapes PRTW-D11 Isles Printed Cotton Curtain","93",,"No",
"PRTW-D11-84","Half Price Drapes PRTW-D11 Isles Printed Cotton Curtain","55",,"No",
"PRTW-D11-96","Half Price Drapes PRTW-D11 Isles Printed Cotton Curtain","244",,"No",
"PRTW-D12-108","Half Price Drapes PRTW-D12 Impressions Printed Cotton Curtain","0",,"No",
"PRTW-D12-120","Half Price Drapes PRTW-D12 Impressions Printed Cotton Curtain","0",,"No",
"PRTW-D12-84","Half Price Drapes PRTW-D12 Impressions Printed Cotton Curtain","0",,"No",
"PRTW-D12-96","Half Price Drapes PRTW-D12 Impressions Printed Cotton Curtain","0",,"No",
"PRTW-D13-108","Half Price Drapes PRTW-D13 Jakarta Printed Cotton Curtain","23",,"No",
"PRTW-D13-120","Half Price Drapes PRTW-D13 Jakarta Printed Cotton Curtain","42",,"No",
"PRTW-D13-84","Half Price Drapes PRTW-D13 Jakarta Printed Cotton Curtain","21",,"No",
"PRTW-D13-96","Half Price Drapes PRTW-D13 Jakarta Printed Cotton Curtain","66",,"No",
"PRTW-D15-108","Half Price Drapes PRTW-D Cabana Printed Cotton Curtain","114",,"No",
"PRTW-D15-120","Half Price Drapes PRTW-D Cabana Printed Cotton Curtain","53",,"No",
"PRTW-D15-84","Half Price Drapes PRTW-D Cabana Printed Cotton Curtain","25",,"No",
"PRTW-D15-96","Half Price Drapes PRTW-D Cabana Printed Cotton Curtain","100",,"No",
"PRTW-D16-108","Half Price Drapes PRTW-D Cabana Printed Cotton Curtain","132",,"No",
"PRTW-D16-120","Half Price Drapes PRTW-D Cabana Printed Cotton Curtain","38",,"No",
"PRTW-D16-84","Half Price Drapes PRTW-D Cabana Printed Cotton Curtain","56",,"No",
"PRTW-D16-96","Half Price Drapes PRTW-D Cabana Printed Cotton Curtain","78",,"No",
"PRTW-D17-108","Half Price Drapes PRTW-D Cabana Printed Cotton Curtain","136",,"No",
"PRTW-D17-120","Half Price Drapes PRTW-D Cabana Printed Cotton Curtain","37",,"No",
"PRTW-D17-84","Half Price Drapes PRTW-D Cabana Printed Cotton Curtain","0",,"No",
"PRTW-D17-96","Half Price Drapes PRTW-D Cabana Printed Cotton Curtain","47",,"No",
"PRTW-D20-108","Half Price Drapes PRTW-D20 Medina Printed Cotton Curtain","21",,"No",
"PRTW-D20-120","Half Price Drapes PRTW-D20 Medina Printed Cotton Curtain","31",,"No",
"PRTW-D20-84","Half Price Drapes PRTW-D20 Medina Printed Cotton Curtain","0",,"No",
"PRTW-D20-96","Half Price Drapes PRTW-D20 Medina Printed Cotton Curtain","0",,"No",
"PRTW-D21-108","Half Price Drapes PRTW-D21 Palu Printed Cotton Curtain","0",,"No",
"PRTW-D21-120","Half Price Drapes PRTW-D21 Palu Printed Cotton Curtain","0",,"No",
"PRTW-D21-84","Half Price Drapes PRTW-D21 Palu Printed Cotton Curtain","0",,"No",
"PRTW-D21-96","Half Price Drapes PRTW-D21 Palu Printed Cotton Curtain","0",,"No",
"PRTW-D22-108","Half Price Drapes PRTW-D22 Sorong Printed Cotton Curtain","0",,"No",
"PRTW-D22-120","Half Price Drapes PRTW-D22 Sorong Printed Cotton Curtain","0",,"No",
"PRTW-D22-84","Half Price Drapes PRTW-D22 Sorong Printed Cotton Curtain","0",,"No",
"PRTW-D22-96","Half Price Drapes PRTW-D22 Sorong Printed Cotton Curtain","0",,"No",
"PRTW-D23-108","Half Price Drapes PRTW-D23 Mecca Printed Cotton Curtain","0",,"No",
"PRTW-D23-108","Half Price Drapes PRTW-D23 Mecca Printed Cotton Curtain","35",,"No",
"PRTW-D23-120","Half Price Drapes PRTW-D23 Mecca Printed Cotton Curtain","0",,"No",
"PRTW-D23-120","Half Price Drapes PRTW-D23 Mecca Printed Cotton Curtain","48",,"No",
"PRTW-D23-84","Half Price Drapes PRTW-D23 Mecca Printed Cotton Curtain","0",,"No",
"PRTW-D23-84","Half Price Drapes PRTW-D23 Mecca Printed Cotton Curtain","33",,"No",
"PRTW-D23-96","Half Price Drapes PRTW-D23 Mecca Printed Cotton Curtain","0",,"No",
"PRTW-D24A-108","Half Price Drapes PRTW-D24 Ikat Printed Cotton Curtain","0",,"No",
"PRTW-D24A-120","Half Price Drapes PRTW-D24 Ikat Printed Cotton Curtain","22",,"No",
"PRTW-D24A-84","Half Price Drapes PRTW-D24 Ikat Printed Cotton Curtain","0",,"No",
"PRTW-D24A-96","Half Price Drapes PRTW-D24 Ikat Printed Cotton Curtain","0",,"No",
"PRTW-D24B-108","Half Price Drapes PRTW-D24 Ikat Printed Cotton Curtain","49",,"No",
"PRTW-D24B-120","Half Price Drapes PRTW-D24 Ikat Printed Cotton Curtain","0",,"No",
"PRTW-D24B-84","Half Price Drapes PRTW-D24 Ikat Printed Cotton Curtain","0",,"No",
"PRTW-D24B-96","Half Price Drapes PRTW-D24 Ikat Printed Cotton Curtain","48",,"No",
"PRTW-D25-108","Half Price Drapes PRTW-D25 Honeycomb Printed Cotton Curtain","0",,"No",
"PRTW-D25-120","Half Price Drapes PRTW-D25 Honeycomb Printed Cotton Curtain","0",,"No",
"PRTW-D25-84","Half Price Drapes PRTW-D25 Honeycomb Printed Cotton Curtain","0",,"No",
"PRTW-D25-96","Half Price Drapes PRTW-D25 Honeycomb Printed Cotton Curtain","0",,"No",
"PRTW-D26-108","Half Price Drapes PRTW-D26 Deuville Printed Cotton Curtain","68",,"No",
"PRTW-D26-120","Half Price Drapes PRTW-D26 Deuville Printed Cotton Curtain","30",,"No",
"PRTW-D26-84","Half Price Drapes PRTW-D26 Deuville Printed Cotton Curtain","0",,"No",
"PRTW-D26-96","Half Price Drapes PRTW-D26 Deuville Printed Cotton Curtain","0",,"No",
"PRTW-D27-108","Half Price Drapes PRTW-D27 Panama Printed Cotton Curtain","96",,"No",
"PRTW-D27-120","Half Price Drapes PRTW-D27 Panama Printed Cotton Curtain","28",,"No",
"PRTW-D27-84","Half Price Drapes PRTW-D27 Panama Printed Cotton Curtain","24",,"No",
"PRTW-D27-96","Half Price Drapes PRTW-D27 Panama Printed Cotton Curtain","87",,"No",
"PRTW-D28-108","Half Price Drapes PRTW-D28 Marabella Printed Cotton Curtain","168",,"No",
"PRTW-D28-108","Half Price Drapes PRTW-D28 Marabella Printed Cotton Curtain","79",,"No",
"PRTW-D28-120","Half Price Drapes PRTW-D28 Marabella Printed Cotton Curtain","36",,"No",
"PRTW-D28-120","Half Price Drapes PRTW-D28 Marabella Printed Cotton Curtain","41",,"No",
"PRTW-D28-84","Half Price Drapes PRTW-D28 Marabella Printed Cotton Curtain","0",,"No",
"PRTW-D28-96","Half Price Drapes PRTW-D28 Marabella Printed Cotton Curtain","34",,"No",
"PRTW-D28-96","Half Price Drapes PRTW-D28 Marabella Printed Cotton Curtain","60",,"No",
"PRTW-D29A-108","Half Price Drapes PRTW-D29 Tide Printed Cotton Curtain","0",,"No",
"PRTW-D29A-120","Half Price Drapes PRTW-D29 Tide Printed Cotton Curtain","24",,"No",
"PRTW-D29A-84","Half Price Drapes PRTW-D29 Tide Printed Cotton Curtain","0",,"No",
"PRTW-D29A-96","Half Price Drapes PRTW-D29 Tide Printed Cotton Curtain","0",,"No",
"PRTW-D29B-108","Half Price Drapes PRTW-D29 Tide Printed Cotton Curtain","52",,"No",
"PRTW-D29B-120","Half Price Drapes PRTW-D29 Tide Printed Cotton Curtain","37",,"No",
"PRTW-D29B-84","Half Price Drapes PRTW-D29 Tide Printed Cotton Curtain","0",,"No",
"PRTW-D29B-96","Half Price Drapes PRTW-D29 Tide Printed Cotton Curtain","24",,"No",
"PRTW-D30-108","Half Price Drapes PRTW-D30 Picante Stripes Printed Cotton Curtain","34",,"No",
"PRTW-D30-120","Half Price Drapes PRTW-D30 Picante Stripes Printed Cotton Curtain","33",,"No",
"PRTW-D30-84","Half Price Drapes PRTW-D30 Picante Stripes Printed Cotton Curtain","0",,"No",
"PRTW-D30-96","Half Price Drapes PRTW-D30 Picante Stripes Printed Cotton Curtain","53",,"No",
"PRTW-D31-108","Half Price Drapes PRTW-D Cabana Printed Cotton Curtain","78",,"No",
"PRTW-D31-120","Half Price Drapes PRTW-D Cabana Printed Cotton Curtain","38",,"No",
"PRTW-D31-84","Half Price Drapes PRTW-D Cabana Printed Cotton Curtain","26",,"No",
"PRTW-D31-96","Half Price Drapes PRTW-D Cabana Printed Cotton Curtain","61",,"No",
"PRTW-D32-108","Half Price Drapes PRTW-D Cabana Printed Cotton Curtain","102",,"No",
"PRTW-D32-120","Half Price Drapes PRTW-D Cabana Printed Cotton Curtain","25",,"No",
"PRTW-D32-84","Half Price Drapes PRTW-D Cabana Printed Cotton Curtain","26",,"No",
"PRTW-D32-96","Half Price Drapes PRTW-D Cabana Printed Cotton Curtain","75",,"No",
"PRTW-D33-108","Half Price Drapes PRTW-D Cabana Printed Cotton Curtain","47",,"No",
"PRTW-D33-120","Half Price Drapes PRTW-D Cabana Printed Cotton Curtain","30",,"No",
"PRTW-D33-84","Half Price Drapes PRTW-D Cabana Printed Cotton Curtain","0",,"No",
"PRTW-D33-96","Half Price Drapes PRTW-D Cabana Printed Cotton Curtain","0",,"No",
"PTFFLK-C2-108","Half Price Drapes PTFFLK-C2 Renaissance Paprika Flocked Faux Silk Curtain","83",,"No",
"PTFFLK-C2-120","Half Price Drapes PTFFLK-C2 Renaissance Paprika Flocked Faux Silk Curtain","37",,"No",
"PTFFLK-C2-84","Half Price Drapes PTFFLK-C2 Renaissance Paprika Flocked Faux Silk Curtain","29",,"No",
"PTFFLK-C2-96","Half Price Drapes PTFFLK-C2 Renaissance Paprika Flocked Faux Silk Curtain","88",,"No",
"PTFFLK-C20A-108","Half Price Drapes PTFFLK-C20 Luna Flocked Faux Silk Curtain","89",,"No",
"PTFFLK-C20A-120","Half Price Drapes PTFFLK-C20 Luna Flocked Faux Silk Curtain","44",,"No",
"PTFFLK-C20A-84","Half Price Drapes PTFFLK-C20 Luna Flocked Faux Silk Curtain","40",,"No",
"PTFFLK-C20A-96","Half Price Drapes PTFFLK-C20 Luna Flocked Faux Silk Curtain","73",,"No",
"PTFFLK-C20B-108","Half Price Drapes PTFFLK-C20 Luna Flocked Faux Silk Curtain","102",,"No",
"PTFFLK-C20B-120","Half Price Drapes PTFFLK-C20 Luna Flocked Faux Silk Curtain","37",,"No",
"PTFFLK-C20B-84","Half Price Drapes PTFFLK-C20 Luna Flocked Faux Silk Curtain","52",,"No",
"PTFFLK-C20B-96","Half Price Drapes PTFFLK-C20 Luna Flocked Faux Silk Curtain","104",,"No",
"PTFFLK-C21A-108","Half Price Drapes PTFFLK-C21 Piscean Flocked Faux Silk Curtain","72",,"No",
"PTFFLK-C21A-120","Half Price Drapes PTFFLK-C21 Piscean Flocked Faux Silk Curtain","40",,"No",
"PTFFLK-C21A-84","Half Price Drapes PTFFLK-C21 Piscean Flocked Faux Silk Curtain","48",,"No",
"PTFFLK-C21A-96","Half Price Drapes PTFFLK-C21 Piscean Flocked Faux Silk Curtain","78",,"No",
"PTFFLK-C21B-108","Half Price Drapes PTFFLK-C21 Piscean Flocked Faux Silk Curtain","95",,"No",
"PTFFLK-C21B-120","Half Price Drapes PTFFLK-C21 Piscean Flocked Faux Silk Curtain","47",,"No",
"PTFFLK-C21B-84","Half Price Drapes PTFFLK-C21 Piscean Flocked Faux Silk Curtain","40",,"No",
"PTFFLK-C21B-96","Half Price Drapes PTFFLK-C21 Piscean Flocked Faux Silk Curtain","70",,"No",
"PTFFLK-C22A-108","Half Price Drapes PTFFLK-C22 Pavillion Flocked Faux Silk Curtain","105",,"No",
"PTFFLK-C22A-120","Half Price Drapes PTFFLK-C22 Pavillion Flocked Faux Silk Curtain","51",,"No",
"PTFFLK-C22A-84","Half Price Drapes PTFFLK-C22 Pavillion Flocked Faux Silk Curtain","40",,"No",
"PTFFLK-C22A-96","Half Price Drapes PTFFLK-C22 Pavillion Flocked Faux Silk Curtain","119",,"No",
"PTFFLK-C22B-108","Half Price Drapes PTFFLK-C22 Pavillion Flocked Faux Silk Curtain","0",,"No",
"PTFFLK-C22B-120","Half Price Drapes PTFFLK-C22 Pavillion Flocked Faux Silk Curtain","0",,"No",
"PTFFLK-C22B-84","Half Price Drapes PTFFLK-C22 Pavillion Flocked Faux Silk Curtain","0",,"No",
"PTFFLK-C22B-96","Half Price Drapes PTFFLK-C22 Pavillion Flocked Faux Silk Curtain","0",,"No",
"PTFFLK-C23A-108","Half Price Drapes PTFFLK-C23 Filigree Flocked Faux Silk Curtain","165",,"No",
"PTFFLK-C23A-120","Half Price Drapes PTFFLK-C23 Filigree Flocked Faux Silk Curtain","65",,"No",
"PTFFLK-C23A-84","Half Price Drapes PTFFLK-C23 Filigree Flocked Faux Silk Curtain","67",,"No",
"PTFFLK-C23A-96","Half Price Drapes PTFFLK-C23 Filigree Flocked Faux Silk Curtain","123",,"No",
"PTFFLK-C23B-108","Half Price Drapes PTFFLK-C23 Filigree Flocked Faux Silk Curtain","0",,"No",
"PTFFLK-C23B-120","Half Price Drapes PTFFLK-C23 Filigree Flocked Faux Silk Curtain","0",,"No",
"PTFFLK-C23B-84","Half Price Drapes PTFFLK-C23 Filigree Flocked Faux Silk Curtain","0",,"No",
"PTFFLK-C23B-96","Half Price Drapes PTFFLK-C23 Filigree Flocked Faux Silk Curtain","0",,"No",
"PTFFLK-C25-108","Half Price Drapes PTFFLK-C25 Taurean Copper Flocked Faux Silk Curtain","85",,"No",
"PTFFLK-C25-120","Half Price Drapes PTFFLK-C25 Taurean Copper Flocked Faux Silk Curtain","27",,"No",
"PTFFLK-C25-84","Half Price Drapes PTFFLK-C25 Taurean Copper Flocked Faux Silk Curtain","36",,"No",
"PTFFLK-C25-96","Half Price Drapes PTFFLK-C25 Taurean Copper Flocked Faux Silk Curtain","76",,"No",
"PTFFLK-C26-108","Half Price Drapes PTFFLK-C26 Pompeii Flocked Faux Silk Curtain","59",,"No",
"PTFFLK-C26-120","Half Price Drapes PTFFLK-C26 Pompeii Flocked Faux Silk Curtain","45",,"No",
"PTFFLK-C26-84","Half Price Drapes PTFFLK-C26 Pompeii Flocked Faux Silk Curtain","53",,"No",
"PTFFLK-C26-96","Half Price Drapes PTFFLK-C26 Pompeii Flocked Faux Silk Curtain","67",,"No",
"PTFFLK-C30-108","Half Price Drapes PTFFLK-C30 Parisian Flocked Faux Silk Curtain","101",,"No",
"PTFFLK-C30-120","Half Price Drapes PTFFLK-C30 Parisian Flocked Faux Silk Curtain","83",,"No",
"PTFFLK-C30-84","Half Price Drapes PTFFLK-C30 Parisian Flocked Faux Silk Curtain","78",,"No",
"PTFFLK-C30-96","Half Price Drapes PTFFLK-C30 Parisian Flocked Faux Silk Curtain","133",,"No",
"PTFFLK-C5-108","Half Price Drapes PTFFLK-C5 Fiori Dahlia Flocked Faux Silk Curtain","119",,"No",
"PTFFLK-C5-120","Half Price Drapes PTFFLK-C5 Fiori Dahlia Flocked Faux Silk Curtain","58",,"No",
"PTFFLK-C5-84","Half Price Drapes PTFFLK-C5 Fiori Dahlia Flocked Faux Silk Curtain","48",,"No",
"PTFFLK-C5-96","Half Price Drapes PTFFLK-C5 Fiori Dahlia Flocked Faux Silk Curtain","99",,"No",
"PTFFLK-C7-108","Half Price Drapes PTFFLK-C7 Firenze Fern Flocked Faux Silk Curtain","104",,"No",
"PTFFLK-C7-120","Half Price Drapes PTFFLK-C7 Firenze Fern Flocked Faux Silk Curtain","45",,"No",
"PTFFLK-C7-84","Half Price Drapes PTFFLK-C7 Firenze Fern Flocked Faux Silk Curtain","44",,"No",
"PTFFLK-C7-96","Half Price Drapes PTFFLK-C7 Firenze Fern Flocked Faux Silk Curtain","76",,"No",
"PTSCH-12012-120","Marin Faux Silk Taffeta Stripe Curtain, 50X120","0",,"No",
"PTSCH-52012-108","Mirage Faux Silk Taffeta Stripe Curtain, 50X108","127",,"No",
"PTSCH-52012-120","Mirage Faux Silk Taffeta Stripe Curtain, 50X120","61",,"No",
"PTSCH-52012-84","Mirage Faux Silk Taffeta Stripe Curtain, 50X84","44",,"No",
"PTSCH-52012-96","Mirage Faux Silk Taffeta Stripe Curtain, 50X96","106",,"No",
"SHCH-EMB20131A-108","Half Price Drapes SHCH-EMB20131 Florentina Embroidered Sheer Curtain","0",,"No",
"SHCH-EMB20131A-120","Half Price Drapes SHCH-EMB20131 Florentina Embroidered Sheer Curtain","0",,"No",
"SHCH-EMB20131A-84","Half Price Drapes SHCH-EMB20131 Florentina Embroidered Sheer Curtain","0",,"No",
"SHCH-EMB20131A-96","Half Price Drapes SHCH-EMB20131 Florentina Embroidered Sheer Curtain","0",,"No",
"SHCH-EMB20131B-108","Half Price Drapes SHCH-EMB20131 Florentina Embroidered Sheer Curtain","0",,"No",
"SHCH-EMB20131B-120","Half Price Drapes SHCH-EMB20131 Florentina Embroidered Sheer Curtain","0",,"No",
"SHCH-EMB20131B-84","Half Price Drapes SHCH-EMB20131 Florentina Embroidered Sheer Curtain","0",,"No",
"SHCH-EMB20131B-96","Half Price Drapes SHCH-EMB20131 Florentina Embroidered Sheer Curtain","0",,"No",
"SHCH-EMB20133A-108","Half Price Drapes SHCH-EMB20133 Contessa Embroidered Sheer Curtain","105",,"No",
"SHCH-EMB20133A-120","Half Price Drapes SHCH-EMB20133 Contessa Embroidered Sheer Curtain","0",,"No",
"SHCH-EMB20133A-84","Half Price Drapes SHCH-EMB20133 Contessa Embroidered Sheer Curtain","30",,"No",
"SHCH-EMB20133A-96","Half Price Drapes SHCH-EMB20133 Contessa Embroidered Sheer Curtain","83",,"No",
"SHCH-EMB20133B-108","Half Price Drapes SHCH-EMB20133 Contessa Embroidered Sheer Curtain","98",,"No",
"SHCH-EMB20133B-120","Half Price Drapes SHCH-EMB20133 Contessa Embroidered Sheer Curtain","29",,"No",
"SHCH-EMB20133B-84","Half Price Drapes SHCH-EMB20133 Contessa Embroidered Sheer Curtain","0",,"No",
"SHCH-EMB20133B-96","Half Price Drapes SHCH-EMB20133 Contessa Embroidered Sheer Curtain","187",,"No",
"SHCH-EMB20135-108","Half Price Drapes SHCH-EMB20135 Bella Embroidered Sheer Curtain","46",,"No",
"SHCH-EMB20135-120","Half Price Drapes SHCH-EMB20135 Bella Embroidered Sheer Curtain","0",,"No",
"SHCH-EMB20135-84","Half Price Drapes SHCH-EMB20135 Bella Embroidered Sheer Curtain","0",,"No",
"SHCH-EMB20135-96","Half Price Drapes SHCH-EMB20135 Bella Embroidered Sheer Curtain","66",,"No",
"SHCH-EMB20136-108","Half Price Drapes SHCH-EMB20136 Alegra Embroidered Sheer Curtain","95",,"No",
"SHCH-EMB20136-120","Half Price Drapes SHCH-EMB20136 Alegra Embroidered Sheer Curtain","42",,"No",
"SHCH-EMB20136-84","Half Price Drapes SHCH-EMB20136 Alegra Embroidered Sheer Curtain","0",,"No",
"SHCH-EMB20136-96","Half Price Drapes SHCH-EMB20136 Alegra Embroidered Sheer Curtain","98",,"No",
"SHCH-EMB20137-108","Half Price Drapes SHCH-EMB20137 Esparanza Embroidered Sheer Curtain","122",,"No",
"SHCH-EMB20137-120","Half Price Drapes SHCH-EMB20137 Esparanza Embroidered Sheer Curtain","58",,"No",
"SHCH-EMB20137-84","Half Price Drapes SHCH-EMB20137 Esparanza Embroidered Sheer Curtain","54",,"No",
"SHCH-EMB20137-96","Half Price Drapes SHCH-EMB20137 Esparanza Embroidered Sheer Curtain","125",,"No",
"SHCH-EMB20138-108","Half Price Drapes SHCH-EMB20138 Gia Embroidered Sheer Curtain","78",,"No",
"SHCH-EMB20138-120","Half Price Drapes SHCH-EMB20138 Gia Embroidered Sheer Curtain","60",,"No",
"SHCH-EMB20138-84","Half Price Drapes SHCH-EMB20138 Gia Embroidered Sheer Curtain","41",,"No",
"SHCH-EMB20138-96","Half Price Drapes SHCH-EMB20138 Gia Embroidered Sheer Curtain","86",,"No",
"SHCH-EMBOCS3231-108","Half Price Drapes SHCH-EMBOCS3231 Camille Embroidered Sheer Curtain","165",,"No",
"SHCH-EMBOCS3231-84","Half Price Drapes SHCH-EMBOCS3231 Camille Embroidered Sheer Curtain","90",,"No",
"SHCH-EMBOCS3231-96","Half Price Drapes SHCH-EMBOCS3231 Camille Embroidered Sheer Curtain","166",,"No",
"SHCH-EMBOCS3293-108","Half Price Drapes SHCH-EMBOCS3293 Juliette Embroidered Sheer Curtain","144",,"No",
"SHCH-EMBOCS3293-84","Half Price Drapes SHCH-EMBOCS3293 Juliette Embroidered Sheer Curtain","105",,"No",
"SHCH-EMBOCS3293-96","Half Price Drapes SHCH-EMBOCS3293 Juliette Embroidered Sheer Curtain","170",,"No",
"SHCH-EMBOCS3595-108","Half Price Drapes SHCH-EMBOCS3595 Cleopatra Embroidered Sheer Curtain","0",,"No",
"SHCH-EMBOCS3595-120","Half Price Drapes SHCH-EMBOCS3595 Cleopatra Embroidered Sheer Curtain","23",,"No",
"SHCH-EMBOCS3595-84","Half Price Drapes SHCH-EMBOCS3595 Cleopatra Embroidered Sheer Curtain","0",,"No",
"SHCH-EMBOCS3595-96","Half Price Drapes SHCH-EMBOCS3595 Cleopatra Embroidered Sheer Curtain","39",,"No",
"SHCH-EMBOCS4084-108","Half Price Drapes SHCH-EMBOCS4084 Lunetta Embroidered Sheer Curtain","227",,"No",
"SHCH-EMBOCS4084-84","Half Price Drapes SHCH-EMBOCS4084 Lunetta Embroidered Sheer Curtain","153",,"No",
"SHCH-EMBOCS4084-96","Half Price Drapes SHCH-EMBOCS4084 Lunetta Embroidered Sheer Curtain","223",,"No",
"SHCH-LH1211-108","Half Price Drapes SHCH-LH1211 Antoinette Patterned Sheer Curtain","115",,"No",
"SHCH-LH1211-84","Half Price Drapes SHCH-LH1211 Antoinette Patterned Sheer Curtain","33",,"No",
"SHCH-LH1211-96","Half Price Drapes SHCH-LH1211 Antoinette Patterned Sheer Curtain","110",,"No",
"SHCH-LH1222-108","Half Price Drapes SHCH-LH1222 Agatha Patterned Sheer Curtain","109",,"No",
"SHCH-LH1222-84","Half Price Drapes SHCH-LH1222 Agatha Patterned Sheer Curtain","0",,"No",
"SHCH-LH1222-96","Half Price Drapes SHCH-LH1222 Agatha Patterned Sheer Curtain","108",,"No",
"SHCH-LH130-108","Half Price Drapes SHCH-LH130 Piera Patterned Sheer Curtain","149",,"No",
"SHCH-LH130-84","Half Price Drapes SHCH-LH130 Piera Patterned Sheer Curtain","93",,"No",
"SHCH-LH130-96","Half Price Drapes SHCH-LH130 Piera Patterned Sheer Curtain","156",,"No",
"SHCH-LH159-108","Half Price Drapes SHCH-LH Palazzo Banded Sheer Curtain","144",,"No",
"SHCH-LH159-84","Half Price Drapes SHCH-LH Palazzo Banded Sheer Curtain","80",,"No",
"SHCH-LH159-96","Half Price Drapes SHCH-LH Palazzo Banded Sheer Curtain","144",,"No",
"SHCH-LH20132-108","Half Price Drapes SHCH-LH20132 Sabrina Patterned Sheer Curtain","143",,"No",
"SHCH-LH20132-84","Half Price Drapes SHCH-LH20132 Sabrina Patterned Sheer Curtain","93",,"No",
"SHCH-LH20132-96","Half Price Drapes SHCH-LH20132 Sabrina Patterned Sheer Curtain","110",,"No",
"SHCH-LH20133-108","Half Price Drapes SHCH-LH20133 Florina Patterned Sheer Curtain","126",,"No",
"SHCH-LH20133-84","Half Price Drapes SHCH-LH20133 Florina Patterned Sheer Curtain","47",,"No",
"SHCH-LH20133-96","Half Price Drapes SHCH-LH20133 Florina Patterned Sheer Curtain","81",,"No",
"SHCH-LH20134-108","Half Price Drapes SHCH-LH20134 Loretta Patterned Sheer Curtain","161",,"No",
"SHCH-LH20134-84","Half Price Drapes SHCH-LH20134 Loretta Patterned Sheer Curtain","311",,"No",
"SHCH-LH20134-96","Half Price Drapes SHCH-LH20134 Loretta Patterned Sheer Curtain","158",,"No",
"SHCH-LH20135-108","Half Price Drapes SHCH-LH20135 Francesca Patterned Sheer Curtain","122",,"No",
"SHCH-LH20135-84","Half Price Drapes SHCH-LH20135 Francesca Patterned Sheer Curtain","75",,"No",
"SHCH-LH20135-96","Half Price Drapes SHCH-LH20135 Francesca Patterned Sheer Curtain","103",,"No",
"SHCH-LH20136-108","Half Price Drapes SHCH-LH20136 Margo Patterned Sheer Curtain","63",,"No",
"SHCH-LH20136-108","Half Price Drapes SHCH-LH20136 Margo Patterned Sheer Curtain","73",,"No",
"SHCH-LH20136-84","Half Price Drapes SHCH-LH20136 Margo Patterned Sheer Curtain","74",,"No",
"SHCH-LH20136-84","Half Price Drapes SHCH-LH20136 Margo Patterned Sheer Curtain","80",,"No",
"SHCH-LH20136-96","Half Price Drapes SHCH-LH20136 Margo Patterned Sheer Curtain","100",,"No",
"SHCH-LH20136-96","Half Price Drapes SHCH-LH20136 Margo Patterned Sheer Curtain","104",,"No",
"SHCH-LH94A-84","Half Price Drapes SHCH-LH Palazzo Banded Sheer Curtain","181",,"No",
"SHCH-LH96-108","Half Price Drapes SHCH-LH96 Alesandra Patterned Sheer Curtain","141",,"No",
"SHCH-LH96-84","Half Price Drapes SHCH-LH96 Alesandra Patterned Sheer Curtain","72",,"No",
"SHCH-LH96-96","Half Price Drapes SHCH-LH96 Alesandra Patterned Sheer Curtain","123",,"No",
"SHCH-LH97-108","Half Price Drapes SHCH-LH97 Marietta Patterned Sheer Curtain","113",,"No",
"SHCH-LH97-108","Half Price Drapes SHCH-LH97 Marietta Patterned Sheer Curtain","116",,"No",
"SHCH-LH97-84","Half Price Drapes SHCH-LH97 Marietta Patterned Sheer Curtain","51",,"No",
"SHCH-LH97-84","Half Price Drapes SHCH-LH97 Marietta Patterned Sheer Curtain","62",,"No",
"SHCH-LH97-96","Half Price Drapes SHCH-LH97 Marietta Patterned Sheer Curtain","121",,"No",
"SHCH-LH97-96","Half Price Drapes SHCH-LH97 Marietta Patterned Sheer Curtain","129",,"No",
"SHCH-LHOCS333-108","Half Price Drapes SHCH-LHOCS333 Zara Patterned Sheer Curtain","154",,"No",
"SHCH-LHOCS333-84","Half Price Drapes SHCH-LHOCS333 Zara Patterned Sheer Curtain","105",,"No",
"SHCH-LHOCS333-96","Half Price Drapes SHCH-LHOCS333 Zara Patterned Sheer Curtain","158",,"No",
"SHCH-ORG1-108-PR","Half Price Drapes SHCH-ORG Solid Organza Sheer Curtain (2 Panels)","555",,"No",
"SHCH-ORG1-120-PR","Half Price Drapes SHCH-ORG Solid Organza Sheer Curtain (2 Panels)","326",,"No",
"SHCH-ORG1-84-PR","Half Price Drapes SHCH-ORG Solid Organza Sheer Curtain (2 Panels)","206",,"No",
"SHCH-ORG1-96-PR","Half Price Drapes SHCH-ORG Solid Organza Sheer Curtain (2 Panels)","510",,"No",
"SHCH-ORG2-108-PR","Half Price Drapes SHCH-ORG Solid Organza Sheer Curtain (2 Panels)","399",,"No",
"SHCH-ORG2-120-PR","Half Price Drapes SHCH-ORG Solid Organza Sheer Curtain (2 Panels)","126",,"No",
"SHCH-ORG2-84-PR","Half Price Drapes SHCH-ORG Solid Organza Sheer Curtain (2 Panels)","122",,"No",
"SHCH-ORG2-96-PR","Half Price Drapes SHCH-ORG Solid Organza Sheer Curtain (2 Panels)","514",,"No",
"SHCH-ORG6-108-PR","Half Price Drapes SHCH-ORG Solid Organza Sheer Curtain (2 Panels)","278",,"No",
"SHCH-ORG6-120-PR","Half Price Drapes SHCH-ORG Solid Organza Sheer Curtain (2 Panels)","192",,"No",
"SHCH-ORG6-84-PR","Half Price Drapes SHCH-ORG Solid Organza Sheer Curtain (2 Panels)","85",,"No",
"SHCH-ORG6-96-PR","Half Price Drapes SHCH-ORG Solid Organza Sheer Curtain (2 Panels)","227",,"No",
"SHCH-OUR1921ASH-108","Half Price Drapes SHCH-OUR192 Havannah Weaved Sheer Curtain","0",,"No",
"SHCH-OUR1921ASH-84","Half Price Drapes SHCH-OUR192 Havannah Weaved Sheer Curtain","268",,"No",
"SHCH-OUR1921ASH-96","Half Price Drapes SHCH-OUR192 Havannah Weaved Sheer Curtain","175",,"No",
"SHCH-OUR1922COC-108","Half Price Drapes SHCH-OUR192 Havannah Weaved Sheer Curtain","270",,"No",
"SHCH-OUR1922COC-84","Half Price Drapes SHCH-OUR192 Havannah Weaved Sheer Curtain","142",,"No",
"SHCH-OUR1922COC-96","Half Price Drapes SHCH-OUR192 Havannah Weaved Sheer Curtain","22",,"No",
"SHCH-OUR1923NAT-108","Half Price Drapes SHCH-OUR192 Havannah Weaved Sheer Curtain","103",,"No",
"SHCH-OUR1923NAT-84","Half Price Drapes SHCH-OUR192 Havannah Weaved Sheer Curtain","265",,"No",
"SHCH-OUR1923NAT-96","Half Price Drapes SHCH-OUR192 Havannah Weaved Sheer Curtain","73",,"No",
"SHCH-OUR1925BLU-108","Half Price Drapes SHCH-OUR192 Havannah Weaved Sheer Curtain","176",,"No",
"SHCH-OUR1925BLU-84","Half Price Drapes SHCH-OUR192 Havannah Weaved Sheer Curtain","65",,"No",
"SHCH-OUR1925BLU-96","Half Price Drapes SHCH-OUR192 Havannah Weaved Sheer Curtain","0",,"No",
"SHCH-VOL1-108-DLDW","Half Price Drapes SHCH-VOL Signature Double Wide Layered Sheer Curtain","0",,"No",
"SHCH-VOL1-108-DLSW","Half Price Drapes SHCH-VOL Signature Double Layered Sheer Curtain","96","11/09/15","No","5"
"SHCH-VOL1-108-PR","Half Price Drapes SHCH-VOL Solid Sheer Curtain (2 Panels)","1061",,"No",
"SHCH-VOL1-108-SLDW","Half Price Drapes SHCH-VOL Doublewide Solid Sheer Curtain","257",,"No",
"SHCH-VOL1-120-DLDW","Half Price Drapes SHCH-VOL Signature Double Wide Layered Sheer Curtain","28",,"No",
"SHCH-VOL1-120-DLSW","Half Price Drapes SHCH-VOL Signature Double Layered Sheer Curtain","70","11/09/15","No","5"
"SHCH-VOL1-120-PR","Half Price Drapes SHCH-VOL Solid Sheer Curtain (2 Panels)","557",,"No",
"SHCH-VOL1-120-SLDW","Half Price Drapes SHCH-VOL Doublewide Solid Sheer Curtain","161",,"No",
"SHCH-VOL1-84-DLDW","Half Price Drapes SHCH-VOL Signature Double Wide Layered Sheer Curtain","10",,"No",
"SHCH-VOL1-84-DLSW","Half Price Drapes SHCH-VOL Signature Double Layered Sheer Curtain","0","11/09/15","No","5"
"SHCH-VOL1-84-PR","Half Price Drapes SHCH-VOL Solid Sheer Curtain (2 Panels)","332",,"No",
"SHCH-VOL1-84-SLDW","Half Price Drapes SHCH-VOL Doublewide Solid Sheer Curtain","87",,"No",
"SHCH-VOL1-96-DLDW","Half Price Drapes SHCH-VOL Signature Double Wide Layered Sheer Curtain","0",,"No",
"SHCH-VOL1-96-DLSW","Half Price Drapes SHCH-VOL Signature Double Layered Sheer Curtain","42","11/09/15","No","5"
"SHCH-VOL1-96-PR","Half Price Drapes SHCH-VOL Solid Sheer Curtain (2 Panels)","1092",,"No",
"SHCH-VOL1-96-SLDW","Half Price Drapes SHCH-VOL Doublewide Solid Sheer Curtain","143",,"No",
"SHCH-VOL3-108-DLDW","Half Price Drapes SHCH-VOL Signature Double Wide Layered Sheer Curtain","33",,"No",
"SHCH-VOL3-108-DLSW","Half Price Drapes SHCH-VOL Signature Double Layered Sheer Curtain","136","11/09/15","No","5"
"SHCH-VOL3-108-PR","Half Price Drapes SHCH-VOL Solid Sheer Curtain (2 Panels)","1546",,"No",
"SHCH-VOL3-108-SLDW","Half Price Drapes SHCH-VOL Doublewide Solid Sheer Curtain","227",,"No",
"SHCH-VOL3-120-DLDW","Half Price Drapes SHCH-VOL Signature Double Wide Layered Sheer Curtain","52",,"No",
"SHCH-VOL3-120-DLSW","Half Price Drapes SHCH-VOL Signature Double Layered Sheer Curtain","76","11/09/15","No","5"
"SHCH-VOL3-120-PR","Half Price Drapes SHCH-VOL Solid Sheer Curtain (2 Panels)","553",,"No",
"SHCH-VOL3-120-SLDW","Half Price Drapes SHCH-VOL Doublewide Solid Sheer Curtain","191",,"No",
"SHCH-VOL3-84-DLDW","Half Price Drapes SHCH-VOL Signature Double Wide Layered Sheer Curtain","0",,"No",
"SHCH-VOL3-84-DLSW","Half Price Drapes SHCH-VOL Signature Double Layered Sheer Curtain","79","11/09/15","No","50"
"SHCH-VOL3-84-PR","Half Price Drapes SHCH-VOL Solid Sheer Curtain (2 Panels)","591",,"No",
"SHCH-VOL3-84-SLDW","Half Price Drapes SHCH-VOL Doublewide Solid Sheer Curtain","40",,"No",
"SHCH-VOL3-96-DLDW","Half Price Drapes SHCH-VOL Signature Double Wide Layered Sheer Curtain","40",,"No",
"SHCH-VOL3-96-DLSW","Half Price Drapes SHCH-VOL Signature Double Layered Sheer Curtain","122","11/09/15","No","5"
"SHCH-VOL3-96-PR","Half Price Drapes SHCH-VOL Solid Sheer Curtain (2 Panels)","1434",,"No",
"SHCH-VOL3-96-SLDW","Half Price Drapes SHCH-VOL Doublewide Solid Sheer Curtain","136",,"No",
"SHFLNCH-M011-108","Half Price Drapes SHFLNCH-M01 Faux Linen Sheer Curtain","134",,"No",
"SHFLNCH-M011-120","Half Price Drapes SHFLNCH-M01 Faux Linen Sheer Curtain","27",,"No",
"SHFLNCH-M011-84","Half Price Drapes SHFLNCH-M01 Faux Linen Sheer Curtain","0",,"No",
"SHFLNCH-M011-96","Half Price Drapes SHFLNCH-M01 Faux Linen Sheer Curtain","76",,"No",
"SHFLNCH-M012-108","Half Price Drapes SHFLNCH-M01 Faux Linen Sheer Curtain","190",,"No",
"SHFLNCH-M012-120","Half Price Drapes SHFLNCH-M01 Faux Linen Sheer Curtain","46",,"No",
"SHFLNCH-M012-84","Half Price Drapes SHFLNCH-M01 Faux Linen Sheer Curtain","0",,"No",
"SHFLNCH-M012-96","Half Price Drapes SHFLNCH-M01 Faux Linen Sheer Curtain","160",,"No",
"SHFLNCH-M013-108","Half Price Drapes SHFLNCH-M01 Faux Linen Sheer Curtain","183",,"No",
"SHFLNCH-M013-120","Half Price Drapes SHFLNCH-M01 Faux Linen Sheer Curtain","0",,"No",
"SHFLNCH-M013-84","Half Price Drapes SHFLNCH-M01 Faux Linen Sheer Curtain","36",,"No",
"SHFLNCH-M013-96","Half Price Drapes SHFLNCH-M01 Faux Linen Sheer Curtain","180",,"No",
"SHFLNCH-M015-108","Half Price Drapes SHFLNCH-M01 Faux Linen Sheer Curtain","174",,"No",
"SHFLNCH-M015-84","Half Price Drapes SHFLNCH-M01 Faux Linen Sheer Curtain","50",,"No",
"SHFLNCH-M015-96","Half Price Drapes SHFLNCH-M01 Faux Linen Sheer Curtain","155",,"No",
"SHLNCH-J0106-108","Half Price Drapes SHLNCH-J0106 Open Weave Natural Linen Sheer Curtain","616",,"No",
"SHLNCH-J0106-120","Half Price Drapes SHLNCH-J0106 Open Weave Natural Linen Sheer Curtain","267",,"No",
"SHLNCH-J0106-84","Half Price Drapes SHLNCH-J0106 Open Weave Natural Linen Sheer Curtain","252",,"No",
"SHLNCH-J0106-96","Half Price Drapes SHLNCH-J0106 Open Weave Natural Linen Sheer Curtain","405",,"No",
"VCCH-VET1201-108","Half Price Drapes VCCH-VET1201 British Vintage Cotton Velvet Curtain","201",,"No",
"VCCH-VET1201-120","Half Price Drapes VCCH-VET1201 British Vintage Cotton Velvet Curtain","83",,"No",
"VCCH-VET1201-84","Half Price Drapes VCCH-VET1201 British Vintage Cotton Velvet Curtain","58",,"No",
"VCCH-VET1201-96","Half Price Drapes VCCH-VET1201 British Vintage Cotton Velvet Curtain","93",,"No",
"VCCH-VET12010-108","Half Price Drapes VCCH-VET12010 Ebony Vintage Cotton Velvet Curtain","66",,"No",
"VCCH-VET12010-120","Half Price Drapes VCCH-VET12010 Ebony Vintage Cotton Velvet Curtain","47",,"No",
"VCCH-VET12010-84","Half Price Drapes VCCH-VET12010 Ebony Vintage Cotton Velvet Curtain","44",,"No",
"VCCH-VET12010-96","Half Price Drapes VCCH-VET12010 Ebony Vintage Cotton Velvet Curtain","69",,"No",
"VCCH-VET1202-108","Half Price Drapes VCCH-VET1202 Chinchilla Vintage Cotton Velvet Curtain","110",,"No",
"VCCH-VET1202-120","Half Price Drapes VCCH-VET1202 Chinchilla Vintage Cotton Velvet Curtain","60",,"No",
"VCCH-VET1202-84","Half Price Drapes VCCH-VET1202 Chinchilla Vintage Cotton Velvet Curtain","49",,"No",
"VCCH-VET1202-96","Half Price Drapes VCCH-VET1202 Chinchilla Vintage Cotton Velvet Curtain","121",,"No",
"VPCH-1-20601-CUS","Signature Ivory Blackout Velvet Curtain","0",,"No",
"VPCH-110602-108","Half Price Drapes VPCH-1 Signature Blackout Velvet Curtain","208",,"No",
"VPCH-110602-108-GRBO","Half Price Drapes VPCH-1 Signature Grommet Blackout Velvet Curtain","199",,"No",
"VPCH-110602-120","Half Price Drapes VPCH-1 Signature Blackout Velvet Curtain","109",,"No",
"VPCH-110602-120-GRBO","Half Price Drapes VPCH-1 Signature Grommet Blackout Velvet Curtain","103",,"No",
"VPCH-110602-84","Half Price Drapes VPCH-1 Signature Blackout Velvet Curtain","66",,"No",
"VPCH-110602-84-GRBO","Half Price Drapes VPCH-1 Signature Grommet Blackout Velvet Curtain","77",,"No",
"VPCH-110602-96","Half Price Drapes VPCH-1 Signature Blackout Velvet Curtain","83",,"No",
"VPCH-110602-96-GRBO","Half Price Drapes VPCH-1 Signature Grommet Blackout Velvet Curtain","165",,"No",
"VPCH-120601-108","Half Price Drapes VPCH-1 Signature Blackout Velvet Curtain","200",,"No",
"VPCH-120601-108-GRBO","Half Price Drapes VPCH-1 Signature Grommet Blackout Velvet Curtain","114",,"No",
"VPCH-120601-120","Half Price Drapes VPCH-1 Signature Blackout Velvet Curtain","112",,"No",
"VPCH-120601-120-GRBO","Half Price Drapes VPCH-1 Signature Grommet Blackout Velvet Curtain","73",,"No",
"VPCH-120601-84","Half Price Drapes VPCH-1 Signature Blackout Velvet Curtain","0",,"No",
"VPCH-120601-84-GRBO","Half Price Drapes VPCH-1 Signature Grommet Blackout Velvet Curtain","58",,"No",
"VPCH-120601-96","Half Price Drapes VPCH-1 Signature Blackout Velvet Curtain","123",,"No",
"VPCH-120601-96-GRBO","Half Price Drapes VPCH-1 Signature Grommet Blackout Velvet Curtain","92",,"No",
"VPCH-120601-CUS","Signature Ivory Blackout Velvet Curtain","0",,"No",
"VPCH-120601-FB","Signature Blackout Velvet Roman Shade","0",,"No",
"VPCH-120601-SW","Half Price Drapes BOCH-120601 Egg Nog Blackout Curtain (2 Panels)","74","05/02/15","No","22"
"VPCH-141113-108","Half Price Drapes VPCH-1 Signature Blackout Velvet Curtain","28",,"No",
"VPCH-141113-120","Half Price Drapes VPCH-1 Signature Blackout Velvet Curtain","0",,"No",
"VPCH-141113-84","Half Price Drapes VPCH-1 Signature Blackout Velvet Curtain","0",,"No",
"VPCH-141113-96","Half Price Drapes VPCH-1 Signature Blackout Velvet Curtain","171",,"No",
"VPCH-145002-108","Half Price Drapes VPCH-1 Signature Blackout Velvet Curtain","184",,"No",
"VPCH-145002-108-GRBO","Half Price Drapes VPCH-1 Signature Grommet Blackout Velvet Curtain","0",,"No",
"VPCH-145002-120","Half Price Drapes VPCH-1 Signature Blackout Velvet Curtain","78",,"No",
"VPCH-145002-120-GRBO","Half Price Drapes VPCH-1 Signature Grommet Blackout Velvet Curtain","41",,"No",
"VPCH-145002-84","Half Price Drapes VPCH-1 Signature Blackout Velvet Curtain","99",,"No",
"VPCH-145002-84-GRBO","Half Price Drapes VPCH-1 Signature Grommet Blackout Velvet Curtain","0",,"No",
"VPCH-145002-96","Half Price Drapes VPCH-1 Signature Blackout Velvet Curtain","57",,"No",
"VPCH-145002-96-GRBO","Half Price Drapes VPCH-1 Signature Grommet Blackout Velvet Curtain","0",,"No",
"VPCH-184005-108","Half Price Drapes VPCH-1 Signature Blackout Velvet Curtain","211",,"No",
"VPCH-184005-108-GRBO","Half Price Drapes VPCH-1 Signature Grommet Blackout Velvet Curtain","149",,"No",
"VPCH-184005-120","Half Price Drapes VPCH-1 Signature Blackout Velvet Curtain","91",,"No",
"VPCH-184005-120-GRBO","Half Price Drapes VPCH-1 Signature Grommet Blackout Velvet Curtain","58",,"No",
"VPCH-184005-84","Half Price Drapes VPCH-1 Signature Blackout Velvet Curtain","65",,"No",
"VPCH-184005-84-GRBO","Half Price Drapes VPCH-1 Signature Grommet Blackout Velvet Curtain","24",,"No",
"VPCH-184005-96","Half Price Drapes VPCH-1 Signature Blackout Velvet Curtain","138",,"No",
"VPCH-184005-96-GRBO","Half Price Drapes VPCH-1 Signature Grommet Blackout Velvet Curtain","228",,"No",
"VPCH-190622-108","Half Price Drapes VPCH-1 Signature Blackout Velvet Curtain","0",,"No",
"VPCH-190622-108-GRBO","Half Price Drapes VPCH-1 Signature Grommet Blackout Velvet Curtain","121",,"No",
"VPCH-190622-120","Half Price Drapes VPCH-1 Signature Blackout Velvet Curtain","23",,"No",
"VPCH-190622-120-GRBO","Half Price Drapes VPCH-1 Signature Grommet Blackout Velvet Curtain","22",,"No",
"VPCH-190622-84","Half Price Drapes VPCH-1 Signature Blackout Velvet Curtain","0",,"No",
"VPCH-190622-84-GRBO","Half Price Drapes VPCH-1 Signature Grommet Blackout Velvet Curtain","0",,"No",
"VPCH-190622-96","Half Price Drapes VPCH-1 Signature Blackout Velvet Curtain","0",,"No",
"VPCH-190622-96-GRBO","Half Price Drapes VPCH-1 Signature Grommet Blackout Velvet Curtain","116",,"No",
"VPCH-190912-108","Half Price Drapes VPCH-1 Signature Blackout Velvet Curtain","233",,"No",
"VPCH-190912-108-GRBO","Half Price Drapes VPCH-1 Signature Grommet Blackout Velvet Curtain","97",,"No",
"VPCH-190912-120","Half Price Drapes VPCH-1 Signature Blackout Velvet Curtain","108",,"No",
"VPCH-190912-120-GRBO","Half Price Drapes VPCH-1 Signature Grommet Blackout Velvet Curtain","47",,"No",
"VPCH-190912-84","Half Price Drapes VPCH-1 Signature Blackout Velvet Curtain","29",,"No",
"VPCH-190912-84-GRBO","Half Price Drapes VPCH-1 Signature Grommet Blackout Velvet Curtain","0",,"No",
"VPCH-190912-96","Half Price Drapes VPCH-1 Signature Blackout Velvet Curtain","172",,"No",
"VPCH-190912-96-GRBO","Half Price Drapes VPCH-1 Signature Grommet Blackout Velvet Curtain","110",,"No",
"VPCH-192018-108","Half Price Drapes VPCH-1 Signature Blackout Velvet Curtain","184",,"No",
"VPCH-192018-108-GRBO","Half Price Drapes VPCH-1 Signature Grommet Blackout Velvet Curtain","74",,"No",
"VPCH-192018-120","Half Price Drapes VPCH-1 Signature Blackout Velvet Curtain","79",,"No",
"VPCH-192018-120-GRBO","Half Price Drapes VPCH-1 Signature Grommet Blackout Velvet Curtain","46",,"No",
"VPCH-192018-84","Half Price Drapes VPCH-1 Signature Blackout Velvet Curtain","0",,"No",
"VPCH-192018-84-GRBO","Half Price Drapes VPCH-1 Signature Grommet Blackout Velvet Curtain","0",,"No",
"VPCH-192018-96","Half Price Drapes VPCH-1 Signature Blackout Velvet Curtain","141",,"No",
"VPCH-192018-96-GRBO","Half Price Drapes VPCH-1 Signature Grommet Blackout Velvet Curtain","78",,"No",
"VPCH-192315-108","Half Price Drapes VPCH-1 Signature Blackout Velvet Curtain","274",,"No",
"VPCH-192315-108-GRBO","Half Price Drapes VPCH-1 Signature Grommet Blackout Velvet Curtain","275",,"No",
"VPCH-192315-120","Half Price Drapes VPCH-1 Signature Blackout Velvet Curtain","149",,"No",
"VPCH-192315-120-GRBO","Half Price Drapes VPCH-1 Signature Grommet Blackout Velvet Curtain","120",,"No",
"VPCH-192315-84","Half Price Drapes VPCH-1 Signature Blackout Velvet Curtain","44",,"No",
"VPCH-192315-84-GRBO","Half Price Drapes VPCH-1 Signature Grommet Blackout Velvet Curtain","93",,"No",
"VPCH-192315-96","Half Price Drapes VPCH-1 Signature Blackout Velvet Curtain","163",,"No",
"VPCH-192315-96-GRBO","Half Price Drapes VPCH-1 Signature Grommet Blackout Velvet Curtain","267",,"No",
"VPCH-193810-96","Half Price Drapes VPCH-1 Signature Blackout Velvet Curtain","0",,"No",
"VPCH-194007-108","Half Price Drapes VPCH-1 Signature Blackout Velvet Curtain","126",,"No",
"VPCH-194007-108","Half Price Drapes VPCH-1 Signature Blackout Velvet Curtain","72",,"No",
"VPCH-194007-108-GRBO","Half Price Drapes VPCH-1 Signature Grommet Blackout Velvet Curtain","255",,"No",
"VPCH-194007-120","Half Price Drapes VPCH-1 Signature Blackout Velvet Curtain","22",,"No",
"VPCH-194007-120-GRBO","Half Price Drapes VPCH-1 Signature Grommet Blackout Velvet Curtain","102",,"No",
"VPCH-194007-84","Half Price Drapes VPCH-1 Signature Blackout Velvet Curtain","0",,"No",
"VPCH-194007-84","Half Price Drapes VPCH-1 Signature Blackout Velvet Curtain","121",,"No",
"VPCH-194007-84-GRBO","Half Price Drapes VPCH-1 Signature Grommet Blackout Velvet Curtain","88",,"No",
"VPCH-194007-96","Half Price Drapes VPCH-1 Signature Blackout Velvet Curtain","67",,"No",
"VPCH-194007-96-GRBO","Half Price Drapes VPCH-1 Signature Grommet Blackout Velvet Curtain","266",,"No",
"VPCH-194023-108","Half Price Drapes VPCH-1 Signature Blackout Velvet Curtain","83",,"No",
"VPCH-194023-108-GRBO","Half Price Drapes VPCH-1 Signature Grommet Blackout Velvet Curtain","129",,"No",
"VPCH-194023-120","Half Price Drapes VPCH-1 Signature Blackout Velvet Curtain","42",,"No",
"VPCH-194023-120-GRBO","Half Price Drapes VPCH-1 Signature Grommet Blackout Velvet Curtain","83",,"No",
"VPCH-194023-84","Half Price Drapes VPCH-1 Signature Blackout Velvet Curtain","0",,"No",
"VPCH-194023-84-GRBO","Half Price Drapes VPCH-1 Signature Grommet Blackout Velvet Curtain","0",,"No",
"VPCH-194023-96","Half Price Drapes VPCH-1 Signature Blackout Velvet Curtain","23",,"No",
"VPCH-194023-96-GRBO","Half Price Drapes VPCH-1 Signature Grommet Blackout Velvet Curtain","60",,"No",
"VPCH-VET1211-108","Half Price Drapes VPCH-VET121 Signature Doublewide Blackout Velvet Curtain","156",,"No",
"VPCH-VET1211-120","Half Price Drapes VPCH-VET121 Signature Doublewide Blackout Velvet Curtain","59",,"No",
"VPCH-VET1211-84","Half Price Drapes VPCH-VET121 Signature Doublewide Blackout Velvet Curtain","48",,"No",
"VPCH-VET1211-96","Half Price Drapes VPCH-VET121 Signature Doublewide Blackout Velvet Curtain","86",,"No",
"VPCH-VET1212-108","Half Price Drapes VPCH-VET121 Signature Doublewide Blackout Velvet Curtain","110",,"No",
"VPCH-VET1212-120","Half Price Drapes VPCH-VET121 Signature Doublewide Blackout Velvet Curtain","33",,"No",
"VPCH-VET1212-84","Half Price Drapes VPCH-VET121 Signature Doublewide Blackout Velvet Curtain","67",,"No",
"VPCH-VET1212-96","Half Price Drapes VPCH-VET121 Signature Doublewide Blackout Velvet Curtain","167",,"No",
"VPCH-VET1213-108","Half Price Drapes VPCH-VET121 Signature Doublewide Blackout Velvet Curtain","167",,"No",
"VPCH-VET1213-120","Half Price Drapes VPCH-VET121 Signature Doublewide Blackout Velvet Curtain","72",,"No",
"VPCH-VET1213-84","Half Price Drapes VPCH-VET121 Signature Doublewide Blackout Velvet Curtain","58",,"No",
"VPCH-VET1213-96","Half Price Drapes VPCH-VET121 Signature Doublewide Blackout Velvet Curtain","147",,"No",
"VPCH-VET1214-108","Half Price Drapes VPCH-VET121 Signature Doublewide Blackout Velvet Curtain","117",,"No",
"VPCH-VET1214-120","Half Price Drapes VPCH-VET121 Signature Doublewide Blackout Velvet Curtain","26",,"No",
"VPCH-VET1214-84","Half Price Drapes VPCH-VET121 Signature Doublewide Blackout Velvet Curtain","28",,"No",
"VPCH-VET1214-96","Half Price Drapes VPCH-VET121 Signature Doublewide Blackout Velvet Curtain","69",,"No",
"VPCH-VET1215-108","Half Price Drapes VPCH-VET121 Signature Doublewide Blackout Velvet Curtain","179",,"No",
"VPCH-VET1215-120","Half Price Drapes VPCH-VET121 Signature Doublewide Blackout Velvet Curtain","58",,"No",
"VPCH-VET1215-84","Half Price Drapes VPCH-VET121 Signature Doublewide Blackout Velvet Curtain","24",,"No",
"VPCH-VET1215-96","Half Price Drapes VPCH-VET121 Signature Doublewide Blackout Velvet Curtain","100",,"No",
"VPCH-VET1216-108","Half Price Drapes VPCH-VET121 Signature Doublewide Blackout Velvet Curtain","124",,"No",
"VPCH-VET1216-120","Half Price Drapes VPCH-VET121 Signature Doublewide Blackout Velvet Curtain","36",,"No",
"VPCH-VET1216-84","Half Price Drapes VPCH-VET121 Signature Doublewide Blackout Velvet Curtain","39",,"No",
"VPCH-VET1216-96","Half Price Drapes VPCH-VET121 Signature Doublewide Blackout Velvet Curtain","115",,"No",
"VPCH-VET1217-108","Half Price Drapes VPCH-VET121 Signature Doublewide Blackout Velvet Curtain","224",,"No",
"VPCH-VET1217-120","Half Price Drapes VPCH-VET121 Signature Doublewide Blackout Velvet Curtain","118",,"No",
"VPCH-VET1217-84","Half Price Drapes VPCH-VET121 Signature Doublewide Blackout Velvet Curtain","106",,"No",
"VPCH-VET1217-96","Half Price Drapes VPCH-VET121 Signature Doublewide Blackout Velvet Curtain","215",,"No",
"VPCH-VET1218-108","Half Price Drapes VPCH-VET121 Signature Doublewide Blackout Velvet Curtain","63",,"No",
"VPCH-VET1218-120","Half Price Drapes VPCH-VET121 Signature Doublewide Blackout Velvet Curtain","0",,"No",
"VPCH-VET1218-84","Half Price Drapes VPCH-VET121 Signature Doublewide Blackout Velvet Curtain","35",,"No",
"VPCH-VET1218-96","Half Price Drapes VPCH-VET121 Signature Doublewide Blackout Velvet Curtain","54",,"No",
"VPCH-VET1219-108","Half Price Drapes VPCH-VET121 Signature Doublewide Blackout Velvet Curtain","263",,"No",
"VPCH-VET1219-120","Half Price Drapes VPCH-VET121 Signature Doublewide Blackout Velvet Curtain","178",,"No",
"VPCH-VET1219-84","Half Price Drapes VPCH-VET121 Signature Doublewide Blackout Velvet Curtain","164",,"No",
"VPCH-VET1219-96","Half Price Drapes VPCH-VET121 Signature Doublewide Blackout Velvet Curtain","252",,"No",

