SKU,Discontinue,ID
"PTSCH-11100","Test by karan","testtt"
"DIS-ID7906","Test by karan","testtt"
"DIS-ID112","Test by karan","testtt"
"BOCH-KC24","Test by karan","testtt"
"PDCH-KBS3","Test by karan","testtt"
"BOCH-KC5","Test by karan","testtt"
"PTSCH-11091","Test by karan","testtt"
"JQCH-201263","Test by karan","testtt"
"JQCH-201268","Test by karan","testtt"
"JQCH-201266","Test by karan","testtt"
"PTCH-JTSP001","Test by karan","testtt"
"SHCH-EMB20135","Test by karan","testtt"
"PTSCH-13403","Test by karan","testtt"
"FHLCH-YL7178109","Test by karan","testtt"
"FHLCH-YL7176209","Test by karan","testtt"
"PTSCH-13404","Test by karan","testtt"
"BOCH-131009","Test by karan","testtt"
"BOCH-131009-GR","Test by karan","testtt"
"DIS-ID15","Test by karan","testtt"
"DIS-ID224","Test by karan","testtt"
"VCCH-VET1201","Test by karan","testtt"
"PTSCH-42012","Test by karan","testtt"
"VCCH-VET1208","Test by karan","testtt"
"PDCH-KBS16","Test by karan","testtt"
"PRTW-D31","Test by karan","testtt"
"PRTW-D32","Test by karan","testtt"
"PRTW-D33","Test by karan","testtt"
"SHCH-EMBOCS3231","Test by karan","testtt"
"PTSCH-SLK218","Test by karan","testtt"
"BOCH-KC35","Test by karan","testtt"
"BOCH-KC26","Test by karan","testtt"
"DIS-ID7806","Test by karan","testtt"
"PTSCH-11087","Test by karan","testtt"
"CZCH-CTZ12","Test by karan","testtt"
"CZCH-CTZ12-GR","Test by karan","testtt"
"BOCH-KC30","Test by karan","testtt"
"BOCH-KC30","Test by karan","testtt"
"DIS-ID112","Test by karan","testtt"
"VCCH-VET1202","Test by karan","testtt"
"DIS-ID124","Test by karan","testtt"
"CZCH-CTZ5","Test by karan","testtt"
"CZCH-CTZ5-GR","Test by karan","testtt"
"VCCH-VET1203","Test by karan","testtt"
"SHCH-EMBOCS3595","Test by karan","testtt"
"PDCH-KBS6","Test by karan","testtt"
"PTCH-JTSP209","Test by karan","testtt"
"PTSCH-11093","Test by karan","testtt"
"PTCH-JTSP102","Test by karan","testtt"
"FHLCH-YL7178117","Test by karan","testtt"
"FHLCH-YL7176217","Test by karan","testtt"
"PRTW-D26","Test by karan","testtt"
"SHCH-VOL1-SLDW","Test by karan","testtt"
"VCCH-VET12010","Test by karan","testtt"
"BOCH-193810","Test by karan","testtt"
"BOCH-193810-GR","Test by karan","testtt"
"BOCH601","Test by karan","testtt"
"BOCH601-GR","Test by karan","testtt"
"PTCH-JTSP120","Test by karan","testtt"
"PTCH-JTSP208","Test by karan","testtt"
"PTCH-JTSP100","Test by karan","testtt"
"PTFFLK-C23A","Test by karan","testtt"
"PTFFLK-C23B","Test by karan","testtt"
"PTFFLK-C5","Test by karan","testtt"
"PTFFLK-C7","Test by karan","testtt"
"PTCH-JTSP202","Test by karan","testtt"
"PDCH-KBS8","Test by karan","testtt"
"PTCH-JTSP203","Test by karan","testtt"
"SHFLNCH-M012","Test by karan","testtt"
"BOCH-KC31","Test by karan","testtt"
"PTCH-JTSP005","Test by karan","testtt"
"FHLCH-YL3012","Test by karan","testtt"
"BOCH-KC36","Test by karan","testtt"
"BOCH-KC27","Test by karan","testtt"
"FHLCH-YL5003","Test by karan","testtt"
"PTCH-JTSP54","Test by karan","testtt"
"PRTW-D25","Test by karan","testtt"
"PDCH-KBS1","Test by karan","testtt"
"PRTW-D24B","Test by karan","testtt"
"PRTW-D24A","Test by karan","testtt"
"VCCH-VET1205","Test by karan","testtt"
"VCCH-VET1209","Test by karan","testtt"
"BOCH-191016","Test by karan","testtt"
"PTCH-JTSP190912","Test by karan","testtt"
"BOCH-191016-GR","Test by karan","testtt"
"BOCH-190303","Test by karan","testtt"
"PTCH-JTSP41","Test by karan","testtt"
"BOCH-190303-GR","Test by karan","testtt"
"SHCH-EMBOCS3293","Test by karan","testtt"
"BOCH-KC22","Test by karan","testtt"
"BOCH-KC29","Test by karan","testtt"
"FHLCH-YL7178103","Test by karan","testtt"
"FHLCH-YL7176203","Test by karan","testtt"
"VCCH-VET1206","Test by karan","testtt"
"FHLCH-YL3022","Test by karan","testtt"
"DIS-ID1","Test by karan","testtt"
"PTFFLK-C20A","Test by karan","testtt"
"PTFFLK-C20B","Test by karan","testtt"
"SHCH-EMBOCS4084","Test by karan","testtt"
"JQCH-20122010","Test by karan","testtt"
"JQCH-2012204","Test by karan","testtt"
"JQCH-2012201","Test by karan","testtt"
"VCCH-VET1204","Test by karan","testtt"
"PTSCH-SLK211","Test by karan","testtt"
"DIS-ID9","Test by karan","testtt"
"PRTW-D28","Test by karan","testtt"
"BOCH-KC6","Test by karan","testtt"
"BOCH-201303","Test by karan","testtt"
"BOCH-201303-GR","Test by karan","testtt"
"PTSCH-12012","Test by karan","testtt"
"PRTW-D23","Test by karan","testtt"
"PRTW-D20","Test by karan","testtt"
"PTCH-JTSP003","Test by karan","testtt"
"PTSCH-11100","Test by karan","testtt"
"PTSCH-52012","Test by karan","testtt"
"DIS-ID50","Test by karan","testtt"
"PTCH-JTSP27","Test by karan","testtt"
"DIS-ID221","Test by karan","testtt"
"BOCH-174402","Test by karan","testtt"
"BOCH-174402-GR","Test by karan","testtt"
"SHFLNCH-M015","Test by karan","testtt"
"PDCH-KBS2","Test by karan","testtt"
"VCCH-VET1207","Test by karan","testtt"
"PTSCH-11098","Test by karan","testtt"
"PTSCH-13402","Test by karan","testtt"
"PRTW-D21","Test by karan","testtt"
"PRTW-D27","Test by karan","testtt"
"PTCH-JTSP87","Test by karan","testtt"
"PTFFLK-C30","Test by karan","testtt"
"PTSCH-13400","Test by karan","testtt"
"PTFFLK-C22B","Test by karan","testtt"
"PTFFLK-C22A","Test by karan","testtt"
"PDCH-KBS14","Test by karan","testtt"
"DIS-ID7727","Test by karan","testtt"
"PRTW-D30","Test by karan","testtt"
"BOCH-KC91B","Test by karan","testtt"
"PTFFLK-C21B","Test by karan","testtt"
"PTFFLK-C21A","Test by karan","testtt"
"BOCH-KC8","Test by karan","testtt"
"PTCH-JTSP112","Test by karan","testtt"
"CZCH-CTZ1","Test by karan","testtt"
"CZCH-CTZ1-GR","Test by karan","testtt"
"PTFFLK-C26","Test by karan","testtt"
"BOCH-KC28","Test by karan","testtt"
"PTSCH-11089","Test by karan","testtt"
"PTSCH-11083","Test by karan","testtt"
"PTFFLK-C2","Test by karan","testtt"
"DIS-ID37","Test by karan","testtt"
"PTSCH-11095","Test by karan","testtt"
"PTCH-JTSP5","Test by karan","testtt"
"PTSCH-13401","Test by karan","testtt"
"PDCH-KBS5","Test by karan","testtt"
"CZCH-CTZ9","Test by karan","testtt"
"CZCH-CTZ9-GR","Test by karan","testtt"
"PTSCH-32012","Test by karan","testtt"
"BOCH-KC20","Test by karan","testtt"
"BOCH-KC32","Test by karan","testtt"
"BOCH-KC32","Test by karan","testtt"
"BOCH-KC32","Test by karan","testtt"
"BOCH-KC25","Test by karan","testtt"
"BOCH-KC21","Test by karan","testtt"
"DIS-ID68","Test by karan","testtt"
"VPCH-VET1211","Test by karan","testtt"
"VPCH-VET1212","Test by karan","testtt"
"VPCH-192018","Test by karan","testtt"
"VPCH-VET1216","Test by karan","testtt"
"VPCH-192315","Test by karan","testtt"
"VPCH-193810","Test by karan","testtt"
"VPCH-190622","Test by karan","testtt"
"VPCH601","Test by karan","testtt"
"VPCH-VET1217","Test by karan","testtt"
"VPCH-190912","Test by karan","testtt"
"VPCH-VET1214","Test by karan","testtt"
"VPCH-194023","Test by karan","testtt"
"VPCH-VET1215","Test by karan","testtt"
"VPCH-184005","Test by karan","testtt"
"VPCH-110602","Test by karan","testtt"
"VPCH-145002","Test by karan","testtt"
"VPCH-VET1213","Test by karan","testtt"
"VPCH-194007","Test by karan","testtt"
"VPCH-141113","Test by karan","testtt"
"PDCH-KBS9","Test by karan","testtt"
"PDCH-KBS11","Test by karan","testtt"
"PRTW-D22","Test by karan","testtt"
"BOCH-KC1","Test by karan","testtt"
"DIS-ID20","Test by karan","testtt"
"SSTF-5","Test by karan","testtt"
"PTFFLK-C25","Test by karan","testtt"
"PRTW-D29B","Test by karan","testtt"
"PRTW-D29A","Test by karan","testtt"
"BOCH-KC23","Test by karan","testtt"
"FHLCH-YL3008","Test by karan","testtt"
"FHLCH-YL3010B","Test by karan","testtt"
"BOCH-KC33","Test by karan","testtt"
"SHFLNCH-M013","Test by karan","testtt"
"CZCH-CTZ6","Test by karan","testtt"
"CZCH-CTZ6-GR","Test by karan","testtt"
"CZCH-CTZ2","Test by karan","testtt"
"CZCH-CTZ2-GR","Test by karan","testtt"
"PTSCH-11082","Test by karan","testtt"
"PTCH-JTSP29","Test by karan","testtt"
"SHFLNCH-M011","Test by karan","testtt"
"DIS-ID7906","Test by karan","testtt"
"PTCH-JTSP207","Test by karan","testtt"
"PTCH-JTSP204","Test by karan","testtt"
"BOCH-KC34C","Test by karan","testtt"
"JQCH-HANB4","Test by karan","testtt"
"JQCH-HANB6","Test by karan","testtt"
"JQCH-HANB13D","Test by karan","testtt"
"PDCH-KBS3-84","Test by karan","testtt"
"PDCH-KBS3-96","Test by karan","testtt"
"PDCH-KBS3-108","Test by karan","testtt"
"PDCH-KBS3-120","Test by karan","testtt"
"PTSCH-11091-84","Test by karan","testtt"
"PTSCH-11091-96","Test by karan","testtt"
"PTSCH-11091-108","Test by karan","testtt"
"PTSCH-11091-120","Test by karan","testtt"
"VPCH-VET1216-96","Test by karan","testtt"
"VPCH-VET1216-108","Test by karan","testtt"
"VPCH-VET1216-120","Test by karan","testtt"
"VPCH-VET1214-96","Test by karan","testtt"
"VPCH-VET1214-108","Test by karan","testtt"
"VPCH-VET1214-120","Test by karan","testtt"
"PTS-22012-96","Test by karan","testtt"
"PTS-22012-108","Test by karan","testtt"
"PTS-22012-120","Test by karan","testtt"
"DIS-ID15-84","Test by karan","testtt"
"DIS-ID15-96","Test by karan","testtt"
"DIS-ID15-108","Test by karan","testtt"
"DIS-ID15-120","Test by karan","testtt"
"DIS-ID224-84","Test by karan","testtt"
"DIS-ID224-96","Test by karan","testtt"
"DIS-ID224-108","Test by karan","testtt"
"DIS-ID224-120","Test by karan","testtt"
"VCCH-VET1201-84","Test by karan","testtt"
"VCCH-VET1201-96","Test by karan","testtt"
"VCCH-VET1201-108","Test by karan","testtt"
"VCCH-VET1201-120","Test by karan","testtt"
"VCCH-VET1208-84","Test by karan","testtt"
"VCCH-VET1208-96","Test by karan","testtt"
"VCCH-VET1208-108","Test by karan","testtt"
"VCCH-VET1208-120","Test by karan","testtt"
"PDCH-KBS16-84","Test by karan","testtt"
"CZCH-CTZ3-84","Test by karan","testtt"
"CZCH-CTZ3-120","Test by karan","testtt"
"DIS-ID7806-84","Test by karan","testtt"
"DIS-ID7806-96","Test by karan","testtt"
"DIS-ID7806-108","Test by karan","testtt"
"DIS-ID7806-120","Test by karan","testtt"
"PTSCH-11087-84","Test by karan","testtt"
"PTSCH-11087-96","Test by karan","testtt"
"PTSCH-11087-108","Test by karan","testtt"
"PTSCH-11087-120","Test by karan","testtt"
"CZCH-CTZ12-84","Test by karan","testtt"
"CZCH-CTZ12-96","Test by karan","testtt"
"CZCH-CTZ12-120","Test by karan","testtt"
"VCCH-VET1202-84","Test by karan","testtt"
"VCCH-VET1202-96","Test by karan","testtt"
"VCCH-VET1202-108","Test by karan","testtt"
"VCCH-VET1202-120","Test by karan","testtt"
"DIS-ID124-84","Test by karan","testtt"
"DIS-ID124-96","Test by karan","testtt"
"DIS-ID124-108","Test by karan","testtt"
"DIS-ID124-120","Test by karan","testtt"
"CZCH-CTZ5-84","Test by karan","testtt"
"CZCH-CTZ5-96","Test by karan","testtt"
"CZCH-CTZ5-120","Test by karan","testtt"
"VCCH-VET1203-84","Test by karan","testtt"
"VCCH-VET1203-96","Test by karan","testtt"
"VCCH-VET1203-108","Test by karan","testtt"
"VCCH-VET1203-120","Test by karan","testtt"
"CZCH-CTZ10-84","Test by karan","testtt"
"CZCH-CTZ10-96","Test by karan","testtt"
"CZCH-CTZ10-120","Test by karan","testtt"
"PDCH-KBS6-84","Test by karan","testtt"
"PDCH-KBS6-96","Test by karan","testtt"
"PDCH-KBS6-108","Test by karan","testtt"
"PDCH-KBS6-120","Test by karan","testtt"
"PTSCH-11093-84","Test by karan","testtt"
"PTSCH-11093-96","Test by karan","testtt"
"PTSCH-11093-108","Test by karan","testtt"
"PTSCH-11093-120","Test by karan","testtt"
"DIS-ID112-84","Test by karan","testtt"
"DIS-ID112-96","Test by karan","testtt"
"DIS-ID112-108","Test by karan","testtt"
"DIS-ID112-120","Test by karan","testtt"
"DIS-ID1-84","Test by karan","testtt"
"DIS-ID1-96","Test by karan","testtt"
"DIS-ID1-108","Test by karan","testtt"
"DIS-ID1-120","Test by karan","testtt"
"DIS-ID9-84","Test by karan","testtt"
"DIS-ID9-96","Test by karan","testtt"
"DIS-ID9-108","Test by karan","testtt"
"DIS-ID9-120","Test by karan","testtt"
"DIS-ID50-84","Test by karan","testtt"
"DIS-ID50-96","Test by karan","testtt"
"DIS-ID50-108","Test by karan","testtt"
"DIS-ID50-120","Test by karan","testtt"
"DIS-ID37-84","Test by karan","testtt"
"DIS-ID37-96","Test by karan","testtt"
"DIS-ID37-108","Test by karan","testtt"
"DIS-ID37-120","Test by karan","testtt"
"DIS-ID68-84","Test by karan","testtt"
"DIS-ID68-108","Test by karan","testtt"
"DIS-ID68-120","Test by karan","testtt"
"VCCH-VET12010-84","Test by karan","testtt"
"VCCH-VET12010-96","Test by karan","testtt"
"VCCH-VET12010-108","Test by karan","testtt"
"VCCH-VET12010-120","Test by karan","testtt"
"PTCH-JTSP102-84","Test by karan","testtt"
"PTCH-JTSP102-108","Test by karan","testtt"
"PTCH-JTSP120-84","Test by karan","testtt"
"PTCH-JTSP120-108","Test by karan","testtt"
"PTCH-JTSP120-120","Test by karan","testtt"
"PTCH-JTSP100-84","Test by karan","testtt"
"PTCH-JTSP100-108","Test by karan","testtt"
"PTCH-JTSP100-120","Test by karan","testtt"
"PTCH-JTSP005-84","Test by karan","testtt"
"PTCH-JTSP005-120","Test by karan","testtt"
"PTCH-JTSP54-84","Test by karan","testtt"
"PTCH-JTSP54-108","Test by karan","testtt"
"PTCH-JTSP54-120","Test by karan","testtt"
"PTCH-JTSP41-96","Test by karan","testtt"
"PTCH-JTSP41-108","Test by karan","testtt"
"PTCH-JTSP003-96","Test by karan","testtt"
"PTCH-JTSP27-84","Test by karan","testtt"
"PTCH-JTSP27-120","Test by karan","testtt"
"PTCH-JTSP87-96","Test by karan","testtt"
"PTCH-JTSP87-108","Test by karan","testtt"
"PTCH-JTSP87-120","Test by karan","testtt"
"PTCH-JTSP112-84","Test by karan","testtt"
"PTCH-JTSP112-96","Test by karan","testtt"
"PTCH-JTSP112-108","Test by karan","testtt"
"PTCH-JTSP29-84","Test by karan","testtt"
"PTCH-JTSP29-120","Test by karan","testtt"
"PDCH-KBS8-84","Test by karan","testtt"
"PDCH-KBS8-96","Test by karan","testtt"
"PDCH-KBS8-108","Test by karan","testtt"
"PDCH-KBS8-120","Test by karan","testtt"
"CZCH-CTZ11-96","Test by karan","testtt"
"CZCH-CTZ11-120","Test by karan","testtt"
"PTSCH-11096-84","Test by karan","testtt"
"PTSCH-11096-96","Test by karan","testtt"
"PTSCH-11096-108","Test by karan","testtt"
"PTSCH-11096-120","Test by karan","testtt"
"PDCH-KBS1-84","Test by karan","testtt"
"PDCH-KBS1-96","Test by karan","testtt"
"PDCH-KBS1-108","Test by karan","testtt"
"PDCH-KBS1-120","Test by karan","testtt"
"VCCH-VET1205-84","Test by karan","testtt"
"VCCH-VET1205-96","Test by karan","testtt"
"VCCH-VET1205-108","Test by karan","testtt"
"VCCH-VET1205-120","Test by karan","testtt"
"VCCH-VET1209-84","Test by karan","testtt"
"VCCH-VET1209-96","Test by karan","testtt"
"VCCH-VET1209-108","Test by karan","testtt"
"VCCH-VET1209-120","Test by karan","testtt"
"PTCH-JTSP190912-84","Test by karan","testtt"
"PTCH-JTSP190912-96","Test by karan","testtt"
"VCCH-VET1206-84","Test by karan","testtt"
"VCCH-VET1206-96","Test by karan","testtt"
"VCCH-VET1206-108","Test by karan","testtt"
"VCCH-VET1206-120","Test by karan","testtt"
"PTCH-JTSP190912LAT-96","Test by karan","testtt"
"VCCH-VET1204-84","Test by karan","testtt"
"VCCH-VET1204-96","Test by karan","testtt"
"VCCH-VET1204-108","Test by karan","testtt"
"VCCH-VET1204-120","Test by karan","testtt"
"PTS-12012-84","Test by karan","testtt"
"PTS-12012-96","Test by karan","testtt"
"PTS-12012-108","Test by karan","testtt"
"PTS-12012-120","Test by karan","testtt"
"PTSCH-11100-84","Test by karan","testtt"
"PTSCH-11100-96","Test by karan","testtt"
"PTSCH-11100-108","Test by karan","testtt"
"PTSCH-11100-120","Test by karan","testtt"
"VPCH-184005-84","Test by karan","testtt"
"VPCH-184005-96","Test by karan","testtt"
"VPCH-184005-108","Test by karan","testtt"
"VPCH-184005-120","Test by karan","testtt"
"CZCH-CTZ8-96","Test by karan","testtt"
"CZCH-CTZ8-120","Test by karan","testtt"
"DIS-ID221-84","Test by karan","testtt"
"DIS-ID221-96","Test by karan","testtt"
"DIS-ID221-108","Test by karan","testtt"
"DIS-ID221-120","Test by karan","testtt"
"VPCH-110602-84","Test by karan","testtt"
"VPCH-110602-96","Test by karan","testtt"
"VPCH-110602-108","Test by karan","testtt"
"VPCH-110602-120","Test by karan","testtt"
"PDCH-KBS2-84","Test by karan","testtt"
"PDCH-KBS2-96","Test by karan","testtt"
"PDCH-KBS2-108","Test by karan","testtt"
"PDCH-KBS2-120","Test by karan","testtt"
"VCCH-VET1207-84","Test by karan","testtt"
"VCCH-VET1207-96","Test by karan","testtt"
"VCCH-VET1207-108","Test by karan","testtt"
"VCCH-VET1207-120","Test by karan","testtt"
"PTSCH-11098-84","Test by karan","testtt"
"PTSCH-11098-96","Test by karan","testtt"
"PTSCH-11098-108","Test by karan","testtt"
"PTSCH-11098-120","Test by karan","testtt"
"PDCH-KBS14-84","Test by karan","testtt"
"PDCH-KBS14-96","Test by karan","testtt"
"PDCH-KBS14-108","Test by karan","testtt"
"PDCH-KBS14-120","Test by karan","testtt"
"DIS-ID7727-84","Test by karan","testtt"
"DIS-ID7727-96","Test by karan","testtt"
"DIS-ID7727-108","Test by karan","testtt"
"DIS-ID7727-120","Test by karan","testtt"
"VPCH-141314-84","Test by karan","testtt"
"VPCH-141314-96","Test by karan","testtt"
"VPCH-141314-108","Test by karan","testtt"
"VPCH-141314-120","Test by karan","testtt"
"CZCH-CTZ1-84","Test by karan","testtt"
"CZCH-CTZ1-96","Test by karan","testtt"
"CZCH-CTZ1-120","Test by karan","testtt"
"PTSCH-11089-84","Test by karan","testtt"
"PTSCH-11089-96","Test by karan","testtt"
"PTSCH-11089-108","Test by karan","testtt"
"PTSCH-11089-120","Test by karan","testtt"
"PDCH-KBS18-84","Test by karan","testtt"
"PDCH-KBS18-96","Test by karan","testtt"
"PDCH-KBS18-108","Test by karan","testtt"
"PDCH-KBS18-120","Test by karan","testtt"
"PTSCH-11083-84","Test by karan","testtt"
"PTSCH-11083-96","Test by karan","testtt"
"PTSCH-11083-108","Test by karan","testtt"
"PTSCH-11083-120","Test by karan","testtt"
"PDCH-KBS5-84","Test by karan","testtt"
"PDCH-KBS5-96","Test by karan","testtt"
"PDCH-KBS5-108","Test by karan","testtt"
"PDCH-KBS5-120","Test by karan","testtt"
"CZCH-CTZ9-84","Test by karan","testtt"
"CZCH-CTZ9-96","Test by karan","testtt"
"CZCH-CTZ9-120","Test by karan","testtt"
"CZCH-CTZ7-96","Test by karan","testtt"
"CZCH-CTZ7-120","Test by karan","testtt"
"VPCH-154702-96","Test by karan","testtt"
"VPCH-154702-108","Test by karan","testtt"
"VPCH-154702-120","Test by karan","testtt"
"VPCH-VET1211-96","Test by karan","testtt"
"VPCH-VET1211-108","Test by karan","testtt"
"VPCH-VET1211-120","Test by karan","testtt"
"VPCH-VET1212-84","Test by karan","testtt"
"VPCH-VET1212-96","Test by karan","testtt"
"VPCH-VET1212-108","Test by karan","testtt"
"VPCH-VET1212-120","Test by karan","testtt"
"VPCH-192018-84","Test by karan","testtt"
"VPCH-192018-96","Test by karan","testtt"
"VPCH-192018-108","Test by karan","testtt"
"VPCH-192315-84","Test by karan","testtt"
"VPCH-192315-96","Test by karan","testtt"
"VPCH-192315-108","Test by karan","testtt"
"VPCH-192315-120","Test by karan","testtt"
"VPCH-193810-84","Test by karan","testtt"
"VPCH-193810-96","Test by karan","testtt"
"VPCH-193810-108","Test by karan","testtt"
"VPCH-193810-120","Test by karan","testtt"
"VPCH-190622-84","Test by karan","testtt"
"VPCH-190622-96","Test by karan","testtt"
"VPCH-190622-108","Test by karan","testtt"
"VPCH-190622-120","Test by karan","testtt"
"VPCH-VET1217-84","Test by karan","testtt"
"VPCH-VET1217-96","Test by karan","testtt"
"VPCH-VET1217-108","Test by karan","testtt"
"VPCH-VET1217-120","Test by karan","testtt"
"VPCH-120601-84","Test by karan","testtt"
"VPCH-120601-96","Test by karan","testtt"
"VPCH-120601-108","Test by karan","testtt"
"VPCH-120601-120","Test by karan","testtt"
"VPCH-190912-84","Test by karan","testtt"
"VPCH-190912-96","Test by karan","testtt"
"VPCH-190912-108","Test by karan","testtt"
"VPCH-190912-120","Test by karan","testtt"
"VPCH-VET1215-84","Test by karan","testtt"
"VPCH-VET1215-96","Test by karan","testtt"
"VPCH-VET1215-108","Test by karan","testtt"
"VPCH-VET1215-120","Test by karan","testtt"
"VPCH-194023-84","Test by karan","testtt"
"VPCH-194023-96","Test by karan","testtt"
"VPCH-194023-108","Test by karan","testtt"
"VPCH-194023-120","Test by karan","testtt"
"VPCH-145002-84","Test by karan","testtt"
"VPCH-145002-96","Test by karan","testtt"
"VPCH-145002-108","Test by karan","testtt"
"VPCH-145002-120","Test by karan","testtt"
"VPCH-VET1213-96","Test by karan","testtt"
"VPCH-VET1213-108","Test by karan","testtt"
"VPCH-VET1213-120","Test by karan","testtt"
"VPCH-194007-84","Test by karan","testtt"
"VPCH-194007-96","Test by karan","testtt"
"VPCH-194007-108","Test by karan","testtt"
"VPCH-194007-120","Test by karan","testtt"
"VPCH-141113-84","Test by karan","testtt"
"VPCH-141113-96","Test by karan","testtt"
"VPCH-141113-108","Test by karan","testtt"
"VPCH-141113-120","Test by karan","testtt"
"PDCH-KBS9-84","Test by karan","testtt"
"PDCH-KBS9-96","Test by karan","testtt"
"PDCH-KBS9-108","Test by karan","testtt"
"PDCH-KBS9-120","Test by karan","testtt"
"PDCH-KBS11-84","Test by karan","testtt"
"PDCH-KBS11-96","Test by karan","testtt"
"PDCH-KBS11-108","Test by karan","testtt"
"PDCH-KBS11-120","Test by karan","testtt"
"CZCH-CTZ4-120","Test by karan","testtt"
"DIS-ID20-84","Test by karan","testtt"
"DIS-ID20-96","Test by karan","testtt"
"DIS-ID20-108","Test by karan","testtt"
"DIS-ID20-120","Test by karan","testtt"
"SSTF-5-84","Test by karan","testtt"
"SSTF-5-96","Test by karan","testtt"
"SSTF-5-108","Test by karan","testtt"
"CZCH-CTZ6-84","Test by karan","testtt"
"CZCH-CTZ6-96","Test by karan","testtt"
"CZCH-CTZ2-84","Test by karan","testtt"
"CZCH-CTZ2-96","Test by karan","testtt"
"CZCH-CTZ2-120","Test by karan","testtt"
"PTSCH-11082-84","Test by karan","testtt"
"PTSCH-11082-96","Test by karan","testtt"
"PTSCH-11082-108","Test by karan","testtt"
"PTSCH-11082-120","Test by karan","testtt"
"DIS-ID7906-84","Test by karan","testtt"
"DIS-ID7906-96","Test by karan","testtt"
"DIS-ID7906-108","Test by karan","testtt"
"DIS-ID7906-120","Test by karan","testtt"
"PTSCH-11100-84","Test by karan","testtt"
"PTSCH-11100-96","Test by karan","testtt"
"PTSCH-11100-108","Test by karan","testtt"
"PTSCH-11100-120","Test by karan","testtt"
"PTCH-JTSP001-84","Test by karan","testtt"
"PTCH-JTSP005-84","Test by karan","testtt"
"PTCH-JTSP100-84","Test by karan","testtt"
"PTCH-JTSP100-108","Test by karan","testtt"
"PTCH-JTSP100-120","Test by karan","testtt"
"PTCH-JTSP102-84","Test by karan","testtt"
"PTCH-JTSP102-108","Test by karan","testtt"
"PTCH-JTSP005-120","Test by karan","testtt"
"PDCH-KBS11-84","Test by karan","testtt"
"PDCH-KBS11-96","Test by karan","testtt"
"PDCH-KBS11-108","Test by karan","testtt"
"PDCH-KBS11-120","Test by karan","testtt"
"PDCH-KBS1-84","Test by karan","testtt"
"PDCH-KBS1-96","Test by karan","testtt"
"PDCH-KBS1-108","Test by karan","testtt"
"PDCH-KBS1-120","Test by karan","testtt"
"PDCH-KBS14-108","Test by karan","testtt"
"PDCH-KBS14-120","Test by karan","testtt"
"PDCH-KBS16-84","Test by karan","testtt"
"PDCH-KBS18-96","Test by karan","testtt"
"PDCH-KBS9-84","Test by karan","testtt"
"PDCH-KBS9-96","Test by karan","testtt"
"PDCH-KBS9-108","Test by karan","testtt"
"PDCH-KBS9-120","Test by karan","testtt"
"PDCH-KBS8-84","Test by karan","testtt"
"PDCH-KBS8-96","Test by karan","testtt"
"PDCH-KBS8-108","Test by karan","testtt"
"PDCH-KBS6-84","Test by karan","testtt"
"PDCH-KBS6-96","Test by karan","testtt"
"PDCH-KBS6-108","Test by karan","testtt"
"PDCH-KBS6-120","Test by karan","testtt"
"13928931-000-000","Test by karan","testtt"
"13928926-000-000","Test by karan","testtt"
"13928866-000-000","Test by karan","testtt"
"BOCH-KC24-120","Test by karan","testtt"
"BOCH-KC24-84","Test by karan","testtt"
"BOCH-KC24-96","Test by karan","testtt"
"BOCH-KC24-108","Test by karan","testtt"
"EFSCH-AL450C4-120","Test by karan","testtt"
"EFSCH-AL450C4-96","Test by karan","testtt"
"EFSCH-AL450C4-108","Test by karan","testtt"
"EFSCH-AL450C2-96","Test by karan","testtt"
"EFSCH-AL450C2-108","Test by karan","testtt"
"EFSCH-AL450C2-120","Test by karan","testtt"
"EFSCH-AL450C3-96","Test by karan","testtt"
"EFSCH-AL450C3-108","Test by karan","testtt"
"EFSCH-AL450C3-120","Test by karan","testtt"
"PRTW-D05-84","Test by karan","testtt"
"PRTW-D05-96","Test by karan","testtt"
"PRTW-D05-108","Test by karan","testtt"
"PRTW-D05-120","Test by karan","testtt"
"PDCH-KBS3-120","Test by karan","testtt"
"PDCH-KBS3-108","Test by karan","testtt"
"PDCH-KBS3-84","Test by karan","testtt"
"PDCH-KBS3-96","Test by karan","testtt"
"BOCH-KC5-84","Test by karan","testtt"
"BOCH-KC5-96","Test by karan","testtt"
"BOCH-KC5-108","Test by karan","testtt"
"BOCH-KC5-120","Test by karan","testtt"
"PTSCH-11091-120","Test by karan","testtt"
"PTSCH-11091-84","Test by karan","testtt"
"PTSCH-11091-96","Test by karan","testtt"
"PTSCH-11091-108","Test by karan","testtt"
"JQCH-201263-84","Test by karan","testtt"
"JQCH-201263-96","Test by karan","testtt"
"JQCH-201263-108","Test by karan","testtt"
"JQCH-201263-120","Test by karan","testtt"
"JQCH-201268-84","Test by karan","testtt"
"JQCH-201268-96","Test by karan","testtt"
"JQCH-201268-108","Test by karan","testtt"
"JQCH-201268-120","Test by karan","testtt"
"JQCH-201266-84","Test by karan","testtt"
"JQCH-201266-96","Test by karan","testtt"
"JQCH-201266-108","Test by karan","testtt"
"JQCH-201266-120","Test by karan","testtt"
"PTCH-JTSP001-84","Test by karan","testtt"
"PRTW-D09-120","Test by karan","testtt"
"PRTW-D09-108","Test by karan","testtt"
"PRTW-D09-84","Test by karan","testtt"
"PRTW-D09-96","Test by karan","testtt"
"SHCH-EMB20135-120","Test by karan","testtt"
"SHCH-EMB20135-84","Test by karan","testtt"
"SHCH-EMB20135-96","Test by karan","testtt"
"SHCH-EMB20135-108","Test by karan","testtt"
"PTSCH-13403-84","Test by karan","testtt"
"PTSCH-13403-96","Test by karan","testtt"
"PTSCH-13403-108","Test by karan","testtt"
"PTSCH-13403-120","Test by karan","testtt"
"FHLCH-YL7178109-120","Test by karan","testtt"
"FHLCH-YL7178109-84","Test by karan","testtt"
"FHLCH-YL7178109-96","Test by karan","testtt"
"FHLCH-YL7178109-108","Test by karan","testtt"
"FHLCH-YL7176209-120","Test by karan","testtt"
"FHLCH-YL7176209-84","Test by karan","testtt"
"FHLCH-YL7176209-96","Test by karan","testtt"
"FHLCH-YL7176209-108","Test by karan","testtt"
"PTSCH-13404-84","Test by karan","testtt"
"PTSCH-13404-96","Test by karan","testtt"
"PTSCH-13404-108","Test by karan","testtt"
"PTSCH-13404-120","Test by karan","testtt"
"BOCH-131009-84","Test by karan","testtt"
"BOCH-131009-96","Test by karan","testtt"
"BOCH-131009-108","Test by karan","testtt"
"BOCH-131009-120","Test by karan","testtt"
"BOCH-131009-120-GR","Test by karan","testtt"
"BOCH-131009-84-GR","Test by karan","testtt"
"BOCH-131009-96-GR","Test by karan","testtt"
"BOCH-131009-108-GR","Test by karan","testtt"
"DIS-ID15-84","Test by karan","testtt"
"DIS-ID15-96","Test by karan","testtt"
"DIS-ID15-108","Test by karan","testtt"
"DIS-ID15-120","Test by karan","testtt"
"DIS-ID224-108","Test by karan","testtt"
"DIS-ID224-120","Test by karan","testtt"
"DIS-ID224-96","Test by karan","testtt"
"DIS-ID224-84","Test by karan","testtt"
"VCCH-VET1201-108","Test by karan","testtt"
"VCCH-VET1201-120","Test by karan","testtt"
"VCCH-VET1201-84","Test by karan","testtt"
"VCCH-VET1201-96","Test by karan","testtt"
"PTSCH-42012-84","Test by karan","testtt"
"PTSCH-42012-96","Test by karan","testtt"
"PTSCH-42012-108","Test by karan","testtt"
"PTSCH-42012-120","Test by karan","testtt"
"VCCH-VET1208-96","Test by karan","testtt"
"VCCH-VET1208-108","Test by karan","testtt"
"VCCH-VET1208-120","Test by karan","testtt"
"VCCH-VET1208-84","Test by karan","testtt"
"PRTW-D17-84","Test by karan","testtt"
"PRTW-D17-96","Test by karan","testtt"
"PRTW-D17-108","Test by karan","testtt"
"PRTW-D17-120","Test by karan","testtt"
"PRTW-D15-84","Test by karan","testtt"
"PRTW-D15-96","Test by karan","testtt"
"PRTW-D15-108","Test by karan","testtt"
"PRTW-D15-120","Test by karan","testtt"
"PRTW-D16-84","Test by karan","testtt"
"PRTW-D16-96","Test by karan","testtt"
"PRTW-D16-108","Test by karan","testtt"
"PRTW-D16-120","Test by karan","testtt"
"PRTW-D31-84","Test by karan","testtt"
"PRTW-D31-96","Test by karan","testtt"
"PRTW-D31-108","Test by karan","testtt"
"PRTW-D31-120","Test by karan","testtt"
"PRTW-D32-120","Test by karan","testtt"
"PRTW-D32-108","Test by karan","testtt"
"PRTW-D32-84","Test by karan","testtt"
"PRTW-D32-96","Test by karan","testtt"
"PRTW-D33-84","Test by karan","testtt"
"PRTW-D33-96","Test by karan","testtt"
"PRTW-D33-108","Test by karan","testtt"
"PRTW-D33-120","Test by karan","testtt"
"SHCH-EMBOCS3231-84","Test by karan","testtt"
"SHCH-EMBOCS3231-96","Test by karan","testtt"
"SHCH-EMBOCS3231-108","Test by karan","testtt"
"PTSCH-SLK218-108","Test by karan","testtt"
"PTSCH-SLK218-120","Test by karan","testtt"
"PTSCH-SLK218-84","Test by karan","testtt"
"PTSCH-SLK218-96","Test by karan","testtt"
"BOCH-KC35-108","Test by karan","testtt"
"BOCH-KC35-120","Test by karan","testtt"
"BOCH-KC35-84","Test by karan","testtt"
"BOCH-KC35-96","Test by karan","testtt"
"BOCH-KC26-96","Test by karan","testtt"
"BOCH-KC26-108","Test by karan","testtt"
"BOCH-KC26-120","Test by karan","testtt"
"BOCH-KC26-84","Test by karan","testtt"
"DIS-ID7806-84","Test by karan","testtt"
"DIS-ID7806-96","Test by karan","testtt"
"DIS-ID7806-108","Test by karan","testtt"
"DIS-ID7806-120","Test by karan","testtt"
"PTSCH-11087-84","Test by karan","testtt"
"PTSCH-11087-96","Test by karan","testtt"
"PTSCH-11087-108","Test by karan","testtt"
"PTSCH-11087-120","Test by karan","testtt"
"EFSCH-20134G1-96","Test by karan","testtt"
"CZCH-CTZ12-96","Test by karan","testtt"
"CZCH-CTZ12-108","Test by karan","testtt"
"CZCH-CTZ12-120","Test by karan","testtt"
"CZCH-CTZ12-84","Test by karan","testtt"
"CZCH-CTZ12-108-GR","Test by karan","testtt"
"CZCH-CTZ12-120-GR","Test by karan","testtt"
"CZCH-CTZ12-84-GR","Test by karan","testtt"
"CZCH-CTZ12-96-GR","Test by karan","testtt"
"BOCH-KC30-84","Test by karan","testtt"
"BOCH-KC30-96","Test by karan","testtt"
"DIS-ID112-96","Test by karan","testtt"
"DIS-ID112-108","Test by karan","testtt"
"DIS-ID112-120","Test by karan","testtt"
"DIS-ID112-84","Test by karan","testtt"
"VCCH-VET1202-108","Test by karan","testtt"
"VCCH-VET1202-120","Test by karan","testtt"
"VCCH-VET1202-84","Test by karan","testtt"
"VCCH-VET1202-96","Test by karan","testtt"
"DIS-ID124-84","Test by karan","testtt"
"DIS-ID124-96","Test by karan","testtt"
"DIS-ID124-108","Test by karan","testtt"
"DIS-ID124-120","Test by karan","testtt"
"CZCH-CTZ5-120","Test by karan","testtt"
"CZCH-CTZ5-84","Test by karan","testtt"
"CZCH-CTZ5-96","Test by karan","testtt"
"CZCH-CTZ5-108","Test by karan","testtt"
"CZCH-CTZ5-84-GR","Test by karan","testtt"
"CZCH-CTZ5-96-GR","Test by karan","testtt"
"CZCH-CTZ5-108-GR","Test by karan","testtt"
"CZCH-CTZ5-120-GR","Test by karan","testtt"
"VCCH-VET1203-120","Test by karan","testtt"
"VCCH-VET1203-84","Test by karan","testtt"
"VCCH-VET1203-96","Test by karan","testtt"
"VCCH-VET1203-108","Test by karan","testtt"
"SHCH-EMBOCS3595-84","Test by karan","testtt"
"SHCH-EMBOCS3595-96","Test by karan","testtt"
"SHCH-EMBOCS3595-108","Test by karan","testtt"
"SHCH-EMBOCS3595-120","Test by karan","testtt"
"PDCH-KBS6-84","Test by karan","testtt"
"PDCH-KBS6-96","Test by karan","testtt"
"PDCH-KBS6-108","Test by karan","testtt"
"PDCH-KBS6-120","Test by karan","testtt"
"PTCH-JTSP209-84","Test by karan","testtt"
"PTCH-JTSP209-108","Test by karan","testtt"
"PTSCH-11093-84","Test by karan","testtt"
"PTSCH-11093-96","Test by karan","testtt"
"PTSCH-11093-108","Test by karan","testtt"
"PTSCH-11093-120","Test by karan","testtt"
"PTCH-JTSP102-84","Test by karan","testtt"
"PTCH-JTSP102-108","Test by karan","testtt"
"FHLCH-YL7178117-84","Test by karan","testtt"
"FHLCH-YL7178117-96","Test by karan","testtt"
"FHLCH-YL7178117-108","Test by karan","testtt"
"FHLCH-YL7178117-120","Test by karan","testtt"
"FHLCH-YL7176217-84","Test by karan","testtt"
"FHLCH-YL7176217-96","Test by karan","testtt"
"FHLCH-YL7176217-108","Test by karan","testtt"
"FHLCH-YL7176217-120","Test by karan","testtt"
"PRTW-D26-84","Test by karan","testtt"
"PRTW-D26-96","Test by karan","testtt"
"PRTW-D26-108","Test by karan","testtt"
"PRTW-D26-120","Test by karan","testtt"
"VCCH-VET12010-108","Test by karan","testtt"
"VCCH-VET12010-120","Test by karan","testtt"
"VCCH-VET12010-84","Test by karan","testtt"
"VCCH-VET12010-96","Test by karan","testtt"
"BOCH-193810-84","Test by karan","testtt"
"BOCH-193810-96","Test by karan","testtt"
"BOCH-193810-108","Test by karan","testtt"
"BOCH-193810-120","Test by karan","testtt"
"BOCH-193810-96-GR","Test by karan","testtt"
"BOCH-193810-108-GR","Test by karan","testtt"
"BOCH-193810-120-GR","Test by karan","testtt"
"BOCH-193810-84-GR","Test by karan","testtt"
"BOCH-120601-84","Test by karan","testtt"
"BOCH-120601-96","Test by karan","testtt"
"BOCH-120601-108","Test by karan","testtt"
"BOCH-120601-120","Test by karan","testtt"
"BOCH-120601-84-GR","Test by karan","testtt"
"BOCH-120601-96-GR","Test by karan","testtt"
"BOCH-120601-108-GR","Test by karan","testtt"
"BOCH-120601-120-GR","Test by karan","testtt"
"PTCH-JTSP120-108","Test by karan","testtt"
"PTCH-JTSP120-120","Test by karan","testtt"
"PTCH-JTSP120-84","Test by karan","testtt"
"PTCH-JTSP208-84","Test by karan","testtt"
"PTCH-JTSP208-108","Test by karan","testtt"
"PTCH-JTSP208-120","Test by karan","testtt"
"PTCH-JTSP100-84","Test by karan","testtt"
"PTCH-JTSP100-108","Test by karan","testtt"
"PTCH-JTSP100-120","Test by karan","testtt"
"PTFFLK-C23A-84","Test by karan","testtt"
"PTFFLK-C23A-96","Test by karan","testtt"
"PTFFLK-C23A-108","Test by karan","testtt"
"PTFFLK-C23A-120","Test by karan","testtt"
"PTFFLK-C23B-84","Test by karan","testtt"
"PTFFLK-C23B-96","Test by karan","testtt"
"PTFFLK-C23B-108","Test by karan","testtt"
"PTFFLK-C23B-120","Test by karan","testtt"
"PTFFLK-C5-84","Test by karan","testtt"
"PTFFLK-C5-120","Test by karan","testtt"
"PTFFLK-C5-96","Test by karan","testtt"
"PTFFLK-C5-108","Test by karan","testtt"
"PTFFLK-C7-84","Test by karan","testtt"
"PTFFLK-C7-96","Test by karan","testtt"
"PTFFLK-C7-108","Test by karan","testtt"
"PTFFLK-C7-120","Test by karan","testtt"
"PTCH-JTSP202-96","Test by karan","testtt"
"PDCH-KBS8-84","Test by karan","testtt"
"PDCH-KBS8-96","Test by karan","testtt"
"PDCH-KBS8-108","Test by karan","testtt"
"PDCH-KBS8-120","Test by karan","testtt"
"SHCH-EMB20131B-120","Test by karan","testtt"
"SHCH-EMB20131A-96","Test by karan","testtt"
"SHFLNCH-M012-120","Test by karan","testtt"
"SHFLNCH-M012-84","Test by karan","testtt"
"SHFLNCH-M012-108","Test by karan","testtt"
"BOCH-KC31-84","Test by karan","testtt"
"BOCH-KC31-96","Test by karan","testtt"
"BOCH-KC31-108","Test by karan","testtt"
"BOCH-KC31-120","Test by karan","testtt"
"PTCH-JTSP206-108","Test by karan","testtt"
"PTCH-JTSP206-120","Test by karan","testtt"
"PTCH-JTSP005-84","Test by karan","testtt"
"PTCH-JTSP005-120","Test by karan","testtt"
"FHLCH-YL3012-84","Test by karan","testtt"
"FHLCH-YL3012-96","Test by karan","testtt"
"FHLCH-YL3012-108","Test by karan","testtt"
"FHLCH-YL3012-120","Test by karan","testtt"
"BOCH-KC36-84","Test by karan","testtt"
"BOCH-KC36-96","Test by karan","testtt"
"BOCH-KC36-108","Test by karan","testtt"
"BOCH-KC36-120","Test by karan","testtt"
"PTCH-JTSP205-120","Test by karan","testtt"
"BOCH-KC27-84","Test by karan","testtt"
"BOCH-KC27-96","Test by karan","testtt"
"BOCH-KC27-108","Test by karan","testtt"
"BOCH-KC27-120","Test by karan","testtt"
"FHLCH-YL5003-120","Test by karan","testtt"
"FHLCH-YL5003-84","Test by karan","testtt"
"FHLCH-YL5003-96","Test by karan","testtt"
"FHLCH-YL5003-108","Test by karan","testtt"
"PTCH-JTSP54-84","Test by karan","testtt"
"PTCH-JTSP54-108","Test by karan","testtt"
"PTCH-JTSP54-120","Test by karan","testtt"
"PRTW-D25-84","Test by karan","testtt"
"PRTW-D25-96","Test by karan","testtt"
"PRTW-D25-108","Test by karan","testtt"
"PRTW-D25-120","Test by karan","testtt"
"PDCH-KBS1-84","Test by karan","testtt"
"PDCH-KBS1-96","Test by karan","testtt"
"PDCH-KBS1-108","Test by karan","testtt"
"PDCH-KBS1-120","Test by karan","testtt"
"PRTW-D24B-84","Test by karan","testtt"
"PRTW-D24B-96","Test by karan","testtt"
"PRTW-D24B-108","Test by karan","testtt"
"PRTW-D24B-120","Test by karan","testtt"
"PRTW-D24A-84","Test by karan","testtt"
"PRTW-D24A-96","Test by karan","testtt"
"PRTW-D24A-108","Test by karan","testtt"
"PRTW-D24A-120","Test by karan","testtt"
"PRTW-D12-84","Test by karan","testtt"
"PRTW-D12-96","Test by karan","testtt"
"PRTW-D12-108","Test by karan","testtt"
"PRTW-D12-120","Test by karan","testtt"
"VCCH-VET1205-84","Test by karan","testtt"
"VCCH-VET1205-96","Test by karan","testtt"
"VCCH-VET1205-108","Test by karan","testtt"
"VCCH-VET1205-120","Test by karan","testtt"
"VCCH-VET1209-108","Test by karan","testtt"
"VCCH-VET1209-120","Test by karan","testtt"
"VCCH-VET1209-84","Test by karan","testtt"
"VCCH-VET1209-96","Test by karan","testtt"
"PRTW-D11-84","Test by karan","testtt"
"PRTW-D11-96","Test by karan","testtt"
"PRTW-D11-108","Test by karan","testtt"
"PRTW-D11-120","Test by karan","testtt"
"PRTW-D13-84","Test by karan","testtt"
"PRTW-D13-96","Test by karan","testtt"
"PRTW-D13-108","Test by karan","testtt"
"PRTW-D13-120","Test by karan","testtt"
"BOCH-191016-84","Test by karan","testtt"
"BOCH-191016-96","Test by karan","testtt"
"BOCH-191016-108","Test by karan","testtt"
"BOCH-191016-120","Test by karan","testtt"
"PTCH-JTSP190912-96","Test by karan","testtt"
"PTCH-JTSP190912-84","Test by karan","testtt"
"BOCH-191016-120-GR","Test by karan","testtt"
"BOCH-191016-84-GR","Test by karan","testtt"
"BOCH-191016-96-GR","Test by karan","testtt"
"BOCH-191016-108-GR","Test by karan","testtt"
"BOCH-190303-84","Test by karan","testtt"
"BOCH-190303-96","Test by karan","testtt"
"BOCH-190303-108","Test by karan","testtt"
"BOCH-190303-120","Test by karan","testtt"
"PTCH-JTSP41-108","Test by karan","testtt"
"PTCH-JTSP41-96","Test by karan","testtt"
"BOCH-190303-84-GR","Test by karan","testtt"
"BOCH-190303-96-GR","Test by karan","testtt"
"BOCH-190303-108-GR","Test by karan","testtt"
"BOCH-190303-120-GR","Test by karan","testtt"
"SHCH-EMBOCS3293-84","Test by karan","testtt"
"SHCH-EMBOCS3293-96","Test by karan","testtt"
"SHCH-EMBOCS3293-108","Test by karan","testtt"
"BOCH-KC22-84","Test by karan","testtt"
"BOCH-KC22-96","Test by karan","testtt"
"BOCH-KC22-108","Test by karan","testtt"
"BOCH-KC22-120","Test by karan","testtt"
"BOCH-KC29-84","Test by karan","testtt"
"BOCH-KC29-96","Test by karan","testtt"
"BOCH-KC29-108","Test by karan","testtt"
"BOCH-KC29-120","Test by karan","testtt"
"FHLCH-YL7178103-84","Test by karan","testtt"
"FHLCH-YL7178103-96","Test by karan","testtt"
"FHLCH-YL7178103-108","Test by karan","testtt"
"FHLCH-YL7178103-120","Test by karan","testtt"
"FHLCH-YL7176203-96","Test by karan","testtt"
"FHLCH-YL7176203-108","Test by karan","testtt"
"FHLCH-YL7176203-120","Test by karan","testtt"
"FHLCH-YL7176203-84","Test by karan","testtt"
"VCCH-VET1206-84","Test by karan","testtt"
"VCCH-VET1206-96","Test by karan","testtt"
"VCCH-VET1206-108","Test by karan","testtt"
"VCCH-VET1206-120","Test by karan","testtt"
"FHLCH-YL3022-84","Test by karan","testtt"
"FHLCH-YL3022-96","Test by karan","testtt"
"FHLCH-YL3022-108","Test by karan","testtt"
"FHLCH-YL3022-120","Test by karan","testtt"
"DIS-ID1-120","Test by karan","testtt"
"DIS-ID1-84","Test by karan","testtt"
"DIS-ID1-96","Test by karan","testtt"
"DIS-ID1-108","Test by karan","testtt"
"PTFFLK-C20A-96","Test by karan","testtt"
"PTFFLK-C20A-108","Test by karan","testtt"
"PTFFLK-C20A-120","Test by karan","testtt"
"PTFFLK-C20A-84","Test by karan","testtt"
"PTFFLK-C20B-108","Test by karan","testtt"
"PTFFLK-C20B-120","Test by karan","testtt"
"PTFFLK-C20B-84","Test by karan","testtt"
"PTFFLK-C20B-96","Test by karan","testtt"
"SHCH-EMBOCS4084-84","Test by karan","testtt"
"SHCH-EMBOCS4084-96","Test by karan","testtt"
"SHCH-EMBOCS4084-108","Test by karan","testtt"
"JQCH-20122010-120","Test by karan","testtt"
"JQCH-20122010-84","Test by karan","testtt"
"JQCH-20122010-96","Test by karan","testtt"
"JQCH-20122010-108","Test by karan","testtt"
"JQCH-2012204-108","Test by karan","testtt"
"JQCH-2012204-120","Test by karan","testtt"
"JQCH-2012204-96","Test by karan","testtt"
"JQCH-2012204-84","Test by karan","testtt"
"JQCH-2012201-108","Test by karan","testtt"
"JQCH-2012201-120","Test by karan","testtt"
"JQCH-2012201-84","Test by karan","testtt"
"JQCH-2012201-96","Test by karan","testtt"
"VCCH-VET1204-84","Test by karan","testtt"
"VCCH-VET1204-120","Test by karan","testtt"
"VCCH-VET1204-96","Test by karan","testtt"
"VCCH-VET1204-108","Test by karan","testtt"
"PTSCH-SLK211-96","Test by karan","testtt"
"PTSCH-SLK211-108","Test by karan","testtt"
"PTSCH-SLK211-120","Test by karan","testtt"
"PTSCH-SLK211-84","Test by karan","testtt"
"DIS-ID9-120","Test by karan","testtt"
"DIS-ID9-84","Test by karan","testtt"
"DIS-ID9-96","Test by karan","testtt"
"DIS-ID9-108","Test by karan","testtt"
"PRTW-D28-96","Test by karan","testtt"
"PRTW-D28-108","Test by karan","testtt"
"PRTW-D28-120","Test by karan","testtt"
"PRTW-D28-84","Test by karan","testtt"
"BOCH-KC6-120","Test by karan","testtt"
"BOCH-KC6-84","Test by karan","testtt"
"BOCH-KC6-96","Test by karan","testtt"
"BOCH-KC6-108","Test by karan","testtt"
"BOCH-201303-84","Test by karan","testtt"
"BOCH-201303-96","Test by karan","testtt"
"BOCH-201303-108","Test by karan","testtt"
"BOCH-201303-120","Test by karan","testtt"
"BOCH-201303-84-GR","Test by karan","testtt"
"PTSCH-12012-84","Test by karan","testtt"
"PTSCH-12012-96","Test by karan","testtt"
"PTSCH-12012-108","Test by karan","testtt"
"PTSCH-12012-120","Test by karan","testtt"
"PRTW-D02-84","Test by karan","testtt"
"PRTW-D02-96","Test by karan","testtt"
"PRTW-D02-108","Test by karan","testtt"
"PRTW-D02-120","Test by karan","testtt"
"PRTW-D23-120","Test by karan","testtt"
"PRTW-D23-108","Test by karan","testtt"
"PRTW-D23-84","Test by karan","testtt"
"PRTW-D23-96","Test by karan","testtt"
"PRTW-D20-84","Test by karan","testtt"
"PRTW-D20-96","Test by karan","testtt"
"PRTW-D20-108","Test by karan","testtt"
"PRTW-D20-120","Test by karan","testtt"
"PTCH-JTSP003-96","Test by karan","testtt"
"PTSCH-11100-84","Test by karan","testtt"
"PTSCH-11100-96","Test by karan","testtt"
"PTSCH-11100-108","Test by karan","testtt"
"PTSCH-11100-120","Test by karan","testtt"
"PTSCH-52012-96","Test by karan","testtt"
"PTSCH-52012-108","Test by karan","testtt"
"PTSCH-52012-120","Test by karan","testtt"
"PTSCH-52012-84","Test by karan","testtt"
"DIS-ID50-84","Test by karan","testtt"
"DIS-ID50-96","Test by karan","testtt"
"DIS-ID50-108","Test by karan","testtt"
"DIS-ID50-120","Test by karan","testtt"
"PTCH-JTSP27-120","Test by karan","testtt"
"PTCH-JTSP27-84","Test by karan","testtt"
"PRTW-D06B-108","Test by karan","testtt"
"PRTW-D06B-120","Test by karan","testtt"
"PRTW-D06B-84","Test by karan","testtt"
"PRTW-D06B-96","Test by karan","testtt"
"PRTW-D06A-96","Test by karan","testtt"
"PRTW-D06A-108","Test by karan","testtt"
"PRTW-D06A-120","Test by karan","testtt"
"PRTW-D06A-84","Test by karan","testtt"
"DIS-ID221-96","Test by karan","testtt"
"DIS-ID221-108","Test by karan","testtt"
"DIS-ID221-120","Test by karan","testtt"
"DIS-ID221-84","Test by karan","testtt"
"BOCH-174402-84","Test by karan","testtt"
"BOCH-174402-96","Test by karan","testtt"
"BOCH-174402-108","Test by karan","testtt"
"BOCH-174402-120","Test by karan","testtt"
"BOCH-174402-84-GR","Test by karan","testtt"
"BOCH-174402-96-GR","Test by karan","testtt"
"BOCH-174402-108-GR","Test by karan","testtt"
"BOCH-174402-120-GR","Test by karan","testtt"
"SHFLNCH-M015-108","Test by karan","testtt"
"SHFLNCH-M015-120","Test by karan","testtt"
"SHFLNCH-M015-84","Test by karan","testtt"
"SHFLNCH-M015-96","Test by karan","testtt"
"PDCH-KBS2-96","Test by karan","testtt"
"PDCH-KBS2-84","Test by karan","testtt"
"PDCH-KBS2-108","Test by karan","testtt"
"PDCH-KBS2-120","Test by karan","testtt"
"PRTW-D01-120","Test by karan","testtt"
"PRTW-D01-84","Test by karan","testtt"
"PRTW-D01-96","Test by karan","testtt"
"PRTW-D01-108","Test by karan","testtt"
"VCCH-VET1207-84","Test by karan","testtt"
"VCCH-VET1207-96","Test by karan","testtt"
"VCCH-VET1207-108","Test by karan","testtt"
"VCCH-VET1207-120","Test by karan","testtt"
"PTSCH-11098-84","Test by karan","testtt"
"PTSCH-11098-96","Test by karan","testtt"
"PTSCH-11098-108","Test by karan","testtt"
"PTSCH-11098-120","Test by karan","testtt"
"PTSCH-13402-120","Test by karan","testtt"
"PTSCH-13402-84","Test by karan","testtt"
"PTSCH-13402-96","Test by karan","testtt"
"PTSCH-13402-108","Test by karan","testtt"
"PRTW-D21-96","Test by karan","testtt"
"PRTW-D21-108","Test by karan","testtt"
"PRTW-D21-120","Test by karan","testtt"
"PRTW-D21-84","Test by karan","testtt"
"PRTW-D27-84","Test by karan","testtt"
"PRTW-D27-96","Test by karan","testtt"
"PRTW-D27-108","Test by karan","testtt"
"PRTW-D27-120","Test by karan","testtt"
"PTCH-JTSP87-96","Test by karan","testtt"
"PTCH-JTSP87-108","Test by karan","testtt"
"PTCH-JTSP87-120","Test by karan","testtt"
"PTFFLK-C30-84","Test by karan","testtt"
"PTFFLK-C30-96","Test by karan","testtt"
"PTFFLK-C30-108","Test by karan","testtt"
"PTFFLK-C30-120","Test by karan","testtt"
"PTSCH-13400-120","Test by karan","testtt"
"PTSCH-13400-84","Test by karan","testtt"
"PTSCH-13400-96","Test by karan","testtt"
"PTSCH-13400-108","Test by karan","testtt"
"PTFFLK-C22B-84","Test by karan","testtt"
"PTFFLK-C22B-96","Test by karan","testtt"
"PTFFLK-C22B-108","Test by karan","testtt"
"PTFFLK-C22B-120","Test by karan","testtt"
"PTFFLK-C22A-120","Test by karan","testtt"
"PTFFLK-C22A-84","Test by karan","testtt"
"PTFFLK-C22A-96","Test by karan","testtt"
"PTFFLK-C22A-108","Test by karan","testtt"
"PDCH-KBS14-108","Test by karan","testtt"
"PDCH-KBS14-120","Test by karan","testtt"
"PDCH-KBS14-96","Test by karan","testtt"
"PDCH-KBS14-84","Test by karan","testtt"
"DIS-ID7727-84","Test by karan","testtt"
"DIS-ID7727-120","Test by karan","testtt"
"DIS-ID7727-108","Test by karan","testtt"
"DIS-ID7727-96","Test by karan","testtt"
"PRTW-D30-120","Test by karan","testtt"
"PRTW-D30-84","Test by karan","testtt"
"PRTW-D30-96","Test by karan","testtt"
"PRTW-D30-108","Test by karan","testtt"
"BOCH-KC91B-84","Test by karan","testtt"
"BOCH-KC91B-96","Test by karan","testtt"
"BOCH-KC91B-108","Test by karan","testtt"
"BOCH-KC91B-120","Test by karan","testtt"
"PTFFLK-C21B-108","Test by karan","testtt"
"PTFFLK-C21B-120","Test by karan","testtt"
"PTFFLK-C21B-96","Test by karan","testtt"
"PTFFLK-C21B-84","Test by karan","testtt"
"PTFFLK-C21A-120","Test by karan","testtt"
"PTFFLK-C21A-84","Test by karan","testtt"
"PTFFLK-C21A-96","Test by karan","testtt"
"PTFFLK-C21A-108","Test by karan","testtt"
"BOCH-KC8-96","Test by karan","testtt"
"BOCH-KC8-108","Test by karan","testtt"
"BOCH-KC8-120","Test by karan","testtt"
"BOCH-KC8-84","Test by karan","testtt"
"PTCH-JTSP112-96","Test by karan","testtt"
"PTCH-JTSP112-108","Test by karan","testtt"
"PTCH-JTSP112-84","Test by karan","testtt"
"CZCH-CTZ1-84","Test by karan","testtt"
"CZCH-CTZ1-96","Test by karan","testtt"
"CZCH-CTZ1-108","Test by karan","testtt"
"CZCH-CTZ1-120","Test by karan","testtt"
"CZCH-CTZ1-84-GR","Test by karan","testtt"
"CZCH-CTZ1-96-GR","Test by karan","testtt"
"CZCH-CTZ1-108-GR","Test by karan","testtt"
"CZCH-CTZ1-120-GR","Test by karan","testtt"
"PTFFLK-C26-84","Test by karan","testtt"
"PTFFLK-C26-96","Test by karan","testtt"
"PTFFLK-C26-108","Test by karan","testtt"
"PTFFLK-C26-120","Test by karan","testtt"
"BOCH-KC28-84","Test by karan","testtt"
"BOCH-KC28-96","Test by karan","testtt"
"BOCH-KC28-108","Test by karan","testtt"
"BOCH-KC28-120","Test by karan","testtt"
"PTSCH-11089-96","Test by karan","testtt"
"PTSCH-11089-84","Test by karan","testtt"
"PTSCH-11089-108","Test by karan","testtt"
"PTSCH-11089-120","Test by karan","testtt"
"PDCH-KBS18-84","Test by karan","testtt"
"PDCH-KBS18-96","Test by karan","testtt"
"PDCH-KBS18-108","Test by karan","testtt"
"PDCH-KBS18-120","Test by karan","testtt"
"PTSCH-11083-84","Test by karan","testtt"
"PTSCH-11083-96","Test by karan","testtt"
"PTSCH-11083-108","Test by karan","testtt"
"PTSCH-11083-120","Test by karan","testtt"
"PTFFLK-C2-120","Test by karan","testtt"
"PTFFLK-C2-108","Test by karan","testtt"
"PTFFLK-C2-84","Test by karan","testtt"
"PTFFLK-C2-96","Test by karan","testtt"
"DIS-ID37-120","Test by karan","testtt"
"DIS-ID37-84","Test by karan","testtt"
"DIS-ID37-96","Test by karan","testtt"
"DIS-ID37-108","Test by karan","testtt"
"PTSCH-11095-84","Test by karan","testtt"
"PTSCH-11095-96","Test by karan","testtt"
"PTSCH-11095-108","Test by karan","testtt"
"PTSCH-11095-120","Test by karan","testtt"
"PTCH-JTSP5-84","Test by karan","testtt"
"PTCH-JTSP5-108","Test by karan","testtt"
"PTSCH-13401-84","Test by karan","testtt"
"PTSCH-13401-96","Test by karan","testtt"
"PTSCH-13401-108","Test by karan","testtt"
"PTSCH-13401-120","Test by karan","testtt"
"PDCH-KBS5-120","Test by karan","testtt"
"PDCH-KBS5-108","Test by karan","testtt"
"PDCH-KBS5-84","Test by karan","testtt"
"PDCH-KBS5-96","Test by karan","testtt"
"PTCH-JTSP104-108","Test by karan","testtt"
"CZCH-CTZ9-84","Test by karan","testtt"
"CZCH-CTZ9-96","Test by karan","testtt"
"CZCH-CTZ9-108","Test by karan","testtt"
"CZCH-CTZ9-120","Test by karan","testtt"
"CZCH-CTZ9-84-GR","Test by karan","testtt"
"CZCH-CTZ9-96-GR","Test by karan","testtt"
"CZCH-CTZ9-108-GR","Test by karan","testtt"
"CZCH-CTZ9-120-GR","Test by karan","testtt"
"PRTW-D04-84","Test by karan","testtt"
"PRTW-D04-96","Test by karan","testtt"
"PRTW-D04-108","Test by karan","testtt"
"PRTW-D04-120","Test by karan","testtt"
"PTSCH-32012-84","Test by karan","testtt"
"PTSCH-32012-96","Test by karan","testtt"
"PTSCH-32012-108","Test by karan","testtt"
"PTSCH-32012-120","Test by karan","testtt"
"BOCH-KC20-84","Test by karan","testtt"
"BOCH-KC20-120","Test by karan","testtt"
"BOCH-KC20-96","Test by karan","testtt"
"BOCH-KC20-108","Test by karan","testtt"
"BOCH-KC25-84","Test by karan","testtt"
"BOCH-KC25-96","Test by karan","testtt"
"BOCH-KC25-108","Test by karan","testtt"
"BOCH-KC25-120","Test by karan","testtt"
"BOCH-KC21-84","Test by karan","testtt"
"BOCH-KC21-96","Test by karan","testtt"
"BOCH-KC21-108","Test by karan","testtt"
"BOCH-KC21-120","Test by karan","testtt"
"DIS-ID68-84","Test by karan","testtt"
"DIS-ID68-120","Test by karan","testtt"
"DIS-ID68-108","Test by karan","testtt"
"VPCH-VET1211-96","Test by karan","testtt"
"VPCH-VET1211-108","Test by karan","testtt"
"VPCH-VET1211-120","Test by karan","testtt"
"VPCH-VET1211-84","Test by karan","testtt"
"VPCH-VET1212-108","Test by karan","testtt"
"VPCH-VET1212-120","Test by karan","testtt"
"VPCH-VET1212-96","Test by karan","testtt"
"VPCH-VET1212-84","Test by karan","testtt"
"VPCH-192018-96","Test by karan","testtt"
"VPCH-192018-108","Test by karan","testtt"
"VPCH-192018-84","Test by karan","testtt"
"VPCH-VET1216-84","Test by karan","testtt"
"VPCH-VET1216-96","Test by karan","testtt"
"VPCH-VET1216-108","Test by karan","testtt"
"VPCH-VET1216-120","Test by karan","testtt"
"VPCH-192315-120","Test by karan","testtt"
"VPCH-192315-84","Test by karan","testtt"
"VPCH-192315-96","Test by karan","testtt"
"VPCH-192315-108","Test by karan","testtt"
"VPCH-193810-84","Test by karan","testtt"
"VPCH-193810-96","Test by karan","testtt"
"VPCH-193810-108","Test by karan","testtt"
"VPCH-193810-120","Test by karan","testtt"
"VPCH-190622-84","Test by karan","testtt"
"VPCH-190622-96","Test by karan","testtt"
"VPCH-190622-108","Test by karan","testtt"
"VPCH-190622-120","Test by karan","testtt"
"VPCH-120601-120","Test by karan","testtt"
"VPCH-120601-84","Test by karan","testtt"
"VPCH-120601-96","Test by karan","testtt"
"VPCH-120601-108","Test by karan","testtt"
"VPCH-VET1217-84","Test by karan","testtt"
"VPCH-VET1217-96","Test by karan","testtt"
"VPCH-VET1217-108","Test by karan","testtt"
"VPCH-VET1217-120","Test by karan","testtt"
"VPCH-190912-84","Test by karan","testtt"
"VPCH-190912-96","Test by karan","testtt"
"VPCH-190912-108","Test by karan","testtt"
"VPCH-190912-120","Test by karan","testtt"
"VPCH-VET1214-84","Test by karan","testtt"
"VPCH-VET1214-96","Test by karan","testtt"
"VPCH-VET1214-108","Test by karan","testtt"
"VPCH-VET1214-120","Test by karan","testtt"
"VPCH-194023-84","Test by karan","testtt"
"VPCH-194023-96","Test by karan","testtt"
"VPCH-194023-108","Test by karan","testtt"
"VPCH-194023-120","Test by karan","testtt"
"VPCH-VET1215-84","Test by karan","testtt"
"VPCH-VET1215-96","Test by karan","testtt"
"VPCH-VET1215-108","Test by karan","testtt"
"VPCH-VET1215-120","Test by karan","testtt"
"VPCH-184005-120","Test by karan","testtt"
"VPCH-184005-108","Test by karan","testtt"
"VPCH-184005-84","Test by karan","testtt"
"VPCH-184005-96","Test by karan","testtt"
"VPCH-110602-84","Test by karan","testtt"
"VPCH-110602-96","Test by karan","testtt"
"VPCH-110602-108","Test by karan","testtt"
"VPCH-110602-120","Test by karan","testtt"
"VPCH-145002-108","Test by karan","testtt"
"VPCH-145002-120","Test by karan","testtt"
"VPCH-145002-84","Test by karan","testtt"
"VPCH-145002-96","Test by karan","testtt"
"VPCH-VET1213-120","Test by karan","testtt"
"VPCH-VET1213-84","Test by karan","testtt"
"VPCH-VET1213-96","Test by karan","testtt"
"VPCH-VET1213-108","Test by karan","testtt"
"VPCH-194007-84","Test by karan","testtt"
"VPCH-194007-96","Test by karan","testtt"
"VPCH-194007-108","Test by karan","testtt"
"VPCH-194007-120","Test by karan","testtt"
"VPCH-141113-96","Test by karan","testtt"
"VPCH-141113-108","Test by karan","testtt"
"VPCH-141113-120","Test by karan","testtt"
"VPCH-141113-84","Test by karan","testtt"
"PDCH-KBS9-84","Test by karan","testtt"
"PDCH-KBS9-96","Test by karan","testtt"
"PDCH-KBS9-108","Test by karan","testtt"
"PDCH-KBS9-120","Test by karan","testtt"
"PDCH-KBS11-120","Test by karan","testtt"
"PDCH-KBS11-84","Test by karan","testtt"
"PDCH-KBS11-96","Test by karan","testtt"
"PDCH-KBS11-108","Test by karan","testtt"
"PRTW-D22-108","Test by karan","testtt"
"PRTW-D22-120","Test by karan","testtt"
"PRTW-D22-84","Test by karan","testtt"
"PRTW-D22-96","Test by karan","testtt"
"BOCH-KC1-96","Test by karan","testtt"
"BOCH-KC1-108","Test by karan","testtt"
"BOCH-KC1-120","Test by karan","testtt"
"BOCH-KC1-84","Test by karan","testtt"
"DIS-ID20-84","Test by karan","testtt"
"DIS-ID20-96","Test by karan","testtt"
"DIS-ID20-108","Test by karan","testtt"
"DIS-ID20-120","Test by karan","testtt"
"SSTF-5-84","Test by karan","testtt"
"SSTF-5-96","Test by karan","testtt"
"SSTF-5-108","Test by karan","testtt"
"PTFFLK-C25-120","Test by karan","testtt"
"PTFFLK-C25-84","Test by karan","testtt"
"PTFFLK-C25-96","Test by karan","testtt"
"PTFFLK-C25-108","Test by karan","testtt"
"PRTW-D29B-108","Test by karan","testtt"
"PRTW-D29B-120","Test by karan","testtt"
"PRTW-D29B-84","Test by karan","testtt"
"PRTW-D29B-96","Test by karan","testtt"
"PRTW-D29A-108","Test by karan","testtt"
"PRTW-D29A-120","Test by karan","testtt"
"PRTW-D29A-84","Test by karan","testtt"
"PRTW-D29A-96","Test by karan","testtt"
"BOCH-KC23-84","Test by karan","testtt"
"BOCH-KC23-96","Test by karan","testtt"
"BOCH-KC23-108","Test by karan","testtt"
"BOCH-KC23-120","Test by karan","testtt"
"FHLCH-YL3008-96","Test by karan","testtt"
"FHLCH-YL3008-108","Test by karan","testtt"
"FHLCH-YL3008-120","Test by karan","testtt"
"FHLCH-YL3008-84","Test by karan","testtt"
"FHLCH-YL3010B-108","Test by karan","testtt"
"FHLCH-YL3010B-120","Test by karan","testtt"
"FHLCH-YL3010B-84","Test by karan","testtt"
"FHLCH-YL3010B-96","Test by karan","testtt"
"BOCH-KC33-96","Test by karan","testtt"
"BOCH-KC33-108","Test by karan","testtt"
"BOCH-KC33-120","Test by karan","testtt"
"BOCH-KC33-84","Test by karan","testtt"
"SHFLNCH-M013-108","Test by karan","testtt"
"SHFLNCH-M013-120","Test by karan","testtt"
"SHFLNCH-M013-84","Test by karan","testtt"
"SHFLNCH-M013-96","Test by karan","testtt"
"CZCH-CTZ6-84","Test by karan","testtt"
"CZCH-CTZ6-96","Test by karan","testtt"
"CZCH-CTZ6-108","Test by karan","testtt"
"CZCH-CTZ6-120","Test by karan","testtt"
"CZCH-CTZ6-108-GR","Test by karan","testtt"
"CZCH-CTZ6-120-GR","Test by karan","testtt"
"CZCH-CTZ6-84-GR","Test by karan","testtt"
"CZCH-CTZ6-96-GR","Test by karan","testtt"
"CZCH-CTZ2-108","Test by karan","testtt"
"CZCH-CTZ2-120","Test by karan","testtt"
"CZCH-CTZ2-96","Test by karan","testtt"
"CZCH-CTZ2-84","Test by karan","testtt"
"CZCH-CTZ2-120-GR","Test by karan","testtt"
"CZCH-CTZ2-84-GR","Test by karan","testtt"
"CZCH-CTZ2-96-GR","Test by karan","testtt"
"CZCH-CTZ2-108-GR","Test by karan","testtt"
"PTSCH-11082-84","Test by karan","testtt"
"PTSCH-11082-96","Test by karan","testtt"
"PTSCH-11082-108","Test by karan","testtt"
"PTSCH-11082-120","Test by karan","testtt"
"PTCH-JTSP29-120","Test by karan","testtt"
"PTCH-JTSP29-84","Test by karan","testtt"
"SHFLNCH-M011-120","Test by karan","testtt"
"SHFLNCH-M011-84","Test by karan","testtt"
"SHFLNCH-M011-96","Test by karan","testtt"
"SHFLNCH-M011-108","Test by karan","testtt"
"DIS-ID7906-120","Test by karan","testtt"
"DIS-ID7906-84","Test by karan","testtt"
"DIS-ID7906-96","Test by karan","testtt"
"DIS-ID7906-108","Test by karan","testtt"
"PTCH-JTSP207-84","Test by karan","testtt"
"PTCH-JTSP207-108","Test by karan","testtt"
"PTCH-JTSP204-84","Test by karan","testtt"
"PTCH-JTSP204-96","Test by karan","testtt"
"PTCH-JTSP204-120","Test by karan","testtt"
"BOCH-KC34C-84","Test by karan","testtt"
"BOCH-KC34C-96","Test by karan","testtt"
"BOCH-KC34C-108","Test by karan","testtt"
"BOCH-KC34C-120","Test by karan","testtt"
"PTCH-JTSP130907-96","Test by karan","testtt"
"PTCH-JTSP130907-84","Test by karan","testtt"
"JQCH-HANB10-96","Test by karan","testtt"
"JQCH-HANB10-84","Test by karan","testtt"
"JQCH-HANB10-108","Test by karan","testtt"
"JQCH-HANB10-120","Test by karan","testtt"
"PDCH-HANB44-96","Test by karan","testtt"
"PDCH-HANB44-84","Test by karan","testtt"
"PDCH-HANB44-108","Test by karan","testtt"
"PDCH-HANB44-120","Test by karan","testtt"
"PDCH-HANB56-96","Test by karan","testtt"
"PDCH-HANB56-84","Test by karan","testtt"
"PDCH-HANB56-108","Test by karan","testtt"
"PDCH-HANB56-120","Test by karan","testtt"
"JQCH-HANB5B-96","Test by karan","testtt"
"JQCH-HANB5B-84","Test by karan","testtt"
"JQCH-HANB5B-108","Test by karan","testtt"
"JQCH-HANB5B-120","Test by karan","testtt"
"JQCH-HANB5C-96","Test by karan","testtt"
"JQCH-HANB5C-84","Test by karan","testtt"
"JQCH-HANB5C-108","Test by karan","testtt"
"JQCH-HANB5C-120","Test by karan","testtt"
"JQCH-HANB5A-96","Test by karan","testtt"
"JQCH-HANB5A-84","Test by karan","testtt"
"JQCH-HANB5A-108","Test by karan","testtt"
"JQCH-HANB5A-120","Test by karan","testtt"
"PDCH-HANB35-96","Test by karan","testtt"
"PDCH-HANB35-84","Test by karan","testtt"
"PDCH-HANB35-108","Test by karan","testtt"
"PDCH-HANB35-120","Test by karan","testtt"
"PDCH-HANB46-96","Test by karan","testtt"
"PDCH-HANB46-84","Test by karan","testtt"
"PDCH-HANB46-108","Test by karan","testtt"
"PDCH-HANB46-120","Test by karan","testtt"
"JQCH-HANB1A-96","Test by karan","testtt"
"JQCH-HANB1A-84","Test by karan","testtt"
"JQCH-HANB1A-108","Test by karan","testtt"
"JQCH-HANB1A-120","Test by karan","testtt"
"JQCH-HANB1B-96","Test by karan","testtt"
"JQCH-HANB1B-84","Test by karan","testtt"
"JQCH-HANB1B-108","Test by karan","testtt"
"JQCH-HANB1B-120","Test by karan","testtt"
"JQCH-HANB3A-96","Test by karan","testtt"
"JQCH-HANB3A-84","Test by karan","testtt"
"JQCH-HANB3A-108","Test by karan","testtt"
"JQCH-HANB3A-120","Test by karan","testtt"
"JQCH-HANB3B-96","Test by karan","testtt"
"JQCH-HANB3B-84","Test by karan","testtt"
"JQCH-HANB3B-108","Test by karan","testtt"
"JQCH-HANB3B-120","Test by karan","testtt"
"JQCH-HANB11-96","Test by karan","testtt"
"JQCH-HANB11-84","Test by karan","testtt"
"JQCH-HANB11-108","Test by karan","testtt"
"JQCH-HANB11-120","Test by karan","testtt"
"JQCH-HANB9-96","Test by karan","testtt"
"JQCH-HANB9-84","Test by karan","testtt"
"JQCH-HANB9-108","Test by karan","testtt"
"JQCH-HANB9-120","Test by karan","testtt"
"PDCH-HANB08-96","Test by karan","testtt"
"PDCH-HANB08-84","Test by karan","testtt"
"PDCH-HANB08-108","Test by karan","testtt"
"PDCH-HANB08-120","Test by karan","testtt"
"PDCH-HANB57-96","Test by karan","testtt"
"PDCH-HANB57-84","Test by karan","testtt"
"PDCH-HANB57-108","Test by karan","testtt"
"PDCH-HANB57-120","Test by karan","testtt"
"PDCH-HANB80-96","Test by karan","testtt"
"PDCH-HANB80-84","Test by karan","testtt"
"PDCH-HANB80-108","Test by karan","testtt"
"PDCH-HANB80-120","Test by karan","testtt"
"PDCH-HANB60-96","Test by karan","testtt"
"PDCH-HANB60-84","Test by karan","testtt"
"PDCH-HANB60-108","Test by karan","testtt"
"PDCH-HANB60-120","Test by karan","testtt"
"PDCH-HANB10-96","Test by karan","testtt"
"PDCH-HANB10-84","Test by karan","testtt"
"PDCH-HANB10-108","Test by karan","testtt"
"PDCH-HANB10-120","Test by karan","testtt"
"JQCH-HANB13B-96","Test by karan","testtt"
"JQCH-HANB13B-84","Test by karan","testtt"
"JQCH-HANB13B-108","Test by karan","testtt"
"JQCH-HANB13B-120","Test by karan","testtt"
"JQCH-HANB13A-96","Test by karan","testtt"
"JQCH-HANB13A-84","Test by karan","testtt"
"JQCH-HANB13A-108","Test by karan","testtt"
"JQCH-HANB13A-120","Test by karan","testtt"
"PDCH-HANB81-96","Test by karan","testtt"
"PDCH-HANB81-84","Test by karan","testtt"
"PDCH-HANB81-108","Test by karan","testtt"
"PDCH-HANB81-120","Test by karan","testtt"
"JQCH-HANB7-96","Test by karan","testtt"
"JQCH-HANB7-84","Test by karan","testtt"
"JQCH-HANB7-108","Test by karan","testtt"
"JQCH-HANB7-120","Test by karan","testtt"
"JQCH-HANB4-84","Test by karan","testtt"
"JQCH-HANB4-96","Test by karan","testtt"
"JQCH-HANB4-108","Test by karan","testtt"
"JQCH-HANB4-120","Test by karan","testtt"
"JQCH-HANB6-84","Test by karan","testtt"
"JQCH-HANB6-96","Test by karan","testtt"
"JQCH-HANB6-108","Test by karan","testtt"
"JQCH-HANB6-120","Test by karan","testtt"
"JQCH-HANB13D-84","Test by karan","testtt"
"JQCH-HANB13D-96","Test by karan","testtt"
"JQCH-HANB13D-108","Test by karan","testtt"
"JQCH-HANB13D-120","Test by karan","testtt"
"PTSCH-11096-84","Test by karan","testtt"
"PTSCH-11096-96","Test by karan","testtt"
"PTSCH-11096-108","Test by karan","testtt"
"PTSCH-11096-120","Test by karan","testtt"
"PDCH-KBS6-84","Test by karan","testtt"
"PDCH-KBS6-96","Test by karan","testtt"
"PDCH-KBS6-108","Test by karan","testtt"
"PDCH-KBS6-120","Test by karan","testtt"
"PDCH-KBS5-84","Test by karan","testtt"
"PDCH-KBS5-96","Test by karan","testtt"
"PDCH-KBS5-108","Test by karan","testtt"
"PDCH-KBS5-120","Test by karan","testtt"
"PDCH-KBS18-84","Test by karan","testtt"
"PDCH-KBS18-96","Test by karan","testtt"
"PDCH-KBS18-108","Test by karan","testtt"
"PDCH-KBS18-120","Test by karan","testtt"
"PDCH-KBS16-84","Test by karan","testtt"
"PDCH-KBS3-84","Test by karan","testtt"
"PDCH-KBS3-96","Test by karan","testtt"
"PDCH-KBS3-108","Test by karan","testtt"
"PDCH-KBS3-120","Test by karan","testtt"
"PDCH-KBS8-84","Test by karan","testtt"
"PDCH-KBS8-96","Test by karan","testtt"
"PDCH-KBS8-108","Test by karan","testtt"
"PDCH-KBS8-120","Test by karan","testtt"
"PDCH-KBS1-84","Test by karan","testtt"
"PDCH-KBS1-96","Test by karan","testtt"
"PDCH-KBS1-108","Test by karan","testtt"
"PDCH-KBS1-120","Test by karan","testtt"
"PDCH-KBS2-84","Test by karan","testtt"
"PDCH-KBS2-96","Test by karan","testtt"
"PDCH-KBS2-108","Test by karan","testtt"
"PDCH-KBS2-120","Test by karan","testtt"
"PDCH-KBS14-84","Test by karan","testtt"
"PDCH-KBS14-96","Test by karan","testtt"
"PDCH-KBS14-108","Test by karan","testtt"
"PDCH-KBS14-120","Test by karan","testtt"
"PDCH-KBS9-84","Test by karan","testtt"
"PDCH-KBS9-96","Test by karan","testtt"
"PDCH-KBS9-108","Test by karan","testtt"
"PDCH-KBS9-120","Test by karan","testtt"
"PDCH-KBS11-84","Test by karan","testtt"
"PDCH-KBS11-96","Test by karan","testtt"
"PDCH-KBS11-108","Test by karan","testtt"
"PDCH-KBS11-120","Test by karan","testtt"
"PTCH-JTSP001-84","Test by karan","testtt"
"PTCH-JTSP001-96","Test by karan","testtt"
"PTCH-JTSP001-108","Test by karan","testtt"
"PTCH-JTSP001-120","Test by karan","testtt"
"PTCH-JTSP208-84","Test by karan","testtt"
"PTCH-JTSP208-108","Test by karan","testtt"
"PTCH-JTSP208-120","Test by karan","testtt"
"PTCH-JTSP003-84","Test by karan","testtt"
"PTCH-JTSP003-96","Test by karan","testtt"
"PTCH-JTSP003-108","Test by karan","testtt"
"PTCH-JTSP003-120","Test by karan","testtt"
"PTCH-JTSP203-84","Test by karan","testtt"
"PTCH-JTSP203-96","Test by karan","testtt"
"PTCH-JTSP205-120","Test by karan","testtt"
"PTCH-JTSP202-84","Test by karan","testtt"
"PTCH-JTSP202-96","Test by karan","testtt"
"PTCH-JTSP202-108","Test by karan","testtt"
"PTCH-JTSP204-84","Test by karan","testtt"
"PTCH-JTSP204-96","Test by karan","testtt"
"PTCH-JTSP204-120","Test by karan","testtt"
"PTCH-JTSP207-84","Test by karan","testtt"
"PTCH-JTSP207-108","Test by karan","testtt"
"PTCH-JTSP104-108","Test by karan","testtt"
"PTCH-JTSP104-120","Test by karan","testtt"
"PTCH-JTSP209-84","Test by karan","testtt"
"PTCH-JTSP209-108","Test by karan","testtt"
"PTCH-JTSP102-84","Test by karan","testtt"
"PTCH-JTSP102-96","Test by karan","testtt"
"PTCH-JTSP102-108","Test by karan","testtt"
"PTCH-JTSP102-120","Test by karan","testtt"
"PTCH-JTSP190912-84","Test by karan","testtt"
"PTCH-JTSP190912-96","Test by karan","testtt"
"PTCH-JTSP190912-108","Test by karan","testtt"
"PTCH-JTSP190912-120","Test by karan","testtt"
"PTCH-JTSP005-84","Test by karan","testtt"
"PTCH-JTSP005-96","Test by karan","testtt"
"PTCH-JTSP005-108","Test by karan","testtt"
"PTCH-JTSP005-120","Test by karan","testtt"
"PTCH-JTSP27-84","Test by karan","testtt"
"PTCH-JTSP27-96","Test by karan","testtt"
"PTCH-JTSP27-108","Test by karan","testtt"
"PTCH-JTSP27-120","Test by karan","testtt"
"PTCH-JTSP206-108","Test by karan","testtt"
"PTCH-JTSP206-120","Test by karan","testtt"
"PTCH-JTSP120-84","Test by karan","testtt"
"PTCH-JTSP120-96","Test by karan","testtt"
"PTCH-JTSP120-108","Test by karan","testtt"
"PTCH-JTSP120-120","Test by karan","testtt"
"PTCH-JTSP100-84","Test by karan","testtt"
"PTCH-JTSP100-96","Test by karan","testtt"
"PTCH-JTSP100-108","Test by karan","testtt"
"PTCH-JTSP100-120","Test by karan","testtt"
"PTCH-JTSP54-84","Test by karan","testtt"
"PTCH-JTSP54-96","Test by karan","testtt"
"PTCH-JTSP54-108","Test by karan","testtt"
"PTCH-JTSP54-120","Test by karan","testtt"
"PTCH-JTSP87-84","Test by karan","testtt"
"PTCH-JTSP87-96","Test by karan","testtt"
"PTCH-JTSP87-108","Test by karan","testtt"
"PTCH-JTSP87-120","Test by karan","testtt"
"PTCH-JTSP112-84","Test by karan","testtt"
"PTCH-JTSP112-96","Test by karan","testtt"
"PTCH-JTSP112-96","Test by karan","testtt"
"PTCH-JTSP112-108","Test by karan","testtt"
"PTCH-JTSP112-120","Test by karan","testtt"
"PTCH-JTSP5-84","Test by karan","testtt"
"PTCH-JTSP5-96","Test by karan","testtt"
"PTCH-JTSP5-108","Test by karan","testtt"
"PTCH-JTSP29-84","Test by karan","testtt"
"PTCH-JTSP29-96","Test by karan","testtt"
"PTCH-JTSP29-108","Test by karan","testtt"
"PTCH-JTSP29-120","Test by karan","testtt"
"PTCH-JTSP130907-84","Test by karan","testtt"
"PTCH-JTSP130907-96","Test by karan","testtt"
"PTCH-JTSP130907-108","Test by karan","testtt"
"PTCH-JTSP130907-120","Test by karan","testtt"
"PTCH-JTSP41-84","Test by karan","testtt"
"PTCH-JTSP41-96","Test by karan","testtt"
"PTCH-JTSP41-108","Test by karan","testtt"
"PTCH-JTSP41-120","Test by karan","testtt"
"PDCH-HANB35-84","Test by karan","testtt"
"PDCH-HANB35-96","Test by karan","testtt"
"PDCH-HANB35-108","Test by karan","testtt"
"PDCH-HANB35-120","Test by karan","testtt"
"PDCH-HANB46-84","Test by karan","testtt"
"PDCH-HANB46-96","Test by karan","testtt"
"PDCH-HANB46-108","Test by karan","testtt"
"PDCH-HANB46-120","Test by karan","testtt"
"PDCH-HANB44-84","Test by karan","testtt"
"PDCH-HANB44-96","Test by karan","testtt"
"PDCH-HANB44-108","Test by karan","testtt"
"PDCH-HANB44-120","Test by karan","testtt"
"PDCH-HANB23-84","Test by karan","testtt"
"PDCH-HANB23-96","Test by karan","testtt"
"PDCH-HANB23-108","Test by karan","testtt"
"PDCH-HANB23-120","Test by karan","testtt"
"PDCH-HANB56-84","Test by karan","testtt"
"PDCH-HANB56-96","Test by karan","testtt"
"PDCH-HANB56-108","Test by karan","testtt"
"PDCH-HANB56-120","Test by karan","testtt"
"PDCH-HANB52-84","Test by karan","testtt"
"PDCH-HANB52-96","Test by karan","testtt"
"PDCH-HANB52-108","Test by karan","testtt"
"PDCH-HANB52-120","Test by karan","testtt"
"PDCH-HANB85-84","Test by karan","testtt"
"PDCH-HANB85-96","Test by karan","testtt"
"PDCH-HANB85-108","Test by karan","testtt"
"PDCH-HANB85-120","Test by karan","testtt"
"PDCH-HANB83-84","Test by karan","testtt"
"PDCH-HANB83-96","Test by karan","testtt"
"PDCH-HANB83-108","Test by karan","testtt"
"PDCH-HANB83-120","Test by karan","testtt"
"PDCH-HANB08-84","Test by karan","testtt"
"PDCH-HANB08-96","Test by karan","testtt"
"PDCH-HANB08-108","Test by karan","testtt"
"PDCH-HANB08-120","Test by karan","testtt"
"PDCH-HANB57-84","Test by karan","testtt"
"PDCH-HANB57-96","Test by karan","testtt"
"PDCH-HANB57-108","Test by karan","testtt"
"PDCH-HANB57-120","Test by karan","testtt"
"PDCH-HANB80-84","Test by karan","testtt"
"PDCH-HANB80-96","Test by karan","testtt"
"PDCH-HANB80-108","Test by karan","testtt"
"PDCH-HANB80-120","Test by karan","testtt"
"PDCH-HANB60-84","Test by karan","testtt"
"PDCH-HANB60-96","Test by karan","testtt"
"PDCH-HANB60-108","Test by karan","testtt"
"PDCH-HANB60-120","Test by karan","testtt"
"PDCH-HANB10-84","Test by karan","testtt"
"PDCH-HANB10-96","Test by karan","testtt"
"PDCH-HANB10-108","Test by karan","testtt"
"PDCH-HANB10-120","Test by karan","testtt"
"PDCH-HANB81-84","Test by karan","testtt"
"PDCH-HANB81-96","Test by karan","testtt"
"PDCH-HANB81-108","Test by karan","testtt"
"PDCH-HANB81-120","Test by karan","testtt"
"VCCH-VET1208-84","Test by karan","testtt"
"VCCH-VET1208-96","Test by karan","testtt"
"VCCH-VET1208-108","Test by karan","testtt"
"VCCH-VET1208-120","Test by karan","testtt"
"VCCH-VET1202-84","Test by karan","testtt"
"VCCH-VET1202-96","Test by karan","testtt"
"VCCH-VET1202-108","Test by karan","testtt"
"VCCH-VET1202-120","Test by karan","testtt"
"VCCH-VET1203-84","Test by karan","testtt"
"VCCH-VET1203-96","Test by karan","testtt"
"VCCH-VET1203-108","Test by karan","testtt"
"VCCH-VET1203-120","Test by karan","testtt"
"VCCH-VET12010-84","Test by karan","testtt"
"VCCH-VET12010-96","Test by karan","testtt"
"VCCH-VET12010-108","Test by karan","testtt"
"VCCH-VET12010-120","Test by karan","testtt"
"VCCH-VET1205-84","Test by karan","testtt"
"VCCH-VET1205-96","Test by karan","testtt"
"VCCH-VET1205-108","Test by karan","testtt"
"VCCH-VET1205-120","Test by karan","testtt"
"VCCH-VET1209-84","Test by karan","testtt"
"VCCH-VET1209-96","Test by karan","testtt"
"VCCH-VET1209-108","Test by karan","testtt"
"VCCH-VET1209-120","Test by karan","testtt"
"VCCH-VET1206-84","Test by karan","testtt"
"VCCH-VET1206-96","Test by karan","testtt"
"VCCH-VET1206-108","Test by karan","testtt"
"VCCH-VET1206-120","Test by karan","testtt"
"VCCH-VET1204-84","Test by karan","testtt"
"VCCH-VET1204-96","Test by karan","testtt"
"VCCH-VET1204-108","Test by karan","testtt"
"VCCH-VET1204-120","Test by karan","testtt"
"VCCH-VET1207-84","Test by karan","testtt"
"VCCH-VET1207-96","Test by karan","testtt"
"VCCH-VET1207-108","Test by karan","testtt"
"VCCH-VET1207-120","Test by karan","testtt"
"VPCH-VET1211-84","Test by karan","testtt"
"VPCH-VET1211-96","Test by karan","testtt"
"VPCH-VET1211-108","Test by karan","testtt"
"VPCH-VET1211-120","Test by karan","testtt"
"VPCH-VET1212-84","Test by karan","testtt"
"VPCH-VET1212-96","Test by karan","testtt"
"VPCH-VET1212-108","Test by karan","testtt"
"VPCH-VET1212-120","Test by karan","testtt"
"VPCH-VET1216-84","Test by karan","testtt"
"VPCH-VET1216-96","Test by karan","testtt"
"VPCH-VET1216-108","Test by karan","testtt"
"VPCH-VET1216-120","Test by karan","testtt"
"VPCH-VET1217-84","Test by karan","testtt"
"VPCH-VET1217-96","Test by karan","testtt"
"VPCH-VET1217-108","Test by karan","testtt"
"VPCH-VET1217-120","Test by karan","testtt"
"VPCH-VET1214-84","Test by karan","testtt"
"VPCH-VET1214-96","Test by karan","testtt"
"VPCH-VET1214-108","Test by karan","testtt"
"VPCH-VET1214-120","Test by karan","testtt"
"VPCH-VET1215-84","Test by karan","testtt"
"VPCH-VET1215-96","Test by karan","testtt"
"VPCH-VET1215-108","Test by karan","testtt"
"VPCH-VET1215-120","Test by karan","testtt"
"VPCH-VET1213-84","Test by karan","testtt"
"VPCH-VET1213-96","Test by karan","testtt"
"VPCH-VET1213-108","Test by karan","testtt"
"VPCH-VET1213-120","Test by karan","testtt"
"VPCH-192018-84","Test by karan","testtt"
"VPCH-192018-96","Test by karan","testtt"
"VPCH-192018-108","Test by karan","testtt"
"VPCH-192315-84","Test by karan","testtt"
"VPCH-192315-96","Test by karan","testtt"
"VPCH-192315-108","Test by karan","testtt"
"VPCH-192315-120","Test by karan","testtt"
"VPCH-190622-84","Test by karan","testtt"
"VPCH-190622-96","Test by karan","testtt"
"VPCH-190622-108","Test by karan","testtt"
"VPCH-190622-120","Test by karan","testtt"
"VPCH-120601-84","Test by karan","testtt"
"VPCH-120601-96","Test by karan","testtt"
"VPCH-120601-108","Test by karan","testtt"
"VPCH-120601-120","Test by karan","testtt"
"VPCH-190912-84","Test by karan","testtt"
"VPCH-190912-96","Test by karan","testtt"
"VPCH-190912-108","Test by karan","testtt"
"VPCH-190912-120","Test by karan","testtt"
"VPCH-194023-84","Test by karan","testtt"
"VPCH-194023-96","Test by karan","testtt"
"VPCH-194023-108","Test by karan","testtt"
"VPCH-194023-120","Test by karan","testtt"
"VPCH-184005-84","Test by karan","testtt"
"VPCH-184005-96","Test by karan","testtt"
"VPCH-184005-108","Test by karan","testtt"
"VPCH-184005-120","Test by karan","testtt"
"VPCH-110602-84","Test by karan","testtt"
"VPCH-110602-96","Test by karan","testtt"
"VPCH-110602-108","Test by karan","testtt"
"VPCH-110602-120","Test by karan","testtt"
"VPCH-145002-84","Test by karan","testtt"
"VPCH-145002-96","Test by karan","testtt"
"VPCH-145002-108","Test by karan","testtt"
"VPCH-145002-120","Test by karan","testtt"
"VPCH-194007-84","Test by karan","testtt"
"VPCH-194007-96","Test by karan","testtt"
"VPCH-194007-108","Test by karan","testtt"
"VPCH-194007-120","Test by karan","testtt"
"VPCH-141113-84","Test by karan","testtt"
"VPCH-141113-96","Test by karan","testtt"
"VPCH-141113-108","Test by karan","testtt"
"VPCH-141113-120","Test by karan","testtt"
"BOCH-190303-84","Test by karan","testtt"
"BOCH-190303-96","Test by karan","testtt"
"BOCH-190303-108","Test by karan","testtt"
"BOCH-190303-120","Test by karan","testtt"
"BOCH-120601-84","Test by karan","testtt"
"BOCH-120601-96","Test by karan","testtt"
"BOCH-120601-108","Test by karan","testtt"
"BOCH-120601-120","Test by karan","testtt"
"BOCH-174402-84","Test by karan","testtt"
"BOCH-174402-96","Test by karan","testtt"
"BOCH-174402-108","Test by karan","testtt"
"BOCH-174402-120","Test by karan","testtt"
"BOCH-KC5-84","Test by karan","testtt"
"BOCH-KC5-96","Test by karan","testtt"
"BOCH-KC5-108","Test by karan","testtt"
"BOCH-KC5-120","Test by karan","testtt"
"VPCH-194007-84","Test by karan","testtt"
"VPCH-194007-96","Test by karan","testtt"
"VPCH-194007-108","Test by karan","testtt"
"VPCH-194007-120","Test by karan","testtt"
"VPCH-141113-84","Test by karan","testtt"
"VPCH-141113-96","Test by karan","testtt"
"VPCH-141113-108","Test by karan","testtt"
"VPCH-141113-120","Test by karan","testtt"
"VPCH-VET1212-84","Test by karan","testtt"
"VPCH-VET1212-96","Test by karan","testtt"
"VPCH-VET1212-108","Test by karan","testtt"
"VPCH-VET1212-120","Test by karan","testtt"
"VPCH-VET1216-84","Test by karan","testtt"
"VPCH-VET1216-96","Test by karan","testtt"
"VPCH-VET1216-108","Test by karan","testtt"
"VPCH-VET1216-120","Test by karan","testtt"
"VPCH-VET1217-84","Test by karan","testtt"
"VPCH-VET1217-96","Test by karan","testtt"
"VPCH-VET1217-108","Test by karan","testtt"
"VPCH-VET1217-120","Test by karan","testtt"
"VPCH-VET1214-84","Test by karan","testtt"
"VPCH-VET1214-96","Test by karan","testtt"
"VPCH-VET1214-108","Test by karan","testtt"
"VPCH-VET1214-120","Test by karan","testtt"
"VPCH-VET1213-84","Test by karan","testtt"
"VPCH-VET1213-96","Test by karan","testtt"
"VPCH-VET1213-108","Test by karan","testtt"
"VPCH-VET1213-120","Test by karan","testtt"
"VPCH-190622-84","Test by karan","testtt"
"VPCH-190622-96","Test by karan","testtt"
"VPCH-190622-108","Test by karan","testtt"
"VPCH-190622-120","Test by karan","testtt"
"VPCH-145002-84","Test by karan","testtt"
"VPCH-145002-96","Test by karan","testtt"
"VPCH-145002-108","Test by karan","testtt"
"VPCH-145002-120","Test by karan","testtt"
"BOCH-KC28-84","Test by karan","testtt"
"BOCH-KC28-96","Test by karan","testtt"
"BOCH-KC28-108","Test by karan","testtt"
"BOCH-KC28-120","Test by karan","testtt"
"BOCH-KC29-84","Test by karan","testtt"
"BOCH-KC29-96","Test by karan","testtt"
"BOCH-KC29-108","Test by karan","testtt"
"BOCH-KC29-120","Test by karan","testtt"
"BOCH-KC22-84","Test by karan","testtt"
"BOCH-KC22-96","Test by karan","testtt"
"BOCH-KC22-108","Test by karan","testtt"
"BOCH-KC22-120","Test by karan","testtt"
"BOCH-KC21-84","Test by karan","testtt"
"BOCH-KC21-96","Test by karan","testtt"
"BOCH-KC21-108","Test by karan","testtt"
"BOCH-KC21-120","Test by karan","testtt"
"BOCH-KC91B-84","Test by karan","testtt"
"BOCH-KC91B-96","Test by karan","testtt"
"BOCH-KC91B-108","Test by karan","testtt"
"BOCH-KC91B-120","Test by karan","testtt"
"BOCH-KC32-84","Test by karan","testtt"
"BOCH-KC32-96","Test by karan","testtt"
"BOCH-KC32-108","Test by karan","testtt"
"BOCH-KC32-120","Test by karan","testtt"
"BOCH-KC20-84","Test by karan","testtt"
"BOCH-KC20-96","Test by karan","testtt"
"BOCH-KC20-108","Test by karan","testtt"
"BOCH-KC20-120","Test by karan","testtt"
"BOCH-KC23-84","Test by karan","testtt"
"BOCH-KC23-96","Test by karan","testtt"
"BOCH-KC23-108","Test by karan","testtt"
"BOCH-KC23-120","Test by karan","testtt"
"BOCH-KC27-84","Test by karan","testtt"
"BOCH-KC27-96","Test by karan","testtt"
"BOCH-KC27-108","Test by karan","testtt"
"BOCH-KC27-120","Test by karan","testtt"
"BOCH-KC35-84","Test by karan","testtt"
"BOCH-KC35-96","Test by karan","testtt"
"BOCH-KC35-108","Test by karan","testtt"
"BOCH-KC35-120","Test by karan","testtt"
"VPCH-VET1211-84","Test by karan","testtt"
"VPCH-VET1211-96","Test by karan","testtt"
"VPCH-VET1211-108","Test by karan","testtt"
"VPCH-VET1211-120","Test by karan","testtt"
"VPCH-VET1215-84","Test by karan","testtt"
"VPCH-VET1215-96","Test by karan","testtt"
"VPCH-VET1215-108","Test by karan","testtt"
"VPCH-VET1215-120","Test by karan","testtt"
"VPCH-194023-84","Test by karan","testtt"
"VPCH-194023-96","Test by karan","testtt"
"VPCH-194023-108","Test by karan","testtt"
"VPCH-194023-120","Test by karan","testtt"
"VPCH-192018-84","Test by karan","testtt"
"VPCH-192018-96","Test by karan","testtt"
"VPCH-192018-108","Test by karan","testtt"
"VPCH-190912-84","Test by karan","testtt"
"VPCH-190912-96","Test by karan","testtt"
"VPCH-190912-108","Test by karan","testtt"
"VPCH-190912-120","Test by karan","testtt"
"VPCH-110602-84","Test by karan","testtt"
"VPCH-110602-96","Test by karan","testtt"
"VPCH-110602-108","Test by karan","testtt"
"VPCH-110602-120","Test by karan","testtt"
"VPCH-192315-84","Test by karan","testtt"
"VPCH-192315-96","Test by karan","testtt"
"VPCH-192315-108","Test by karan","testtt"
"VPCH-192315-120","Test by karan","testtt"
"BOCH-KC25-84","Test by karan","testtt"
"BOCH-KC25-96","Test by karan","testtt"
"BOCH-KC25-108","Test by karan","testtt"
"BOCH-KC25-120","Test by karan","testtt"
"BOCH-KC26-84","Test by karan","testtt"
"BOCH-KC26-96","Test by karan","testtt"
"BOCH-KC26-108","Test by karan","testtt"
"BOCH-KC26-120","Test by karan","testtt"
"BOCH-KC30-84","Test by karan","testtt"
"BOCH-KC30-96","Test by karan","testtt"
"BOCH-KC30-108","Test by karan","testtt"
"BOCH-KC30-120","Test by karan","testtt"
"BOCH-KC31-84","Test by karan","testtt"
"BOCH-KC31-96","Test by karan","testtt"
"BOCH-KC31-108","Test by karan","testtt"
"BOCH-KC31-120","Test by karan","testtt"
"VPCH-120601-84","Test by karan","testtt"
"VPCH-120601-96","Test by karan","testtt"
"VPCH-120601-108","Test by karan","testtt"
"VPCH-120601-120","Test by karan","testtt"
"BOCH-193810-84","Test by karan","testtt"
"BOCH-193810-96","Test by karan","testtt"
"BOCH-193810-108","Test by karan","testtt"
"BOCH-193810-120","Test by karan","testtt"
"BOCH-191016-84","Test by karan","testtt"
"BOCH-191016-96","Test by karan","testtt"
"BOCH-191016-108","Test by karan","testtt"
"BOCH-191016-120","Test by karan","testtt"
"VPCH-184005-84","Test by karan","testtt"
"VPCH-184005-96","Test by karan","testtt"
"VPCH-184005-108","Test by karan","testtt"
"VPCH-184005-120","Test by karan","testtt"
"BOCH-KC33-84","Test by karan","testtt"
"BOCH-KC33-96","Test by karan","testtt"
"BOCH-KC33-108","Test by karan","testtt"
"BOCH-KC33-120","Test by karan","testtt"
"BOCH-KC1-84","Test by karan","testtt"
"BOCH-KC1-96","Test by karan","testtt"
"BOCH-KC1-108","Test by karan","testtt"
"BOCH-KC1-120","Test by karan","testtt"
"BOCH-KC6-84","Test by karan","testtt"
"BOCH-KC6-96","Test by karan","testtt"
"BOCH-KC6-108","Test by karan","testtt"
"BOCH-KC6-120","Test by karan","testtt"
"BOCH-KC8-84","Test by karan","testtt"
"BOCH-KC8-96","Test by karan","testtt"
"BOCH-KC8-108","Test by karan","testtt"
"BOCH-KC8-120","Test by karan","testtt"
"BOCH-KC36-84","Test by karan","testtt"
"BOCH-KC36-96","Test by karan","testtt"
"BOCH-KC36-108","Test by karan","testtt"
"BOCH-KC36-120","Test by karan","testtt"
"BOCH-KC24-84","Test by karan","testtt"
"BOCH-KC24-96","Test by karan","testtt"
"BOCH-KC24-108","Test by karan","testtt"
"BOCH-KC24-120","Test by karan","testtt"
"BOCH-131009-84","Test by karan","testtt"
"BOCH-131009-96","Test by karan","testtt"
"BOCH-131009-108","Test by karan","testtt"
"BOCH-131009-120","Test by karan","testtt"
"FHLCH-YL7178117-84","Test by karan","testtt"
"FHLCH-YL7178117-96","Test by karan","testtt"
"FHLCH-YL7178117-108","Test by karan","testtt"
"FHLCH-YL7178117-120","Test by karan","testtt"
"FHLCH-YL7178103-84","Test by karan","testtt"
"FHLCH-YL7178103-96","Test by karan","testtt"
"FHLCH-YL7178103-108","Test by karan","testtt"
"FHLCH-YL7178103-120","Test by karan","testtt"
"FHLCH-YL3010B-84","Test by karan","testtt"
"FHLCH-YL3010B-96","Test by karan","testtt"
"FHLCH-YL3010B-108","Test by karan","testtt"
"FHLCH-YL3010B-120","Test by karan","testtt"
"CZCH-CTZ12-84","Test by karan","testtt"
"CZCH-CTZ12-96","Test by karan","testtt"
"CZCH-CTZ12-108","Test by karan","testtt"
"CZCH-CTZ12-120","Test by karan","testtt"
"CZCH-CTZ9-84","Test by karan","testtt"
"CZCH-CTZ9-96","Test by karan","testtt"
"CZCH-CTZ9-108","Test by karan","testtt"
"CZCH-CTZ9-120","Test by karan","testtt"
"PRTW-D27-84","Test by karan","testtt"
"PRTW-D27-96","Test by karan","testtt"
"PRTW-D27-108","Test by karan","testtt"
"PRTW-D27-120","Test by karan","testtt"
"PRTW-D33-84","Test by karan","testtt"
"PRTW-D33-96","Test by karan","testtt"
"PRTW-D33-108","Test by karan","testtt"
"PRTW-D33-120","Test by karan","testtt"
"PRTW-D29B-84","Test by karan","testtt"
"PRTW-D29B-96","Test by karan","testtt"
"PRTW-D29B-108","Test by karan","testtt"
"PRTW-D29B-120","Test by karan","testtt"
"PRTW-D26-84","Test by karan","testtt"
"PRTW-D26-96","Test by karan","testtt"
"PRTW-D26-108","Test by karan","testtt"
"PRTW-D26-120","Test by karan","testtt"
"PRTW-D31-84","Test by karan","testtt"
"PRTW-D31-96","Test by karan","testtt"
"PRTW-D31-108","Test by karan","testtt"
"PRTW-D31-120","Test by karan","testtt"
"PRTW-D21-84","Test by karan","testtt"
"PRTW-D21-96","Test by karan","testtt"
"PRTW-D21-108","Test by karan","testtt"
"PRTW-D21-120","Test by karan","testtt"
"PRTW-D24B-84","Test by karan","testtt"
"PRTW-D24B-96","Test by karan","testtt"
"PRTW-D24B-108","Test by karan","testtt"
"PRTW-D24B-120","Test by karan","testtt"
"PRTW-D32-84","Test by karan","testtt"
"PRTW-D32-96","Test by karan","testtt"
"PRTW-D32-108","Test by karan","testtt"
"PRTW-D32-120","Test by karan","testtt"
"PRTW-D02-84","Test by karan","testtt"
"PRTW-D02-96","Test by karan","testtt"
"PRTW-D02-108","Test by karan","testtt"
"PRTW-D02-120","Test by karan","testtt"
"PRTW-D06A-84","Test by karan","testtt"
"PRTW-D06A-96","Test by karan","testtt"
"PRTW-D06A-108","Test by karan","testtt"
"PRTW-D06A-120","Test by karan","testtt"
"PRTW-D11-84","Test by karan","testtt"
"PRTW-D11-96","Test by karan","testtt"
"PRTW-D11-108","Test by karan","testtt"
"PRTW-D11-120","Test by karan","testtt"
"PRTW-D17-84","Test by karan","testtt"
"PRTW-D17-96","Test by karan","testtt"
"PRTW-D17-108","Test by karan","testtt"
"PRTW-D17-120","Test by karan","testtt"
"PRTW-D23-84","Test by karan","testtt"
"PRTW-D23-96","Test by karan","testtt"
"PRTW-D23-108","Test by karan","testtt"
"PRTW-D23-120","Test by karan","testtt"
"PRTW-D28-84","Test by karan","testtt"
"PRTW-D28-96","Test by karan","testtt"
"PRTW-D28-108","Test by karan","testtt"
"PRTW-D28-120","Test by karan","testtt"
"PRTW-D25-84","Test by karan","testtt"
"PRTW-D25-96","Test by karan","testtt"
"PRTW-D25-108","Test by karan","testtt"
"PRTW-D25-120","Test by karan","testtt"
"PRTW-D12-84","Test by karan","testtt"
"PRTW-D12-96","Test by karan","testtt"
"PRTW-D12-108","Test by karan","testtt"
"PRTW-D12-120","Test by karan","testtt"
"PRTW-D01-84","Test by karan","testtt"
"PRTW-D01-96","Test by karan","testtt"
"PRTW-D01-108","Test by karan","testtt"
"PRTW-D01-120","Test by karan","testtt"
"PRTW-D04-84","Test by karan","testtt"
"PRTW-D04-96","Test by karan","testtt"
"PRTW-D04-108","Test by karan","testtt"
"PRTW-D04-120","Test by karan","testtt"
"PRTW-D06B-84","Test by karan","testtt"
"PRTW-D06B-96","Test by karan","testtt"
"PRTW-D06B-108","Test by karan","testtt"
"PRTW-D06B-120","Test by karan","testtt"
"PRTW-D16-84","Test by karan","testtt"
"PRTW-D16-96","Test by karan","testtt"
"PRTW-D16-108","Test by karan","testtt"
"PRTW-D16-120","Test by karan","testtt"
"PRTW-D30-84","Test by karan","testtt"
"PRTW-D30-96","Test by karan","testtt"
"PRTW-D30-108","Test by karan","testtt"
"PRTW-D30-120","Test by karan","testtt"
"PRTW-D20-84","Test by karan","testtt"
"PRTW-D20-96","Test by karan","testtt"
"PRTW-D20-108","Test by karan","testtt"
"PRTW-D20-120","Test by karan","testtt"
"PRTW-D15-84","Test by karan","testtt"
"PRTW-D15-96","Test by karan","testtt"
"PRTW-D15-108","Test by karan","testtt"
"PRTW-D15-120","Test by karan","testtt"
"PRTW-D09-84","Test by karan","testtt"
"PRTW-D09-96","Test by karan","testtt"
"PRTW-D09-108","Test by karan","testtt"
"PRTW-D09-120","Test by karan","testtt"
"PRTW-D24A-84","Test by karan","testtt"
"PRTW-D24A-96","Test by karan","testtt"
"PRTW-D24A-108","Test by karan","testtt"
"PRTW-D24A-120","Test by karan","testtt"
"PRTW-D13-84","Test by karan","testtt"
"PRTW-D13-96","Test by karan","testtt"
"PRTW-D13-108","Test by karan","testtt"
"PRTW-D13-120","Test by karan","testtt"
"CZCH-CTZ1-84","Test by karan","testtt"
"CZCH-CTZ1-96","Test by karan","testtt"
"CZCH-CTZ1-108","Test by karan","testtt"
"CZCH-CTZ1-120","Test by karan","testtt"
"CZCH-CTZ6-84","Test by karan","testtt"
"CZCH-CTZ6-96","Test by karan","testtt"
"CZCH-CTZ6-108","Test by karan","testtt"
"CZCH-CTZ6-120","Test by karan","testtt"
"CZCH-CTZ2-84","Test by karan","testtt"
"CZCH-CTZ2-96","Test by karan","testtt"
"CZCH-CTZ2-108","Test by karan","testtt"
"CZCH-CTZ2-120","Test by karan","testtt"
"PRTW-D05-84","Test by karan","testtt"
"PRTW-D05-96","Test by karan","testtt"
"PRTW-D05-108","Test by karan","testtt"
"PRTW-D05-120","Test by karan","testtt"
"PRTW-D29A-84","Test by karan","testtt"
"PRTW-D29A-96","Test by karan","testtt"
"PRTW-D29A-108","Test by karan","testtt"
"PRTW-D29A-120","Test by karan","testtt"
"FHLCH-YL5003-84","Test by karan","testtt"
"FHLCH-YL5003-96","Test by karan","testtt"
"FHLCH-YL5003-108","Test by karan","testtt"
"FHLCH-YL5003-120","Test by karan","testtt"
"FHLCH-YL3022-84","Test by karan","testtt"
"FHLCH-YL3022-96","Test by karan","testtt"
"FHLCH-YL3022-108","Test by karan","testtt"
"FHLCH-YL3022-120","Test by karan","testtt"
"PRTW-D22-84","Test by karan","testtt"
"PRTW-D22-96","Test by karan","testtt"
"PRTW-D22-108","Test by karan","testtt"
"PRTW-D22-120","Test by karan","testtt"
"FHLCH-YL7178109-84","Test by karan","testtt"
"FHLCH-YL7178109-96","Test by karan","testtt"
"FHLCH-YL7178109-108","Test by karan","testtt"
"FHLCH-YL7178109-120","Test by karan","testtt"
"FHLCH-YL7176209-84","Test by karan","testtt"
"FHLCH-YL7176209-96","Test by karan","testtt"
"FHLCH-YL7176209-108","Test by karan","testtt"
"FHLCH-YL7176209-120","Test by karan","testtt"
"FHLCH-YL7176217-84","Test by karan","testtt"
"FHLCH-YL7176217-96","Test by karan","testtt"
"FHLCH-YL7176217-108","Test by karan","testtt"
"FHLCH-YL7176217-120","Test by karan","testtt"
"FHLCH-YL3012-84","Test by karan","testtt"
"FHLCH-YL3012-96","Test by karan","testtt"
"FHLCH-YL3012-108","Test by karan","testtt"
"FHLCH-YL3012-120","Test by karan","testtt"
"CZCH-CTZ5-84","Test by karan","testtt"
"CZCH-CTZ5-96","Test by karan","testtt"
"CZCH-CTZ5-108","Test by karan","testtt"
"CZCH-CTZ5-120","Test by karan","testtt"
"FHLCH-YL7176203-84","Test by karan","testtt"
"FHLCH-YL7176203-96","Test by karan","testtt"
"FHLCH-YL7176203-108","Test by karan","testtt"
"FHLCH-YL7176203-120","Test by karan","testtt"
"FHLCH-YL3008-84","Test by karan","testtt"
"FHLCH-YL3008-96","Test by karan","testtt"
"FHLCH-YL3008-108","Test by karan","testtt"
"FHLCH-YL3008-120","Test by karan","testtt"
"SHCH-EMBOCS3595-84","Test by karan","testtt"
"SHCH-EMBOCS3595-96","Test by karan","testtt"
"SHCH-EMBOCS3595-108","Test by karan","testtt"
"SHCH-EMBOCS3595-120","Test by karan","testtt"
"SHCH-EMB20131A-96","Test by karan","testtt"
"SHCH-EMB20131B-120","Test by karan","testtt"
"SHCH-EMBOCS4084-84","Test by karan","testtt"
"SHCH-EMBOCS4084-96","Test by karan","testtt"
"SHCH-EMBOCS4084-108","Test by karan","testtt"
"SHCH-EMBOCS3293-84","Test by karan","testtt"
"SHCH-EMBOCS3293-96","Test by karan","testtt"
"SHCH-EMBOCS3293-108","Test by karan","testtt"
"SHCH-EMBOCS3231-84","Test by karan","testtt"
"SHCH-EMBOCS3231-96","Test by karan","testtt"
"SHCH-EMBOCS3231-108","Test by karan","testtt"
"SHCH-EMB20135-84","Test by karan","testtt"
"SHCH-EMB20135-96","Test by karan","testtt"
"SHCH-EMB20135-108","Test by karan","testtt"
"SHCH-EMB20135-120","Test by karan","testtt"
"SHFLNCH-M013-84","Test by karan","testtt"
"SHFLNCH-M013-96","Test by karan","testtt"
"SHFLNCH-M013-108","Test by karan","testtt"
"SHFLNCH-M013-120","Test by karan","testtt"
"SHFLNCH-M011-84","Test by karan","testtt"
"SHFLNCH-M011-96","Test by karan","testtt"
"SHFLNCH-M011-108","Test by karan","testtt"
"SHFLNCH-M011-120","Test by karan","testtt"
"SHFLNCH-M012-84","Test by karan","testtt"
"SHFLNCH-M012-108","Test by karan","testtt"
"SHFLNCH-M012-120","Test by karan","testtt"
"SHFLNCH-M015-84","Test by karan","testtt"
"SHFLNCH-M015-96","Test by karan","testtt"
"SHFLNCH-M015-108","Test by karan","testtt"
"BOCH-191016-84-GR","Test by karan","testtt"
"BOCH-191016-96-GR","Test by karan","testtt"
"BOCH-191016-108-GR","Test by karan","testtt"
"BOCH-191016-120-GR","Test by karan","testtt"
"BOCH-193810-84-GR","Test by karan","testtt"
"BOCH-193810-96-GR","Test by karan","testtt"
"BOCH-193810-108-GR","Test by karan","testtt"
"BOCH-193810-120-GR","Test by karan","testtt"
"BOCH-120601-84-GR","Test by karan","testtt"
"BOCH-120601-96-GR","Test by karan","testtt"
"BOCH-120601-108-GR","Test by karan","testtt"
"BOCH-120601-120-GR","Test by karan","testtt"
"BOCH-174402-84-GR","Test by karan","testtt"
"BOCH-174402-96-GR","Test by karan","testtt"
"BOCH-174402-96-GR","Test by karan","testtt"
"BOCH-174402-120-GR","Test by karan","testtt"
"BOCH-131009-84-GR","Test by karan","testtt"
"BOCH-131009-96-GR","Test by karan","testtt"
"BOCH-131009-108-GR","Test by karan","testtt"
"BOCH-131009-120-GR","Test by karan","testtt"
"BOCH-190303-84-GR","Test by karan","testtt"
"BOCH-190303-96-GR","Test by karan","testtt"
"BOCH-190303-108-GR","Test by karan","testtt"
"BOCH-190303-120-GR","Test by karan","testtt"
"SHCH-VOL1-84-SLDW","Test by karan","testtt"
"VPCH-193810-96","Test by karan","testtt"
"VPCH-194007-84","Test by karan","testtt"
"VPCH-194007-108","Test by karan","testtt"

