artmoya@theeff.com,"83290","replenishment"
vendor_sku,replenishable,lead_days,landing_month1,quantity1,landing_month2,quantity2,landing_month3,quantity3,landing_month4,quantity4
"BOCH-120601-108-GR","N","120",,,,,,,,
"BOCH-120601-108-GR","N","120","'07/04/15","100","'",,"'",,"'",
"BOCH-120601-120-GR","N","120",,,,,,,,
"BOCH-120601-120-GR","N","120","'07/04/15","40","'",,"'",,"'",
"BOCH-120601-84-GR","N","120",,,,,,,,
"BOCH-120601-84-GR","N","120","'07/04/15","100","'",,"'",,"'",
"BOCH-120601-96-GR","N","120",,,,,,,,
"BOCH-120601-96-GR","N","120","'07/04/15","100","'",,"'",,"'",
"BOCH-120601-SW","N","120","'06/07/15","100","'",,"'",,"'",
"BOCH-131009-108-GR","N","120",,,,,,,,
"BOCH-131009-120-GR","N","120","'07/25/15","20","'",,"'",,"'",
"BOCH-131009-84-GR","N","120","'07/25/15","96","'",,"'",,"'",
"BOCH-131009-96-GR","N","120","'07/04/15","120","'",,"'",,"'",
"BOCH-174402-108","N","120","'07/04/15","50","'",,"'",,"'",
"BOCH-174402-120","N","120",,,,,,,,
"BOCH-174402-120-GR","N","120","'07/04/15","60","'",,"'",,"'",
"BOCH-174402-84","N","120","'07/04/15","40","'",,"'",,"'",
"BOCH-174402-84-GR","N","120","'07/04/15","160","'",,"'",,"'",
"BOCH-174402-96","N","120","'07/04/15","30","'",,"'",,"'",
"BOCH-174402-96-GR","N","120",,,,,,,,
"BOCH-174402-96-GR","N","120","'07/04/15","100","'",,"'",,"'",
"BOCH-190303-108-GR","N","120","'07/04/15","80","'",,"'",,"'",
"BOCH-190303-120-GR","N","120","'07/04/15","60","'",,"'",,"'",
"BOCH-190303-84-GR","N","120","'07/04/15","80","'",,"'",,"'",
"BOCH-190303-96-GR","N","120","'07/04/15","110","'",,"'",,"'",
"BOCH-191016-108-GR","N","120","'07/04/15","60","'",,"'",,"'",
"BOCH-191016-120-GR","N","120","'07/04/15","50","'",,"'",,"'",
"BOCH-191016-84-GR","N","120",,,,,,,,
"BOCH-191016-96-GR","N","120","'07/04/15","20","'",,"'",,"'",
"BOCH-193810-108","N","120","'07/25/15","180","'",,"'",,"'",
"BOCH-193810-108-GR","N","120","'07/04/15","80","'",,"'",,"'",
"BOCH-193810-120","N","120","'07/25/15","72","'",,"'",,"'",
"BOCH-193810-120-GR","N","120","'07/25/15","20","'",,"'",,"'",
"BOCH-193810-84","N","120","'07/25/15","120","'",,"'",,"'",
"BOCH-193810-84-GR","N","120","'07/04/15","80","'",,"'",,"'",
"BOCH-193810-96","N","120","'07/25/15","100","'",,"'",,"'",
"BOCH-193810-96-GR","N","120","'07/04/15","200","'",,"'",,"'",
"BOCH-201301-108","N","120","'07/04/15","60","'",,"'",,"'",
"BOCH-201301-120","N","120","'07/04/15","70","'",,"'",,"'",
"BOCH-201301-84","N","120","'07/04/15","140","'",,"'",,"'",
"BOCH-201301-96","N","120","'07/04/15","140","'",,"'",,"'",
"BOCH-201302-108","N","120","'07/25/15","60","'",,"'",,"'",
"BOCH-201302-120","N","120","'07/25/15","50","'",,"'",,"'",
"BOCH-201302-84","N","120","'07/25/15","144","'",,"'",,"'",
"BOCH-201302-96","N","120","'07/25/15","100","'",,"'",,"'",
"BOCH-201303-108","N","120",,,,,,,,
"BOCH-201303-120","N","120",,,,,,,,
"BOCH-201303-84","N","120","'07/25/15","90","'",,"'",,"'",
"BOCH-201303-96","N","120",,,,,,,,
"BOCH-201304-108","N","120","'07/04/15","120","'",,"'",,"'",
"BOCH-201304-120","N","120","'07/04/15","40","'",,"'",,"'",
"BOCH-201304-96","N","120","'07/04/15","120","'",,"'",,"'",
"BOCH-201305-108","N","120","'07/04/15","50","'",,"'",,"'",
"BOCH-201305-120","N","120",,,,,,,,
"BOCH-201305-84","N","120","'07/04/15","30","'",,"'",,"'",
"BOCH-201305-96","N","120","'07/04/15","100","'",,"'",,"'",
"BOCH-KC1-108","N","120",,,,,,,,
"BOCH-KC1-120","N","120",,,,,,,,
"BOCH-KC1-84","N","120",,,,,,,,
"BOCH-KC1-96","N","120",,,,,,,,
"BOCH-KC20-108","N","120",,,,,,,,
"BOCH-KC20-120","N","120",,,,,,,,
"BOCH-KC20-84","N","120",,,,,,,,
"BOCH-KC20-96","N","120",,,,,,,,
"BOCH-KC21-108","N","120","'07/25/15","275","'",,"'",,"'",
"BOCH-KC21-120","N","120",,,,,,,,
"BOCH-KC21-84","N","120","'07/25/15","40","'",,"'",,"'",
"BOCH-KC21-96","N","120","'07/25/15","240","'",,"'",,"'",
"BOCH-KC22-108","N","120",,,,,,,,
"BOCH-KC22-120","N","120",,,,,,,,
"BOCH-KC22-84","N","120",,,,,,,,
"BOCH-KC22-96","N","120",,,,,,,,
"BOCH-KC23-108","N","120","'05/26/15","73","'07/04/15","100","'08/14/15","110","'",
"BOCH-KC23-120","N","120","'05/26/15","20","'07/04/15","50","'08/14/15","60","'",
"BOCH-KC23-84","N","120","'05/26/15","212","'07/04/15","90","'08/14/15","90","'",
"BOCH-KC23-96","N","120","'05/26/15","218","'07/04/15","90","'08/14/15","90","'",
"BOCH-KC24-108","N","120",,,,,,,,
"BOCH-KC24-120","N","120",,,,,,,,
"BOCH-KC24-84","N","120",,,,,,,,
"BOCH-KC24-96","N","120",,,,,,,,
"BOCH-KC25-108","N","120",,,,,,,,
"BOCH-KC25-120","N","120",,,,,,,,
"BOCH-KC25-84","N","120",,,,,,,,
"BOCH-KC25-96","N","120",,,,,,,,
"BOCH-KC26-108","N","120","'05/11/15","120","'",,"'",,"'",
"BOCH-KC26-120","N","120","'05/11/15","50","'",,"'",,"'",
"BOCH-KC26-84","N","120","'05/11/15","160","'06/14/15","120","'07/04/15","100","'",
"BOCH-KC26-96","N","120","'05/11/15","170","'06/14/15","120","'07/04/15","320","'",
"BOCH-KC27-108","N","120","'05/26/15","217","'",,"'",,"'",
"BOCH-KC27-120","N","120","'05/26/15","108","'",,"'",,"'",
"BOCH-KC27-84","N","120","'05/26/15","635","'",,"'",,"'",
"BOCH-KC27-96","N","120","'05/26/15","633","'",,"'",,"'",
"BOCH-KC28-108","N","120",,,,,,,,
"BOCH-KC28-120","N","120",,,,,,,,
"BOCH-KC28-84","N","120",,,,,,,,
"BOCH-KC28-96","N","120",,,,,,,,
"BOCH-KC29-108","N","120",,,,,,,,
"BOCH-KC29-120","N","120",,,,,,,,
"BOCH-KC29-84","N","120",,,,,,,,
"BOCH-KC29-96","N","120",,,,,,,,
"BOCH-KC30-108","N","120","'05/26/15","82","'",,"'",,"'",
"BOCH-KC30-120","N","120","'05/26/15","103","'",,"'",,"'",
"BOCH-KC30-84","N","120","'05/26/15","168","'",,"'",,"'",
"BOCH-KC30-96","N","120","'05/26/15","257","'",,"'",,"'",
"BOCH-KC31-108","N","120","'05/26/15","86","'08/14/15","80","'",,"'",
"BOCH-KC31-120","N","120","'05/26/15","108","'08/14/15","60","'",,"'",
"BOCH-KC31-84","N","120","'05/26/15","266","'08/14/15","100","'",,"'",
"BOCH-KC31-96","N","120","'05/26/15","373","'08/14/15","110","'",,"'",
"BOCH-KC32-108","N","120",,,,,,,,
"BOCH-KC32-120","N","120",,,,,,,,
"BOCH-KC32-84","N","120",,,,,,,,
"BOCH-KC32-96","N","120",,,,,,,,
"BOCH-KC33-108","N","120","'05/26/15","69","'08/14/15","140","'",,"'",
"BOCH-KC33-120","N","120","'08/14/15","70","'",,"'",,"'",
"BOCH-KC33-84","N","120","'05/26/15","165","'08/14/15","70","'",,"'",
"BOCH-KC33-96","N","120","'05/26/15","170","'08/14/15","70","'",,"'",
"BOCH-KC35-108","N","120","'07/25/15","100","'",,"'",,"'",
"BOCH-KC35-120","N","120",,,,,,,,
"BOCH-KC35-84","N","120","'07/25/15","130","'",,"'",,"'",
"BOCH-KC35-96","N","120","'07/25/15","100","'",,"'",,"'",
"BOCH-KC36-108","N","120",,,,,,,,
"BOCH-KC36-120","N","120",,,,,,,,
"BOCH-KC36-84","N","120",,,,,,,,
"BOCH-KC36-96","N","120",,,,,,,,
"BOCH-KC5-108","N","120",,,,,,,,
"BOCH-KC5-120","N","120",,,,,,,,
"BOCH-KC5-84","N","120",,,,,,,,
"BOCH-KC5-96","N","120",,,,,,,,
"BOCH-KC6-108","N","120",,,,,,,,
"BOCH-KC6-120","N","120",,,,,,,,
"BOCH-KC6-84","N","120",,,,,,,,
"BOCH-KC6-96","N","120",,,,,,,,
"BOCH-KC8-108","N","120",,,,,,,,
"BOCH-KC8-120","N","120",,,,,,,,
"BOCH-KC8-84","N","120",,,,,,,,
"BOCH-KC8-96","N","120",,,,,,,,
"BOCH-KC91B-108","N","120","'07/25/15","60","'",,"'",,"'",
"BOCH-KC91B-120","N","120",,,,,,,,
"BOCH-KC91B-84","N","120","'07/25/15","140","'",,"'",,"'",
"BOCH-KC91B-96","N","120","'07/25/15","130","'",,"'",,"'",
"BOCH-PL1601-108","N","120",,,,,,,,
"BOCH-PL1601-120","N","120",,,,,,,,
"BOCH-PL1601-84","N","120",,,,,,,,
"BOCH-PL1601-96","N","120",,,,,,,,
"BOCH-PL1602-108","N","120",,,,,,,,
"BOCH-PL1602-120","N","120",,,,,,,,
"BOCH-PL1602-84","N","120",,,,,,,,
"BOCH-PL1602-96","N","120",,,,,,,,
"BOCH-PL1604-108","N","120",,,,,,,,
"BOCH-PL1604-120","N","120",,,,,,,,
"BOCH-PL1604-84","N","120",,,,,,,,
"BOCH-PL1604-96","N","120",,,,,,,,
"BOCH-PL1605-108","N","120",,,,,,,,
"BOCH-PL1605-120","N","120",,,,,,,,
"BOCH-PL1605-84","N","120",,,,,,,,
"BOCH-PL1605-96","N","120",,,,,,,,
"BOCH-PL1606-108","N","120",,,,,,,,
"BOCH-PL1606-120","N","120",,,,,,,,
"BOCH-PL1606-84","N","120",,,,,,,,
"BOCH-PL1606-96","N","120",,,,,,,,
"BOCH-PL1607-108","N","120",,,,,,,,
"BOCH-PL1607-120","N","120",,,,,,,,
"BOCH-PL1607-84","N","120",,,,,,,,
"BOCH-PL1607-96","N","120",,,,,,,,
"BOCH-PL1608-108","N","120",,,,,,,,
"BOCH-PL1608-120","N","120",,,,,,,,
"BOCH-PL1608-84","N","120",,,,,,,,
"BOCH-PL1608-96","N","120",,,,,,,,
"BOCH-PL1609-108","N","120","'05/11/15","120","'",,"'",,"'",
"BOCH-PL1609-120","N","120","'05/11/15","40","'",,"'",,"'",
"BOCH-PL1609-84","N","120",,,,,,,,
"BOCH-PL1609-96","N","120","'05/11/15","140","'",,"'",,"'",
"BOCH-PL1610-108","N","120","'05/11/15","80","'",,"'",,"'",
"BOCH-PL1610-120","N","120","'05/11/15","50","'",,"'",,"'",
"BOCH-PL1610-84","N","120","'05/11/15","80","'",,"'",,"'",
"BOCH-PL1610-96","N","120","'05/11/15","140","'",,"'",,"'",
"BOCH-PL4201-108","N","120",,,,,,,,
"BOCH-PL4201-120","N","120",,,,,,,,
"BOCH-PL4201-84","N","120",,,,,,,,
"BOCH-PL4201-96","N","120",,,,,,,,
"CC-CD29-108","N","120",,,,,,,,
"CC-CD29-120","N","120",,,,,,,,
"CC-CD29-84","N","120",,,,,,,,
"CC-CD29-96","N","120",,,,,,,,
"CC-CD35-108","N","120",,,,,,,,
"CC-CD35-120","N","120",,,,,,,,
"CC-CD35-84","N","120",,,,,,,,
"CC-CD35-96","N","120",,,,,,,,
"CC-CD38-108","N","120",,,,,,,,
"CC-CD38-120","N","120",,,,,,,,
"CC-CD38-84","N","120",,,,,,,,
"CC-CD38-96","N","120",,,,,,,,
"CC-MA3-108","N","120",,,,,,,,
"CC-MA3-120","N","120",,,,,,,,
"CC-MA3-84","N","120",,,,,,,,
"CC-MA3-96","N","120",,,,,,,,
"CC-MA5-108","N","120",,,,,,,,
"CC-MA5-120","N","120",,,,,,,,
"CC-MA5-84","N","120",,,,,,,,
"CC-MA5-96","N","120",,,,,,,,
"CC-MA6-108","N","120",,,,,,,,
"CC-MA6-120","N","120",,,,,,,,
"CC-MA6-84","N","120",,,,,,,,
"CC-MA6-96","N","120",,,,,,,,
"CC-MABB26-108","N","120",,,,,,,,
"CC-MABB26-120","N","120",,,,,,,,
"CC-MABB26-84","N","120",,,,,,,,
"CC-MABB26-96","N","120",,,,,,,,
"CC-TEALBB29-108","N","120",,,,,,,,
"CC-TEALBB29-120","N","120",,,,,,,,
"CC-TEALBB29-84","N","120",,,,,,,,
"CC-TEALBB29-96","N","120",,,,,,,,
"CZCH-CTZ1-108","N","120",,,,,,,,
"CZCH-CTZ1-120","N","120",,,,,,,,
"CZCH-CTZ1-84","N","120",,,,,,,,
"CZCH-CTZ1-96","N","120",,,,,,,,
"CZCH-CTZ12-108","N","120",,,,,,,,
"CZCH-CTZ12-120","N","120",,,,,,,,
"CZCH-CTZ12-84","N","120",,,,,,,,
"CZCH-CTZ12-96","N","120",,,,,,,,
"CZCH-CTZ2-108","N","120",,,,,,,,
"CZCH-CTZ2-120","N","120",,,,,,,,
"CZCH-CTZ2-84","N","120",,,,,,,,
"CZCH-CTZ2-96","N","120",,,,,,,,
"CZCH-CTZ5-108","N","120",,,,,,,,
"CZCH-CTZ5-120","N","120",,,,,,,,
"CZCH-CTZ5-84","N","120",,,,,,,,
"CZCH-CTZ5-96","N","120",,,,,,,,
"CZCH-CTZ6-108","N","120",,,,,,,,
"CZCH-CTZ6-120","N","120",,,,,,,,
"CZCH-CTZ6-84","N","120",,,,,,,,
"CZCH-CTZ6-96","N","120",,,,,,,,
"CZCH-CTZ9-108","N","120",,,,,,,,
"CZCH-CTZ9-120","N","120",,,,,,,,
"CZCH-CTZ9-84","N","120",,,,,,,,
"CZCH-CTZ9-96","N","120",,,,,,,,
"DIS-ID1-108","N","120",,,,,,,,
"DIS-ID1-120","N","120","'06/15/15","20","'",,"'",,"'",
"DIS-ID1-84","N","120",,,,,,,,
"DIS-ID1-96","N","120","'06/15/15","20","'",,"'",,"'",
"DIS-ID112-108","N","120",,,,,,,,
"DIS-ID112-120","N","120",,,,,,,,
"DIS-ID112-84","N","120",,,,,,,,
"DIS-ID112-96","N","120",,,,,,,,
"DIS-ID20-108","N","120",,,,,,,,
"DIS-ID20-120","N","120",,,,,,,,
"DIS-ID20-84","N","120",,,,,,,,
"DIS-ID20-96","N","120",,,,,,,,
"DIS-ID37-108","N","120","'06/15/15","20","'",,"'",,"'",
"DIS-ID37-120","N","120","'06/15/15","20","'",,"'",,"'",
"DIS-ID37-84","N","120","'06/15/15","20","'",,"'",,"'",
"DIS-ID37-96","N","120","'06/15/15","20","'",,"'",,"'",
"DIS-ID50-108","N","120","'06/15/15","20","'",,"'",,"'",
"DIS-ID50-120","N","120","'06/15/15","40","'",,"'",,"'",
"DIS-ID50-84","N","120","'06/15/15","20","'",,"'",,"'",
"DIS-ID50-96","N","120","'06/15/15","32","'",,"'",,"'",
"DIS-ID68-108","N","120",,,,,,,,
"DIS-ID68-120","N","120",,,,,,,,
"DIS-ID68-84","N","120",,,,,,,,
"DIS-ID68-96","N","120",,,,,,,,
"DIS-ID7727-108","N","120","'06/15/15","88","'",,"'",,"'",
"DIS-ID7727-120","N","120","'06/15/15","64","'",,"'",,"'",
"DIS-ID7727-84","N","120","'06/15/15","32","'",,"'",,"'",
"DIS-ID7727-96","N","120","'06/15/15","104","'",,"'",,"'",
"DIS-ID7806-108","N","120","'06/15/15","112","'",,"'",,"'",
"DIS-ID7806-120","N","120","'06/15/15","80","'",,"'",,"'",
"DIS-ID7806-84","N","120","'06/15/15","48","'",,"'",,"'",
"DIS-ID7806-96","N","120","'06/15/15","96","'",,"'",,"'",
"DIS-ID7906-108","N","120",,,,,,,,
"DIS-ID7906-120","N","120",,,,,,,,
"DIS-ID7906-84","N","120",,,,,,,,
"DIS-ID7906-96","N","120",,,,,,,,
"DIS-ID9-108","N","120","'06/15/15","50","'",,"'",,"'",
"DIS-ID9-120","N","120","'06/15/15","50","'",,"'",,"'",
"DIS-ID9-84","N","120",,,,,,,,
"DIS-ID9-96","N","120","'06/15/15","60","'",,"'",,"'",
"EFSCH-20134A-108","N","120",,,,,,,,
"EFSCH-20134A-120","N","120",,,,,,,,
"EFSCH-20134A-96","N","120",,,,,,,,
"EFSCH-20134B-108","N","120",,,,,,,,
"EFSCH-20134B-120","N","120",,,,,,,,
"EFSCH-20134B-96","N","120",,,,,,,,
"EFSCH-20134C-108","N","120",,,,,,,,
"EFSCH-20134C-120","N","120",,,,,,,,
"EFSCH-20134C-96","N","120",,,,,,,,
"EFSCH-20134D1-108","N","120",,,,,,,,
"EFSCH-20134D1-120","N","120",,,,,,,,
"EFSCH-20134D1-96","N","120",,,,,,,,
"EFSCH-20134D2-108","N","120",,,,,,,,
"EFSCH-20134D2-120","N","120",,,,,,,,
"EFSCH-20134D2-96","N","120",,,,,,,,
"EFSCH-20134E1-120","N","120",,,,,,,,
"EFSCH-20134E1-96","N","120",,,,,,,,
"EFSCH-20134E2-108","N","120",,,,,,,,
"EFSCH-20134E2-120","N","120",,,,,,,,
"EFSCH-20134E2-96","N","120",,,,,,,,
"EFSCH-20134F1-108","N","120","'07/04/15","90","'",,"'",,"'",
"EFSCH-20134F1-120","N","120","'07/04/15","40","'",,"'",,"'",
"EFSCH-20134F1-96","N","120","'07/04/15","90","'",,"'",,"'",
"EFSCH-20136A-108","N","120",,,,,,,,
"EFSCH-20136A-120","N","120",,,,,,,,
"EFSCH-20136A-96","N","120",,,,,,,,
"EFSCH-20136B-108","N","120",,,,,,,,
"EFSCH-20136B-120","N","120",,,,,,,,
"EFSCH-20136B-96","N","120",,,,,,,,
"EFSCH-AL450C1-108","N","120","'07/04/15","120","'",,"'",,"'",
"EFSCH-AL450C1-120","N","120","'07/04/15","60","'",,"'",,"'",
"EFSCH-AL450C1-96","N","120","'07/04/15","100","'",,"'",,"'",
"EFSCH-AL450C4-108","N","120",,,,,,,,
"EFSCH-AL450C4-120","N","120",,,,,,,,
"EFSCH-AL450C4-84","N","120",,,,,,,,
"EFSCH-AL450C4-96","N","120",,,,,,,,
"EFSCH-AL450C4-SW","N","120",,,,,,,,
"EFSCH-PLK850C2-108","N","120",,,,,,,,
"EFSCH-PLK850C2-120","N","120",,,,,,,,
"EFSCH-PLK850C2-96","N","120",,,,,,,,
"EFSCH-PLK850C3-108","N","120",,,,,,,,
"EFSCH-PLK850C3-120","N","120",,,,,,,,
"EFSCH-PLK850C3-96","N","120",,,,,,,,
"EFSCH-PLK850C4-108","N","120",,,,,,,,
"EFSCH-PLK850C4-120","N","120",,,,,,,,
"EFSCH-PLK850C4-96","N","120",,,,,,,,
"EFSCH-PLK850C5-108","N","120",,,,,,,,
"EFSCH-PLK850C5-120","N","120",,,,,,,,
"EFSCH-PLK850C5-96","N","120",,,,,,,,
"FHLCH-314043-108","N","120",,,,,,,,
"FHLCH-314043-120","N","120",,,,,,,,
"FHLCH-314043-84","N","120",,,,,,,,
"FHLCH-314043-96","N","120",,,,,,,,
"FHLCH-314044-108","N","120",,,,,,,,
"FHLCH-314044-120","N","120",,,,,,,,
"FHLCH-314044-84","N","120",,,,,,,,
"FHLCH-314044-96","N","120",,,,,,,,
"FHLCH-314047-108","N","120",,,,,,,,
"FHLCH-314047-120","N","120",,,,,,,,
"FHLCH-314047-84","N","120",,,,,,,,
"FHLCH-314047-96","N","120",,,,,,,,
"FHLCH-314048-108","N","120",,,,,,,,
"FHLCH-314048-120","N","120",,,,,,,,
"FHLCH-314048-84","N","120",,,,,,,,
"FHLCH-314048-96","N","120",,,,,,,,
"FHLCH-314052-108","N","120",,,,,,,,
"FHLCH-314052-120","N","120",,,,,,,,
"FHLCH-314052-84","N","120",,,,,,,,
"FHLCH-314052-96","N","120",,,,,,,,
"FHLCH-314053-108","N","120",,,,,,,,
"FHLCH-314053-120","N","120",,,,,,,,
"FHLCH-314053-84","N","120",,,,,,,,
"FHLCH-314053-96","N","120",,,,,,,,
"FHLCH-314055-108","N","120",,,,,,,,
"FHLCH-314055-120","N","120",,,,,,,,
"FHLCH-314055-84","N","120",,,,,,,,
"FHLCH-314055-96","N","120",,,,,,,,
"FHLCH-416016-108","N","120",,,,,,,,
"FHLCH-416016-120","N","120",,,,,,,,
"FHLCH-416016-84","N","120",,,,,,,,
"FHLCH-416016-96","N","120",,,,,,,,
"FHLCH-416017-108","N","120",,,,,,,,
"FHLCH-416017-120","N","120",,,,,,,,
"FHLCH-416017-84","N","120",,,,,,,,
"FHLCH-416017-96","N","120",,,,,,,,
"FHLCH-416018-108","N","120",,,,,,,,
"FHLCH-416018-120","N","120",,,,,,,,
"FHLCH-416018-84","N","120",,,,,,,,
"FHLCH-416018-96","N","120",,,,,,,,
"FHLCH-416019-108","N","120",,,,,,,,
"FHLCH-416019-120","N","120",,,,,,,,
"FHLCH-416019-84","N","120",,,,,,,,
"FHLCH-416019-96","N","120",,,,,,,,
"FHLCH-416020-108","N","120",,,,,,,,
"FHLCH-416020-120","N","120",,,,,,,,
"FHLCH-416020-84","N","120",,,,,,,,
"FHLCH-416020-96","N","120",,,,,,,,
"FHLCH-YL3008-108","N","120",,,,,,,,
"FHLCH-YL3008-120","N","120",,,,,,,,
"FHLCH-YL3008-84","N","120",,,,,,,,
"FHLCH-YL3008-96","N","120",,,,,,,,
"FHLCH-YL3010B-108","N","120",,,,,,,,
"FHLCH-YL3010B-120","N","120",,,,,,,,
"FHLCH-YL3010B-84","N","120",,,,,,,,
"FHLCH-YL3010B-96","N","120",,,,,,,,
"FHLCH-YL3012-108","N","120",,,,,,,,
"FHLCH-YL3012-120","N","120",,,,,,,,
"FHLCH-YL3012-84","N","120",,,,,,,,
"FHLCH-YL3012-96","N","120",,,,,,,,
"FHLCH-YL3022-108","N","120","'07/04/15","150","'",,"'",,"'",
"FHLCH-YL3022-120","N","120",,,,,,,,
"FHLCH-YL3022-84","N","120","'07/04/15","70","'",,"'",,"'",
"FHLCH-YL3022-96","N","120","'07/04/15","150","'",,"'",,"'",
"FHLCH-YL5003-108","N","120","'07/04/15","150","'07/04/15","150","'",,"'",
"FHLCH-YL5003-120","N","120",,,,,,,,
"FHLCH-YL5003-84","N","120","'07/04/15","70","'07/04/15","70","'",,"'",
"FHLCH-YL5003-96","N","120","'07/04/15","150","'07/04/15","150","'",,"'",
"FHLCH-YL7176203-108","N","120",,,,,,,,
"FHLCH-YL7176203-120","N","120",,,,,,,,
"FHLCH-YL7176203-84","N","120",,,,,,,,
"FHLCH-YL7176203-96","N","120",,,,,,,,
"FHLCH-YL7176209-108","N","120",,,,,,,,
"FHLCH-YL7176209-120","N","120",,,,,,,,
"FHLCH-YL7176209-84","N","120",,,,,,,,
"FHLCH-YL7176209-96","N","120",,,,,,,,
"FHLCH-YL7176217-108","N","120","'07/04/15","90","'",,"'",,"'",
"FHLCH-YL7176217-120","N","120","'07/04/15","50","'",,"'",,"'",
"FHLCH-YL7176217-84","N","120","'07/04/15","60","'",,"'",,"'",
"FHLCH-YL7176217-96","N","120","'07/04/15","90","'",,"'",,"'",
"FHLCH-YL7178103-108","N","120",,,,,,,,
"FHLCH-YL7178103-120","N","120",,,,,,,,
"FHLCH-YL7178103-84","N","120",,,,,,,,
"FHLCH-YL7178103-96","N","120",,,,,,,,
"FHLCH-YL7178109-108","N","120","'07/04/15","90","'",,"'",,"'",
"FHLCH-YL7178109-120","N","120","'07/04/15","50","'",,"'",,"'",
"FHLCH-YL7178109-84","N","120","'07/04/15","50","'",,"'",,"'",
"FHLCH-YL7178109-96","N","120","'07/04/15","100","'",,"'",,"'",
"FHLCH-YL7178117-108","N","120","'07/04/15","80","'",,"'",,"'",
"FHLCH-YL7178117-120","N","120","'07/04/15","50","'",,"'",,"'",
"FHLCH-YL7178117-84","N","120","'07/04/15","50","'",,"'",,"'",
"FHLCH-YL7178117-96","N","120","'07/04/15","80","'",,"'",,"'",
"JQCH-2012201-108","N","120",,,,,,,,
"JQCH-2012201-120","N","120",,,,,,,,
"JQCH-2012201-84","N","120",,,,,,,,
"JQCH-2012201-96","N","120",,,,,,,,
"JQCH-20122010-108","N","120","'07/19/15","100","'",,"'",,"'",
"JQCH-20122010-120","N","120","'07/19/15","48","'",,"'",,"'",
"JQCH-20122010-84","N","120","'07/19/15","80","'",,"'",,"'",
"JQCH-20122010-96","N","120","'07/19/15","150","'",,"'",,"'",
"JQCH-2012204-108","N","120",,,,,,,,
"JQCH-2012204-120","N","120",,,,,,,,
"JQCH-2012204-84","N","120",,,,,,,,
"JQCH-2012204-96","N","120",,,,,,,,
"JQCH-201263-108","N","120",,,,,,,,
"JQCH-201263-120","N","120",,,,,,,,
"JQCH-201263-84","N","120",,,,,,,,
"JQCH-201263-96","N","120",,,,,,,,
"JQCH-201266-108","N","120","'07/19/15","120","'",,"'",,"'",
"JQCH-201266-120","N","120","'07/19/15","90","'",,"'",,"'",
"JQCH-201266-84","N","120","'07/19/15","120","'",,"'",,"'",
"JQCH-201266-96","N","120","'07/19/15","132","'",,"'",,"'",
"JQCH-201268-108","N","120","'07/19/15","110","'",,"'",,"'",
"JQCH-201268-120","N","120","'07/19/15","60","'",,"'",,"'",
"JQCH-201268-84","N","120","'07/19/15","60","'",,"'",,"'",
"JQCH-201268-96","N","120","'07/19/15","110","'",,"'",,"'",
"JQCH-201301-108","N","120","'07/19/15","100","'",,"'",,"'",
"JQCH-201301-120","N","120","'07/19/15","60","'",,"'",,"'",
"JQCH-201301-84","N","120","'07/19/15","60","'",,"'",,"'",
"JQCH-201301-96","N","120","'07/19/15","140","'",,"'",,"'",
"JQCH-201301-FP-108","N","120",,,,,,,,
"JQCH-201301-FP-120","N","120",,,,,,,,
"JQCH-201301-FP-84","N","120",,,,,,,,
"JQCH-201301-FP-96","N","120",,,,,,,,
"JQCH-201302-108","N","120","'07/19/15","100","'",,"'",,"'",
"JQCH-201302-120","N","120","'07/19/15","60","'",,"'",,"'",
"JQCH-201302-84","N","120","'07/19/15","60","'",,"'",,"'",
"JQCH-201302-96","N","120","'07/19/15","100","'",,"'",,"'",
"JQCH-201302-FP-108","N","120",,,,,,,,
"JQCH-201302-FP-120","N","120",,,,,,,,
"JQCH-201302-FP-84","N","120",,,,,,,,
"JQCH-201302-FP-96","N","120",,,,,,,,
"JQCH-HANB10-108","N","120",,,,,,,,
"JQCH-HANB10-120","N","120",,,,,,,,
"JQCH-HANB10-84","N","120",,,,,,,,
"JQCH-HANB10-96","N","120",,,,,,,,
"JQCH-HANB11-108","N","120",,,,,,,,
"JQCH-HANB11-120","N","120",,,,,,,,
"JQCH-HANB11-84","N","120",,,,,,,,
"JQCH-HANB11-96","N","120",,,,,,,,
"JQCH-HANB12A-108","N","120",,,,,,,,
"JQCH-HANB12A-120","N","120",,,,,,,,
"JQCH-HANB12A-84","N","120",,,,,,,,
"JQCH-HANB12A-96","N","120",,,,,,,,
"JQCH-HANB12B-108","N","120",,,,,,,,
"JQCH-HANB12B-120","N","120",,,,,,,,
"JQCH-HANB12B-84","N","120",,,,,,,,
"JQCH-HANB12B-96","N","120",,,,,,,,
"JQCH-HANB13A-108","N","120",,,,,,,,
"JQCH-HANB13A-120","N","120",,,,,,,,
"JQCH-HANB13A-84","N","120",,,,,,,,
"JQCH-HANB13A-96","N","120",,,,,,,,
"JQCH-HANB13B-108","N","120",,,,,,,,
"JQCH-HANB13B-120","N","120",,,,,,,,
"JQCH-HANB13B-84","N","120",,,,,,,,
"JQCH-HANB13B-96","N","120",,,,,,,,
"JQCH-HANB13C-108","N","120",,,,,,,,
"JQCH-HANB13C-120","N","120",,,,,,,,
"JQCH-HANB13C-84","N","120",,,,,,,,
"JQCH-HANB13C-96","N","120",,,,,,,,
"JQCH-HANB13D-108","N","120",,,,,,,,
"JQCH-HANB13D-120","N","120",,,,,,,,
"JQCH-HANB13D-84","N","120",,,,,,,,
"JQCH-HANB13D-96","N","120",,,,,,,,
"JQCH-HANB14A-108","N","120",,,,,,,,
"JQCH-HANB14A-84","N","120",,,,,,,,
"JQCH-HANB14A-96","N","120",,,,,,,,
"JQCH-HANB14B-108","N","120",,,,,,,,
"JQCH-HANB14B-84","N","120",,,,,,,,
"JQCH-HANB14B-96","N","120",,,,,,,,
"JQCH-HANB14C-108","N","120",,,,,,,,
"JQCH-HANB14C-84","N","120",,,,,,,,
"JQCH-HANB14C-96","N","120",,,,,,,,
"JQCH-HANB15-84","N","120",,,,,,,,
"JQCH-HANB15-96","N","120",,,,,,,,
"JQCH-HANB1A-108","N","120",,,,,,,,
"JQCH-HANB1A-120","N","120",,,,,,,,
"JQCH-HANB1A-84","N","120",,,,,,,,
"JQCH-HANB1A-96","N","120",,,,,,,,
"JQCH-HANB1B-108","N","120",,,,,,,,
"JQCH-HANB1B-120","N","120",,,,,,,,
"JQCH-HANB1B-84","N","120",,,,,,,,
"JQCH-HANB1B-96","N","120",,,,,,,,
"JQCH-HANB2-108","N","120",,,,,,,,
"JQCH-HANB2-120","N","120",,,,,,,,
"JQCH-HANB2-84","N","120",,,,,,,,
"JQCH-HANB2-96","N","120",,,,,,,,
"JQCH-HANB3A-108","N","120",,,,,,,,
"JQCH-HANB3A-120","N","120",,,,,,,,
"JQCH-HANB3A-84","N","120",,,,,,,,
"JQCH-HANB3A-96","N","120",,,,,,,,
"JQCH-HANB3B-108","N","120",,,,,,,,
"JQCH-HANB3B-120","N","120",,,,,,,,
"JQCH-HANB3B-84","N","120",,,,,,,,
"JQCH-HANB3B-96","N","120",,,,,,,,
"JQCH-HANB4-108","N","120",,,,,,,,
"JQCH-HANB4-120","N","120",,,,,,,,
"JQCH-HANB4-84","N","120",,,,,,,,
"JQCH-HANB4-96","N","120",,,,,,,,
"JQCH-HANB5A-108","N","120",,,,,,,,
"JQCH-HANB5A-120","N","120",,,,,,,,
"JQCH-HANB5A-84","N","120",,,,,,,,
"JQCH-HANB5A-96","N","120",,,,,,,,
"JQCH-HANB5B-108","N","120",,,,,,,,
"JQCH-HANB5B-120","N","120",,,,,,,,
"JQCH-HANB5B-84","N","120",,,,,,,,
"JQCH-HANB5B-96","N","120",,,,,,,,
"JQCH-HANB5C-108","N","120",,,,,,,,
"JQCH-HANB5C-120","N","120",,,,,,,,
"JQCH-HANB5C-84","N","120",,,,,,,,
"JQCH-HANB5C-96","N","120",,,,,,,,
"JQCH-HANB6-108","N","120",,,,,,,,
"JQCH-HANB6-120","N","120",,,,,,,,
"JQCH-HANB6-84","N","120",,,,,,,,
"JQCH-HANB6-96","N","120",,,,,,,,
"JQCH-HANB7-108","N","120","'07/25/15","100","'",,"'",,"'",
"JQCH-HANB7-120","N","120","'07/25/15","60","'",,"'",,"'",
"JQCH-HANB7-84","N","120","'07/25/15","60","'",,"'",,"'",
"JQCH-HANB7-96","N","120","'07/25/15","100","'",,"'",,"'",
"JQCH-HANB8-108","N","120",,,,,,,,
"JQCH-HANB8-120","N","120",,,,,,,,
"JQCH-HANB8-84","N","120",,,,,,,,
"JQCH-HANB8-96","N","120",,,,,,,,
"JQCH-HANB9-108","N","120",,,,,,,,
"JQCH-HANB9-120","N","120",,,,,,,,
"JQCH-HANB9-84","N","120",,,,,,,,
"JQCH-HANB9-96","N","120",,,,,,,,
"LN-5000-108","N","120",,,,,,,,
"LN-5000-120","N","120",,,,,,,,
"LN-5000-84","N","120",,,,,,,,
"LN-5000-96","N","120",,,,,,,,
"LN-5100-108","N","120",,,,,,,,
"LN-5100-120","N","120",,,,,,,,
"LN-5100-84","N","120",,,,,,,,
"LN-5100-96","N","120",,,,,,,,
"LN-5175-108","N","120",,,,,,,,
"LN-5175-120","N","120",,,,,,,,
"LN-5175-84","N","120",,,,,,,,
"LN-5175-96","N","120",,,,,,,,
"LN-5176-108","N","120",,,,,,,,
"LN-5176-120","N","120",,,,,,,,
"LN-5176-84","N","120",,,,,,,,
"LN-5176-96","N","120",,,,,,,,
"LN-5177-108","N","120",,,,,,,,
"LN-5177-120","N","120",,,,,,,,
"LN-5177-84","N","120",,,,,,,,
"LN-5177-96","N","120",,,,,,,,
"LN-5178-108","N","120",,,,,,,,
"LN-5178-120","N","120",,,,,,,,
"LN-5178-84","N","120",,,,,,,,
"LN-5178-96","N","120",,,,,,,,
"LN-5179-108","N","120",,,,,,,,
"LN-5179-120","N","120",,,,,,,,
"LN-5179-84","N","120",,,,,,,,
"LN-5179-96","N","120",,,,,,,,
"LN-5520-108","N","120",,,,,,,,
"LN-5520-120","N","120",,,,,,,,
"LN-5520-84","N","120",,,,,,,,
"LN-5520-96","N","120",,,,,,,,
"PDCH-HANB08-108","N","120",,,,,,,,
"PDCH-HANB08-120","N","120",,,,,,,,
"PDCH-HANB08-84","N","120",,,,,,,,
"PDCH-HANB08-96","N","120",,,,,,,,
"PDCH-HANB10-108","N","120","'07/25/15","110","'",,"'",,"'",
"PDCH-HANB10-120","N","120","'07/25/15","72","'",,"'",,"'",
"PDCH-HANB10-84","N","120",,,,,,,,
"PDCH-HANB10-96","N","120","'07/25/15","120","'",,"'",,"'",
"PDCH-HANB23-108","N","120",,,,,,,,
"PDCH-HANB23-120","N","120",,,,,,,,
"PDCH-HANB23-84","N","120",,,,,,,,
"PDCH-HANB23-96","N","120",,,,,,,,
"PDCH-HANB35-108","N","120",,,,,,,,
"PDCH-HANB35-120","N","120",,,,,,,,
"PDCH-HANB35-84","N","120",,,,,,,,
"PDCH-HANB35-96","N","120",,,,,,,,
"PDCH-HANB44-108","N","120",,,,,,,,
"PDCH-HANB44-120","N","120",,,,,,,,
"PDCH-HANB44-84","N","120","'07/25/15","50","'",,"'",,"'",
"PDCH-HANB44-96","N","120","'07/25/15","144","'",,"'",,"'",
"PDCH-HANB46-108","N","120",,,,,,,,
"PDCH-HANB46-120","N","120",,,,,,,,
"PDCH-HANB46-84","N","120",,,,,,,,
"PDCH-HANB46-96","N","120",,,,,,,,
"PDCH-HANB52-108","N","120","'07/25/15","200","'08/24/15","120","'",,"'",
"PDCH-HANB52-120","N","120","'07/25/15","90","'08/24/15","60","'",,"'",
"PDCH-HANB52-84","N","120","'07/25/15","90","'08/24/15","60","'",,"'",
"PDCH-HANB52-96","N","120","'07/25/15","200","'08/24/15","120","'",,"'",
"PDCH-HANB56-108","N","120",,,,,,,,
"PDCH-HANB56-120","N","120",,,,,,,,
"PDCH-HANB56-84","N","120",,,,,,,,
"PDCH-HANB56-96","N","120",,,,,,,,
"PDCH-HANB57-108","N","120",,,,,,,,
"PDCH-HANB57-120","N","120",,,,,,,,
"PDCH-HANB57-84","N","120",,,,,,,,
"PDCH-HANB57-96","N","120",,,,,,,,
"PDCH-HANB60-108","N","120",,,,,,,,
"PDCH-HANB60-120","N","120",,,,,,,,
"PDCH-HANB60-84","N","120",,,,,,,,
"PDCH-HANB60-96","N","120",,,,,,,,
"PDCH-HANB80-108","N","120",,,,,,,,
"PDCH-HANB80-120","N","120",,,,,,,,
"PDCH-HANB80-84","N","120",,,,,,,,
"PDCH-HANB80-96","N","120",,,,,,,,
"PDCH-HANB81-108","N","120",,,,,,,,
"PDCH-HANB81-120","N","120",,,,,,,,
"PDCH-HANB81-84","N","120",,,,,,,,
"PDCH-HANB81-96","N","120",,,,,,,,
"PDCH-HANB83-108","N","120",,,,,,,,
"PDCH-HANB83-120","N","120",,,,,,,,
"PDCH-HANB83-84","N","120",,,,,,,,
"PDCH-HANB83-96","N","120",,,,,,,,
"PDCH-HANB85-108","N","120","'07/25/15","150","'",,"'",,"'",
"PDCH-HANB85-120","N","120","'07/25/15","30","'",,"'",,"'",
"PDCH-HANB85-84","N","120",,,,,,,,
"PDCH-HANB85-96","N","120",,,,,,,,
"PDCH-KBS1-108","N","120",,,,,,,,
"PDCH-KBS1-108","N","120","'05/19/15","246","'07/04/15","140","'",,"'",
"PDCH-KBS1-120","N","120",,,,,,,,
"PDCH-KBS1-120","N","120","'05/19/15","108","'07/04/15","60","'",,"'",
"PDCH-KBS1-84","N","120",,,,,,,,
"PDCH-KBS1-84","N","120","'05/19/15","109","'07/04/15","60","'",,"'",
"PDCH-KBS1-96","N","120",,,,,,,,
"PDCH-KBS1-96","N","120","'05/19/15","240","'07/04/15","140","'",,"'",
"PDCH-KBS10-96","N","120",,,,,,,,
"PDCH-KBS11-108","N","120",,,,,,,,
"PDCH-KBS11-108","N","120","'05/19/15","88","'07/04/15","120","'",,"'",
"PDCH-KBS11-120","N","120",,,,,,,,
"PDCH-KBS11-120","N","120","'05/19/15","44","'07/04/15","90","'",,"'",
"PDCH-KBS11-84","N","120",,,,,,,,
"PDCH-KBS11-84","N","120","'05/19/15","45","'07/04/15","90","'",,"'",
"PDCH-KBS11-96","N","120",,,,,,,,
"PDCH-KBS11-96","N","120","'05/19/15","85","'07/04/15","120","'",,"'",
"PDCH-KBS13-108","N","120",,,,,,,,
"PDCH-KBS13-120","N","120",,,,,,,,
"PDCH-KBS14-108","N","120",,,,,,,,
"PDCH-KBS14-108","N","120","'05/19/15","92","'07/04/15","180","'",,"'",
"PDCH-KBS14-120","N","120",,,,,,,,
"PDCH-KBS14-120","N","120","'05/19/15","62","'07/04/15","90","'",,"'",
"PDCH-KBS14-84","N","120","'05/19/15","93","'07/04/15","180","'",,"'",
"PDCH-KBS14-96","N","120","'05/19/15","105","'07/04/15","180","'",,"'",
"PDCH-KBS15-108","N","120",,,,,,,,
"PDCH-KBS15-120","N","120",,,,,,,,
"PDCH-KBS15-84","N","120",,,,,,,,
"PDCH-KBS15-96","N","120",,,,,,,,
"PDCH-KBS16-108","N","120",,,,,,,,
"PDCH-KBS16-120","N","120",,,,,,,,
"PDCH-KBS16-84","N","120",,,,,,,,
"PDCH-KBS16-96","N","120",,,,,,,,
"PDCH-KBS17-108","N","120",,,,,,,,
"PDCH-KBS17-120","N","120",,,,,,,,
"PDCH-KBS17-84","N","120",,,,,,,,
"PDCH-KBS17-96","N","120",,,,,,,,
"PDCH-KBS18-108","N","120","'05/19/15","62","'",,"'",,"'",
"PDCH-KBS18-120","N","120","'05/19/15","80","'",,"'",,"'",
"PDCH-KBS18-84","N","120","'05/19/15","62","'",,"'",,"'",
"PDCH-KBS18-96","N","120",,,,,,,,
"PDCH-KBS18-96","N","120","'05/19/15","64","'",,"'",,"'",
"PDCH-KBS2-108","N","120","'05/19/15","156","'",,"'",,"'",
"PDCH-KBS2-120","N","120","'05/19/15","64","'",,"'",,"'",
"PDCH-KBS2-84","N","120",,,,,,,,
"PDCH-KBS2-96","N","120","'05/19/15","154","'",,"'",,"'",
"PDCH-KBS3-108","N","120","'05/19/15","97","'07/04/15","102","'",,"'",
"PDCH-KBS3-120","N","120","'05/19/15","57","'07/04/15","66","'",,"'",
"PDCH-KBS3-84","N","120","'05/19/15","58","'07/04/15","60","'",,"'",
"PDCH-KBS3-96","N","120","'05/19/15","116","'07/04/15","102","'",,"'",
"PDCH-KBS5-108","N","120","'05/19/15","105","'",,"'",,"'",
"PDCH-KBS5-120","N","120","'05/19/15","57","'",,"'",,"'",
"PDCH-KBS5-84","N","120","'05/19/15","68","'",,"'",,"'",
"PDCH-KBS5-96","N","120","'05/19/15","107","'",,"'",,"'",
"PDCH-KBS6-108","N","120","'05/19/15","124","'07/04/15","120","'",,"'",
"PDCH-KBS6-120","N","120","'05/19/15","52","'07/04/15","48","'",,"'",
"PDCH-KBS6-84","N","120","'05/19/15","51","'07/04/15","48","'",,"'",
"PDCH-KBS6-96","N","120","'05/19/15","126","'07/04/15","120","'",,"'",
"PDCH-KBS7-108","N","120","'05/19/15","40","'07/04/15","112","'",,"'",
"PDCH-KBS7-120","N","120","'05/19/15","17","'07/04/15","56","'",,"'",
"PDCH-KBS7-84","N","120","'05/19/15","20","'07/04/15","56","'",,"'",
"PDCH-KBS7-96","N","120","'05/19/15","38","'07/04/15","112","'",,"'",
"PDCH-KBS8-108","N","120",,,,,,,,
"PDCH-KBS8-108","N","120","'05/19/15","74","'07/04/15","120","'",,"'",
"PDCH-KBS8-120","N","120","'05/19/15","38","'07/04/15","60","'",,"'",
"PDCH-KBS8-84","N","120",,,,,,,,
"PDCH-KBS8-84","N","120","'05/19/15","37","'07/04/15","60","'",,"'",
"PDCH-KBS8-96","N","120",,,,,,,,
"PDCH-KBS8-96","N","120","'05/19/15","76","'07/04/15","120","'",,"'",
"PDCH-KBS9-108","N","120",,,,,,,,
"PDCH-KBS9-108","N","120","'05/19/15","118","'07/04/15","150","'",,"'",
"PDCH-KBS9-120","N","120",,,,,,,,
"PDCH-KBS9-120","N","120","'05/19/15","42","'07/04/15","50","'",,"'",
"PDCH-KBS9-84","N","120",,,,,,,,
"PDCH-KBS9-84","N","120","'05/19/15","58","'07/04/15","76","'",,"'",
"PDCH-KBS9-96","N","120",,,,,,,,
"PDCH-KBS9-96","N","120","'05/19/15","135","'07/04/15","180","'",,"'",
"PRTW-D06B-108","N","120",,,,,,,,
"PRTW-D20-108","N","120",,,,,,,,
"PRTW-D20-120","N","120",,,,,,,,
"PRTW-D20-84","N","120",,,,,,,,
"PRTW-D20-96","N","120",,,,,,,,
"PRTW-D21-108","N","120","'06/18/15","160","'",,"'",,"'",
"PRTW-D21-120","N","120","'06/18/15","80","'",,"'",,"'",
"PRTW-D21-84","N","120","'06/18/15","30","'",,"'",,"'",
"PRTW-D21-96","N","120","'06/18/15","176","'",,"'",,"'",
"PRTW-D22-108","N","120",,,,,,,,
"PRTW-D22-120","N","120",,,,,,,,
"PRTW-D22-84","N","120",,,,,,,,
"PRTW-D22-96","N","120",,,,,,,,
"PRTW-D23-108","N","120",,,,,,,,
"PRTW-D23-108","N","120","'06/18/15","144","'",,"'",,"'",
"PRTW-D23-120","N","120",,,,,,,,
"PRTW-D23-120","N","120","'06/18/15","96","'",,"'",,"'",
"PRTW-D23-84","N","120",,,,,,,,
"PRTW-D23-84","N","120","'06/18/15","136","'",,"'",,"'",
"PRTW-D23-96","N","120",,,,,,,,
"PRTW-D23-96","N","120","'06/18/15","200","'",,"'",,"'",
"PRTW-D24A-108","N","120","'06/18/15","180","'06/18/15","100","'",,"'",
"PRTW-D24A-120","N","120","'06/04/15","140","'06/18/15","100","'",,"'",
"PRTW-D24A-84","N","120","'06/04/15","190","'06/18/15","200","'",,"'",
"PRTW-D24A-96","N","120","'06/04/15","270","'06/18/15","170","'06/18/15","120","'",
"PRTW-D24B-108","N","120",,,,,,,,
"PRTW-D24B-120","N","120",,,,,,,,
"PRTW-D24B-84","N","120",,,,,,,,
"PRTW-D24B-96","N","120",,,,,,,,
"PRTW-D25-108","N","120",,,,,,,,
"PRTW-D25-120","N","120",,,,,,,,
"PRTW-D25-84","N","120",,,,,,,,
"PRTW-D25-96","N","120",,,,,,,,
"PRTW-D26-108","N","120",,,,,,,,
"PRTW-D26-120","N","120",,,,,,,,
"PRTW-D26-84","N","120",,,,,,,,
"PRTW-D26-96","N","120",,,,,,,,
"PRTW-D27-108","N","120",,,,,,,,
"PRTW-D27-120","N","120",,,,,,,,
"PRTW-D27-84","N","120",,,,,,,,
"PRTW-D27-96","N","120",,,,,,,,
"PRTW-D28-108","N","120",,,,,,,,
"PRTW-D28-120","N","120",,,,,,,,
"PRTW-D28-84","N","120",,,,,,,,
"PRTW-D28-96","N","120",,,,,,,,
"PRTW-D29A-108","N","120",,,,,,,,
"PRTW-D29A-120","N","120",,,,,,,,
"PRTW-D29A-84","N","120",,,,,,,,
"PRTW-D29A-96","N","120",,,,,,,,
"PRTW-D29B-108","N","120",,,,,,,,
"PRTW-D29B-120","N","120",,,,,,,,
"PRTW-D29B-84","N","120",,,,,,,,
"PRTW-D29B-96","N","120",,,,,,,,
"PRTW-D30-108","N","120",,,,,,,,
"PRTW-D30-120","N","120",,,,,,,,
"PRTW-D30-84","N","120",,,,,,,,
"PRTW-D30-96","N","120",,,,,,,,
"PRTW-D31-108","N","120",,,,,,,,
"PRTW-D31-120","N","120",,,,,,,,
"PRTW-D31-84","N","120",,,,,,,,
"PRTW-D31-96","N","120",,,,,,,,
"PRTW-D32-108","N","120",,,,,,,,
"PRTW-D32-120","N","120",,,,,,,,
"PRTW-D32-84","N","120",,,,,,,,
"PRTW-D32-96","N","120",,,,,,,,
"PRTW-D33-108","N","120",,,,,,,,
"PRTW-D33-120","N","120",,,,,,,,
"PRTW-D33-84","N","120",,,,,,,,
"PRTW-D33-96","N","120",,,,,,,,
"PTCH-JTSP001-108","N","120",,,,,,,,
"PTCH-JTSP001-120","N","120",,,,,,,,
"PTCH-JTSP001-84","N","120",,,,,,,,
"PTCH-JTSP001-96","N","120",,,,,,,,
"PTCH-JTSP003-108","N","120","'08/14/15","90","'",,"'",,"'",
"PTCH-JTSP003-120","N","120","'08/14/15","50","'",,"'",,"'",
"PTCH-JTSP003-84","N","120","'08/14/15","70","'",,"'",,"'",
"PTCH-JTSP003-96","N","120","'08/14/15","90","'",,"'",,"'",
"PTCH-JTSP005-108","N","120",,,,,,,,
"PTCH-JTSP005-108","N","120","'08/14/15","80","'",,"'",,"'",
"PTCH-JTSP005-108-RU","N","120",,,,,,,,
"PTCH-JTSP005-120","N","120",,,,,,,,
"PTCH-JTSP005-120","N","120","'08/14/15","80","'",,"'",,"'",
"PTCH-JTSP005-84","N","120",,,,,,,,
"PTCH-JTSP005-84","N","120","'08/14/15","60","'",,"'",,"'",
"PTCH-JTSP005-96","N","120",,,,,,,,
"PTCH-JTSP005-96","N","120","'08/14/15","120","'",,"'",,"'",
"PTCH-JTSP100-108","N","120",,,,,,,,
"PTCH-JTSP100-108","N","120","'08/14/15","90","'",,"'",,"'",
"PTCH-JTSP100-120","N","120",,,,,,,,
"PTCH-JTSP100-120","N","120","'08/14/15","60","'",,"'",,"'",
"PTCH-JTSP100-84","N","120",,,,,,,,
"PTCH-JTSP100-84","N","120","'08/14/15","60","'",,"'",,"'",
"PTCH-JTSP100-96","N","120",,,,,,,,
"PTCH-JTSP100-96","N","120","'08/14/15","90","'",,"'",,"'",
"PTCH-JTSP102-108","N","120",,,,,,,,
"PTCH-JTSP102-120","N","120",,,,,,,,
"PTCH-JTSP102-84","N","120",,,,,,,,
"PTCH-JTSP102-96","N","120",,,,,,,,
"PTCH-JTSP104-108","N","120","'05/25/15","64","'",,"'",,"'",
"PTCH-JTSP104-120","N","120","'05/25/15","34","'",,"'",,"'",
"PTCH-JTSP104-84","N","120","'05/25/15","46","'",,"'",,"'",
"PTCH-JTSP104-96","N","120","'05/25/15","88","'",,"'",,"'",
"PTCH-JTSP1066-108","N","120",,,,,,,,
"PTCH-JTSP1066-120","N","120",,,,,,,,
"PTCH-JTSP1066-84","N","120",,,,,,,,
"PTCH-JTSP1066-96","N","120",,,,,,,,
"PTCH-JTSP112-108","N","120","'08/14/15","140","'",,"'",,"'",
"PTCH-JTSP112-120","N","120","'08/14/15","60","'",,"'",,"'",
"PTCH-JTSP112-120-RU","N","120",,,,,,,,
"PTCH-JTSP112-84","N","120","'08/14/15","60","'",,"'",,"'",
"PTCH-JTSP112-96","N","120",,,,,,,,
"PTCH-JTSP112-96","N","120","'08/14/15","140","'",,"'",,"'",
"PTCH-JTSP120-108","N","120","'05/25/15","60","'08/14/15","40","'",,"'",
"PTCH-JTSP120-120","N","120","'05/25/15","26","'08/14/15","50","'",,"'",
"PTCH-JTSP120-84","N","120","'05/25/15","34","'08/14/15","80","'",,"'",
"PTCH-JTSP120-96","N","120","'05/25/15","60","'08/14/15","130","'",,"'",
"PTCH-JTSP130907-108","N","120",,,,,,,,
"PTCH-JTSP130907-108","N","120","'08/14/15","100","'",,"'",,"'",
"PTCH-JTSP130907-120","N","120",,,,,,,,
"PTCH-JTSP130907-120","N","120","'08/14/15","40","'",,"'",,"'",
"PTCH-JTSP130907-84","N","120","'08/14/15","40","'",,"'",,"'",
"PTCH-JTSP130907-96","N","120","'08/14/15","100","'",,"'",,"'",
"PTCH-JTSP190912-108","N","120",,,,,,,,
"PTCH-JTSP190912-120","N","120",,,,,,,,
"PTCH-JTSP190912-84","N","120",,,,,,,,
"PTCH-JTSP190912-96","N","120",,,,,,,,
"PTCH-JTSP194010-108","N","120","'08/14/15","30","'",,"'",,"'",
"PTCH-JTSP194010-120","N","120","'08/14/15","20","'",,"'",,"'",
"PTCH-JTSP194010-84","N","120","'08/14/15","20","'",,"'",,"'",
"PTCH-JTSP194010-96","N","120","'08/14/15","30","'",,"'",,"'",
"PTCH-JTSP202-108","N","120",,,,,,,,
"PTCH-JTSP202-120","N","120",,,,,,,,
"PTCH-JTSP202-84","N","120",,,,,,,,
"PTCH-JTSP202-96","N","120",,,,,,,,
"PTCH-JTSP203-108","N","120",,,,,,,,
"PTCH-JTSP203-120","N","120",,,,,,,,
"PTCH-JTSP203-84","N","120",,,,,,,,
"PTCH-JTSP203-96","N","120",,,,,,,,
"PTCH-JTSP204-108","N","120",,,,,,,,
"PTCH-JTSP204-120","N","120",,,,,,,,
"PTCH-JTSP204-84","N","120",,,,,,,,
"PTCH-JTSP204-96","N","120",,,,,,,,
"PTCH-JTSP205-108","N","120",,,,,,,,
"PTCH-JTSP205-120","N","120",,,,,,,,
"PTCH-JTSP205-84","N","120",,,,,,,,
"PTCH-JTSP205-96","N","120",,,,,,,,
"PTCH-JTSP206-108","N","120","'08/14/15","100","'",,"'",,"'",
"PTCH-JTSP206-120","N","120","'08/14/15","50","'",,"'",,"'",
"PTCH-JTSP206-84","N","120","'08/14/15","50","'",,"'",,"'",
"PTCH-JTSP206-96","N","120","'08/14/15","100","'",,"'",,"'",
"PTCH-JTSP207-108","N","120",,,,,,,,
"PTCH-JTSP207-120","N","120",,,,,,,,
"PTCH-JTSP207-84","N","120",,,,,,,,
"PTCH-JTSP207-96","N","120",,,,,,,,
"PTCH-JTSP208-108","N","120",,,,,,,,
"PTCH-JTSP208-120","N","120",,,,,,,,
"PTCH-JTSP208-84","N","120",,,,,,,,
"PTCH-JTSP208-96","N","120",,,,,,,,
"PTCH-JTSP209-108","N","120","'08/14/15","100","'",,"'",,"'",
"PTCH-JTSP209-120","N","120","'08/14/15","50","'",,"'",,"'",
"PTCH-JTSP209-84","N","120","'08/14/15","50","'",,"'",,"'",
"PTCH-JTSP209-96","N","120","'08/14/15","100","'",,"'",,"'",
"PTCH-JTSP27-108","N","120","'05/25/15","120","'08/14/15","100","'",,"'",
"PTCH-JTSP27-120","N","120","'05/25/15","40","'08/14/15","50","'",,"'",
"PTCH-JTSP27-84","N","120","'05/25/15","48","'08/14/15","50","'",,"'",
"PTCH-JTSP27-96","N","120","'05/25/15","128","'08/14/15","100","'",,"'",
"PTCH-JTSP29-108","N","120",,,,,,,,
"PTCH-JTSP29-120","N","120",,,,,,,,
"PTCH-JTSP29-84","N","120",,,,,,,,
"PTCH-JTSP29-96","N","120",,,,,,,,
"PTCH-JTSP41-108","N","120",,,,,,,,
"PTCH-JTSP41-120","N","120",,,,,,,,
"PTCH-JTSP41-84","N","120",,,,,,,,
"PTCH-JTSP41-96","N","120",,,,,,,,
"PTCH-JTSP5-108","N","120",,,,,,,,
"PTCH-JTSP5-120","N","120",,,,,,,,
"PTCH-JTSP5-84","N","120",,,,,,,,
"PTCH-JTSP5-96","N","120",,,,,,,,
"PTCH-JTSP54-108","N","120","'08/14/15","100","'",,"'",,"'",
"PTCH-JTSP54-120","N","120","'08/14/15","40","'",,"'",,"'",
"PTCH-JTSP54-84","N","120","'08/14/15","60","'",,"'",,"'",
"PTCH-JTSP54-96","N","120","'08/14/15","100","'",,"'",,"'",
"PTCH-JTSP87-108","N","120","'08/14/15","102","'",,"'",,"'",
"PTCH-JTSP87-120","N","120","'08/14/15","48","'",,"'",,"'",
"PTCH-JTSP87-84","N","120","'08/14/15","48","'",,"'",,"'",
"PTCH-JTSP87-96","N","120","'08/14/15","102","'",,"'",,"'",
"PTFFLK-C2-108","N","120",,,,,,,,
"PTFFLK-C2-120","N","120",,,,,,,,
"PTFFLK-C2-84","N","120",,,,,,,,
"PTFFLK-C2-96","N","120",,,,,,,,
"PTFFLK-C20A-108","N","120",,,,,,,,
"PTFFLK-C20A-120","N","120",,,,,,,,
"PTFFLK-C20A-84","N","120",,,,,,,,
"PTFFLK-C20A-96","N","120",,,,,,,,
"PTFFLK-C20B-108","N","120",,,,,,,,
"PTFFLK-C20B-120","N","120",,,,,,,,
"PTFFLK-C20B-84","N","120",,,,,,,,
"PTFFLK-C20B-96","N","120",,,,,,,,
"PTFFLK-C22A-108","N","120",,,,,,,,
"PTFFLK-C22A-120","N","120",,,,,,,,
"PTFFLK-C22A-84","N","120",,,,,,,,
"PTFFLK-C22A-96","N","120",,,,,,,,
"PTFFLK-C22B-108","N","120",,,,,,,,
"PTFFLK-C22B-120","N","120",,,,,,,,
"PTFFLK-C22B-84","N","120",,,,,,,,
"PTFFLK-C22B-96","N","120",,,,,,,,
"PTFFLK-C23A-108","N","120",,,,,,,,
"PTFFLK-C23A-120","N","120",,,,,,,,
"PTFFLK-C23A-84","N","120",,,,,,,,
"PTFFLK-C23A-96","N","120",,,,,,,,
"PTFFLK-C23B-108","N","120",,,,,,,,
"PTFFLK-C23B-120","N","120",,,,,,,,
"PTFFLK-C23B-84","N","120",,,,,,,,
"PTFFLK-C23B-96","N","120",,,,,,,,
"PTFFLK-C25-108","N","120",,,,,,,,
"PTFFLK-C25-120","N","120",,,,,,,,
"PTFFLK-C25-84","N","120",,,,,,,,
"PTFFLK-C25-96","N","120",,,,,,,,
"PTFFLK-C26-108","N","120",,,,,,,,
"PTFFLK-C26-120","N","120",,,,,,,,
"PTFFLK-C26-84","N","120",,,,,,,,
"PTFFLK-C26-96","N","120",,,,,,,,
"PTFFLK-C30-108","N","120",,,,,,,,
"PTFFLK-C30-120","N","120",,,,,,,,
"PTFFLK-C30-84","N","120",,,,,,,,
"PTFFLK-C30-96","N","120",,,,,,,,
"PTFFLK-C5-108","N","120",,,,,,,,
"PTFFLK-C5-120","N","120",,,,,,,,
"PTFFLK-C5-84","N","120",,,,,,,,
"PTFFLK-C5-96","N","120",,,,,,,,
"PTFFLK-C7-108","N","120","'07/04/15","180","'",,"'",,"'",
"PTFFLK-C7-120","N","120","'07/04/15","120","'",,"'",,"'",
"PTFFLK-C7-84","N","120","'07/04/15","150","'",,"'",,"'",
"PTFFLK-C7-96","N","120","'07/04/15","150","'",,"'",,"'",
"PTSCH-11082-108","N","120",,,,,,,,
"PTSCH-11082-120","N","120",,,,,,,,
"PTSCH-11082-84","N","120",,,,,,,,
"PTSCH-11082-96","N","120",,,,,,,,
"PTSCH-11100-108","N","120",,,,,,,,
"PTSCH-11100-120","N","120",,,,,,,,
"PTSCH-11100-84","N","120",,,,,,,,
"PTSCH-11100-96","N","120",,,,,,,,
"PTSCH-13400-108","N","120",,,,,,,,
"PTSCH-13400-120","N","120",,,,,,,,
"PTSCH-13400-84","N","120",,,,,,,,
"PTSCH-13400-96","N","120",,,,,,,,
"PTSCH-13401-108","N","120",,,,,,,,
"PTSCH-13401-120","N","120",,,,,,,,
"PTSCH-13401-84","N","120",,,,,,,,
"PTSCH-13401-96","N","120",,,,,,,,
"PTSCH-13402-108","N","120",,,,,,,,
"PTSCH-13402-120","N","120",,,,,,,,
"PTSCH-13402-84","N","120",,,,,,,,
"PTSCH-13402-96","N","120",,,,,,,,
"PTSCH-13403-108","N","120",,,,,,,,
"PTSCH-13403-120","N","120",,,,,,,,
"PTSCH-13403-84","N","120",,,,,,,,
"PTSCH-13403-96","N","120",,,,,,,,
"PTSCH-13404-108","N","120",,,,,,,,
"PTSCH-13404-120","N","120",,,,,,,,
"PTSCH-13404-84","N","120",,,,,,,,
"PTSCH-13404-96","N","120",,,,,,,,
"SHCH-EMB20131A-108","N","120","'07/19/15","200","'",,"'",,"'",
"SHCH-EMB20131A-120","N","120","'07/19/15","110","'",,"'",,"'",
"SHCH-EMB20131A-84","N","120","'07/19/15","150","'",,"'",,"'",
"SHCH-EMB20131A-96","N","120","'07/19/15","220","'",,"'",,"'",
"SHCH-EMB20131B-108","N","120","'07/19/15","200","'",,"'",,"'",
"SHCH-EMB20131B-120","N","120","'07/19/15","120","'",,"'",,"'",
"SHCH-EMB20131B-84","N","120","'07/19/15","180","'",,"'",,"'",
"SHCH-EMB20131B-96","N","120","'07/19/15","250","'",,"'",,"'",
"SHCH-EMB20132A-108","N","120",,,,,,,,
"SHCH-EMB20132A-120","N","120",,,,,,,,
"SHCH-EMB20132A-84","N","120",,,,,,,,
"SHCH-EMB20132A-96","N","120",,,,,,,,
"SHCH-EMB20132B-108","N","120",,,,,,,,
"SHCH-EMB20132B-120","N","120",,,,,,,,
"SHCH-EMB20132B-84","N","120",,,,,,,,
"SHCH-EMB20132B-96","N","120",,,,,,,,
"SHCH-EMB20133A-108","N","120",,,,,,,,
"SHCH-EMB20133A-120","N","120",,,,,,,,
"SHCH-EMB20133A-84","N","120",,,,,,,,
"SHCH-EMB20133A-96","N","120",,,,,,,,
"SHCH-EMB20133B-108","N","120",,,,,,,,
"SHCH-EMB20133B-120","N","120",,,,,,,,
"SHCH-EMB20133B-84","N","120",,,,,,,,
"SHCH-EMB20133B-96","N","120",,,,,,,,
"SHCH-EMB20135-108","N","120","'07/19/15","150","'",,"'",,"'",
"SHCH-EMB20135-120","N","120","'07/19/15","90","'",,"'",,"'",
"SHCH-EMB20135-84","N","120","'07/19/15","130","'",,"'",,"'",
"SHCH-EMB20135-96","N","120","'07/19/15","150","'",,"'",,"'",
"SHCH-EMB20136-108","N","120","'07/19/15","100","'",,"'",,"'",
"SHCH-EMB20136-120","N","120","'07/19/15","60","'",,"'",,"'",
"SHCH-EMB20136-84","N","120","'07/19/15","60","'",,"'",,"'",
"SHCH-EMB20136-96","N","120","'07/19/15","120","'",,"'",,"'",
"SHCH-EMB20137-108","N","120",,,,,,,,
"SHCH-EMB20137-120","N","120",,,,,,,,
"SHCH-EMB20137-84","N","120",,,,,,,,
"SHCH-EMB20137-96","N","120",,,,,,,,
"SHCH-EMB20138-108","N","120",,,,,,,,
"SHCH-EMB20138-120","N","120",,,,,,,,
"SHCH-EMB20138-84","N","120",,,,,,,,
"SHCH-EMB20138-96","N","120",,,,,,,,
"SHCH-EMBOCS3231-108","N","120",,,,,,,,
"SHCH-EMBOCS3231-84","N","120",,,,,,,,
"SHCH-EMBOCS3231-96","N","120",,,,,,,,
"SHCH-EMBOCS3293-108","N","120",,,,,,,,
"SHCH-EMBOCS3293-84","N","120",,,,,,,,
"SHCH-EMBOCS3293-96","N","120",,,,,,,,
"SHCH-EMBOCS3595-108","N","120","'07/19/15","120","'",,"'",,"'",
"SHCH-EMBOCS3595-120","N","120","'07/19/15","60","'",,"'",,"'",
"SHCH-EMBOCS3595-84","N","120","'07/19/15","90","'",,"'",,"'",
"SHCH-EMBOCS3595-96","N","120","'07/19/15","120","'",,"'",,"'",
"SHCH-EMBOCS4084-108","N","120",,,,,,,,
"SHCH-EMBOCS4084-84","N","120",,,,,,,,
"SHCH-EMBOCS4084-96","N","120",,,,,,,,
"SHCH-LH1211-108","N","120",,,,,,,,
"SHCH-LH1211-84","N","120",,,,,,,,
"SHCH-LH1211-96","N","120",,,,,,,,
"SHCH-LH1222-108","N","120",,,,,,,,
"SHCH-LH1222-84","N","120",,,,,,,,
"SHCH-LH1222-96","N","120",,,,,,,,
"SHCH-LH130-108","N","120",,,,,,,,
"SHCH-LH130-84","N","120",,,,,,,,
"SHCH-LH130-96","N","120",,,,,,,,
"SHCH-LH20132-108","N","120",,,,,,,,
"SHCH-LH20132-84","N","120",,,,,,,,
"SHCH-LH20132-96","N","120",,,,,,,,
"SHCH-LH20133-108","N","120",,,,,,,,
"SHCH-LH20133-84","N","120",,,,,,,,
"SHCH-LH20133-96","N","120",,,,,,,,
"SHCH-LH20134-108","N","120",,,,,,,,
"SHCH-LH20134-84","N","120",,,,,,,,
"SHCH-LH20134-96","N","120",,,,,,,,
"SHCH-LH20135-108","N","120",,,,,,,,
"SHCH-LH20135-84","N","120",,,,,,,,
"SHCH-LH20135-96","N","120",,,,,,,,
"SHCH-LH20136-108","N","120",,,,,,,,
"SHCH-LH20136-84","N","120",,,,,,,,
"SHCH-LH20136-96","N","120",,,,,,,,
"SHCH-LH94A-108","N","120",,,,,,,,
"SHCH-LH94A-84","N","120",,,,,,,,
"SHCH-LH94A-96","N","120",,,,,,,,
"SHCH-LH96-108","N","120",,,,,,,,
"SHCH-LH96-84","N","120",,,,,,,,
"SHCH-LH96-96","N","120",,,,,,,,
"SHCH-LH97-108","N","120",,,,,,,,
"SHCH-LH97-84","N","120",,,,,,,,
"SHCH-LH97-96","N","120",,,,,,,,
"SHCH-LHOCS333-108","N","120",,,,,,,,
"SHCH-LHOCS333-84","N","120",,,,,,,,
"SHCH-LHOCS333-96","N","120",,,,,,,,
"SHCH-ORG1-108-PR","N","120",,,,,,,,
"SHCH-ORG1-120-PR","N","120",,,,,,,,
"SHCH-ORG1-84-PR","N","120",,,,,,,,
"SHCH-ORG1-96-PR","N","120",,,,,,,,
"SHCH-ORG2-108-PR","N","120",,,,,,,,
"SHCH-ORG2-120-PR","N","120",,,,,,,,
"SHCH-ORG2-84-PR","N","120",,,,,,,,
"SHCH-ORG2-96-PR","N","120",,,,,,,,
"SHCH-ORG6-108-PR","N","120",,,,,,,,
"SHCH-ORG6-120-PR","N","120",,,,,,,,
"SHCH-ORG6-84-PR","N","120",,,,,,,,
"SHCH-ORG6-96-PR","N","120",,,,,,,,
"SHCH-VOL1-108-DLDW","N","120","'08/14/15","200","'",,"'",,"'",
"SHCH-VOL1-108-DLSW","N","120","'08/14/15","354","'",,"'",,"'",
"SHCH-VOL1-108-PR","N","120",,,,,,,,
"SHCH-VOL1-120-DLDW","N","120","'08/14/15","160","'",,"'",,"'",
"SHCH-VOL1-120-DLSW","N","120","'08/14/15","110","'",,"'",,"'",
"SHCH-VOL1-120-PR","N","120",,,,,,,,
"SHCH-VOL1-84-DLDW","N","120","'08/14/15","200","'",,"'",,"'",
"SHCH-VOL1-84-DLSW","N","120","'08/14/15","186","'",,"'",,"'",
"SHCH-VOL1-84-PR","N","120",,,,,,,,
"SHCH-VOL1-96-DLDW","N","120","'08/14/15","320","'",,"'",,"'",
"SHCH-VOL1-96-DLSW","N","120","'08/14/15","100","'",,"'",,"'",
"SHCH-VOL1-96-PR","N","120",,,,,,,,
"SHCH-VOL3-108-DLDW","N","120",,,,,,,,
"SHCH-VOL3-108-DLSW","N","120",,,,,,,,
"SHCH-VOL3-108-PR","N","120",,,,,,,,
"SHCH-VOL3-120-DLDW","N","120",,,,,,,,
"SHCH-VOL3-120-DLSW","N","120",,,,,,,,
"SHCH-VOL3-120-PR","N","120",,,,,,,,
"SHCH-VOL3-84-DLDW","N","120",,,,,,,,
"SHCH-VOL3-84-DLSW","N","120",,,,,,,,
"SHCH-VOL3-84-PR","N","120",,,,,,,,
"SHCH-VOL3-96-DLDW","N","120",,,,,,,,
"SHCH-VOL3-96-DLSW","N","120",,,,,,,,
"SHCH-VOL3-96-PR","N","120",,,,,,,,
"SHFLNCH-M011-108","N","120","'06/22/15","100","'",,"'",,"'",
"SHFLNCH-M011-120","N","120","'06/22/15","100","'",,"'",,"'",
"SHFLNCH-M011-84","N","120","'06/22/15","100","'",,"'",,"'",
"SHFLNCH-M011-96","N","120","'06/22/15","140","'",,"'",,"'",
"SHFLNCH-M012-108","N","120","'06/22/15","100","'",,"'",,"'",
"SHFLNCH-M012-120","N","120","'06/22/15","42","'",,"'",,"'",
"SHFLNCH-M012-84","N","120","'06/22/15","100","'",,"'",,"'",
"SHFLNCH-M012-96","N","120","'06/22/15","100","'",,"'",,"'",
"SHFLNCH-M013-108","N","120","'06/22/15","102","'",,"'",,"'",
"SHFLNCH-M013-120","N","120","'06/22/15","96","'",,"'",,"'",
"SHFLNCH-M013-84","N","120","'06/22/15","90","'",,"'",,"'",
"SHFLNCH-M013-96","N","120","'06/22/15","150","'",,"'",,"'",
"SHFLNCH-M015-108","N","120","'06/22/15","102","'",,"'",,"'",
"SHFLNCH-M015-84","N","120","'06/22/15","80","'",,"'",,"'",
"SHFLNCH-M015-96","N","120","'06/22/15","102","'",,"'",,"'",
"SHLNCH-J0105-108","N","120","'08/04/15","240","'",,"'",,"'",
"SHLNCH-J0105-120","N","120","'08/04/15","120","'",,"'",,"'",
"SHLNCH-J0105-84","N","120","'08/04/15","200","'",,"'",,"'",
"SHLNCH-J0105-96","N","120","'08/04/15","240","'",,"'",,"'",
"SHLNCH-J0106-108","N","120","'08/04/15","320","'",,"'",,"'",
"SHLNCH-J0106-120","N","120","'08/04/15","200","'",,"'",,"'",
"SHLNCH-J0106-84","N","120","'08/04/15","600","'",,"'",,"'",
"SHLNCH-J0106-96","N","120","'08/04/15","600","'",,"'",,"'",
"SSRW-LF935-108","N","120",,,,,,,,
"SSRW-LF935-120","N","120",,,,,,,,
"SSRW-LF935-84","N","120",,,,,,,,
"SSRW-LF935-96","N","120",,,,,,,,
"SSRW-LF951-108","N","120",,,,,,,,
"SSRW-LF951-120","N","120",,,,,,,,
"SSRW-LF951-84","N","120",,,,,,,,
"SSRW-LF951-96","N","120",,,,,,,,
"SSRW-LF952-108","N","120",,,,,,,,
"SSRW-LF952-120","N","120",,,,,,,,
"SSRW-LF952-84","N","120",,,,,,,,
"SSRW-LF952-96","N","120",,,,,,,,
"SSRW-LF953-108","N","120",,,,,,,,
"SSRW-LF953-120","N","120",,,,,,,,
"SSRW-LF953-84","N","120",,,,,,,,
"SSRW-LF953-96","N","120",,,,,,,,
"SSRW-LF954-108","N","120",,,,,,,,
"SSRW-LF954-120","N","120",,,,,,,,
"SSRW-LF954-84","N","120",,,,,,,,
"SSRW-LF954-96","N","120",,,,,,,,
"SSRW-LF956-108","N","120",,,,,,,,
"SSRW-LF956-120","N","120",,,,,,,,
"SSRW-LF956-84","N","120",,,,,,,,
"SSRW-LF956-96","N","120",,,,,,,,
"SSRW-LF959-108","N","120",,,,,,,,
"SSRW-LF959-120","N","120",,,,,,,,
"SSRW-LF959-84","N","120",,,,,,,,
"SSRW-LF959-96","N","120",,,,,,,,
"VCCH-VET1201-108","N","120",,,,,,,,
"VCCH-VET1201-120","N","120",,,,,,,,
"VCCH-VET1201-84","N","120",,,,,,,,
"VCCH-VET1201-96","N","120",,,,,,,,
"VCCH-VET12010-108","N","120",,,,,,,,
"VCCH-VET12010-120","N","120",,,,,,,,
"VCCH-VET12010-84","N","120",,,,,,,,
"VCCH-VET12010-96","N","120",,,,,,,,
"VCCH-VET1202-108","N","120",,,,,,,,
"VCCH-VET1202-120","N","120",,,,,,,,
"VCCH-VET1202-84","N","120",,,,,,,,
"VCCH-VET1202-96","N","120",,,,,,,,
"VCCH-VET1203-108","N","120",,,,,,,,
"VCCH-VET1203-120","N","120",,,,,,,,
"VCCH-VET1203-84","N","120",,,,,,,,
"VCCH-VET1203-96","N","120",,,,,,,,
"VCCH-VET1204-108","N","120",,,,,,,,
"VCCH-VET1204-120","N","120",,,,,,,,
"VCCH-VET1204-84","N","120",,,,,,,,
"VCCH-VET1204-96","N","120",,,,,,,,
"VCCH-VET1205-108","N","120",,,,,,,,
"VCCH-VET1205-120","N","120",,,,,,,,
"VCCH-VET1205-84","N","120",,,,,,,,
"VCCH-VET1205-96","N","120",,,,,,,,
"VCCH-VET1206-108","N","120",,,,,,,,
"VCCH-VET1206-120","N","120",,,,,,,,
"VCCH-VET1206-84","N","120",,,,,,,,
"VCCH-VET1206-96","N","120",,,,,,,,
"VCCH-VET1207-108","N","120",,,,,,,,
"VCCH-VET1207-120","N","120",,,,,,,,
"VCCH-VET1207-84","N","120",,,,,,,,
"VCCH-VET1207-96","N","120",,,,,,,,
"VCCH-VET1208-108","N","120",,,,,,,,
"VCCH-VET1208-120","N","120",,,,,,,,
"VCCH-VET1208-84","N","120",,,,,,,,
"VCCH-VET1208-96","N","120",,,,,,,,
"VCCH-VET1209-108","N","120",,,,,,,,
"VCCH-VET1209-120","N","120",,,,,,,,
"VCCH-VET1209-84","N","120",,,,,,,,
"VCCH-VET1209-96","N","120",,,,,,,,
"VPCH-110602-108","N","120","'05/12/15","140","'07/04/15","120","'",,"'",
"VPCH-110602-108-GRBO","N","120",,,,,,,,
"VPCH-110602-120-GRBO","N","120",,,,,,,,
"VPCH-110602-84-GRBO","N","120",,,,,,,,
"VPCH-110602-96","N","120","'07/06/15","90","'",,"'",,"'",
"VPCH-110602-96-GRBO","N","120",,,,,,,,
"VPCH-120601-108","N","120",,,,,,,,
"VPCH-120601-108","N","120","'08/10/15","60","'",,"'",,"'",
"VPCH-120601-108-GRBO","N","120",,,,,,,,
"VPCH-120601-120","N","120",,,,,,,,
"VPCH-120601-120","N","120","'08/10/15","20","'",,"'",,"'",
"VPCH-120601-120-GRBO","N","120",,,,,,,,
"VPCH-120601-84","N","120",,,,,,,,
"VPCH-120601-84","N","120","'08/10/15","160","'",,"'",,"'",
"VPCH-120601-84-GRBO","N","120",,,,,,,,
"VPCH-120601-96","N","120",,,,,,,,
"VPCH-120601-96","N","120","'08/10/15","90","'",,"'",,"'",
"VPCH-120601-96-GRBO","N","120",,,,,,,,
"VPCH-120601-CUS","N","120",,,,,,,,
"VPCH-120601-FB","N","120",,,,,,,,
"VPCH-120601-SW","N","120",,,,,,,,
"VPCH-141113-108","N","120",,,,,,,,
"VPCH-141113-120","N","120",,,,,,,,
"VPCH-141113-84","N","120",,,,,,,,
"VPCH-141113-96","N","120",,,,,,,,
"VPCH-145002-108","N","120","'05/12/15","140","'07/04/15","200","'",,"'",
"VPCH-145002-108-GRBO","N","120",,,,,,,,
"VPCH-145002-120","N","120","'05/12/15","50","'07/04/15","60","'",,"'",
"VPCH-145002-120-GRBO","N","120",,,,,,,,
"VPCH-145002-84","N","120","'07/06/15","200","'",,"'",,"'",
"VPCH-145002-84-GRBO","N","120",,,,,,,,
"VPCH-145002-96","N","120","'07/06/15","100","'",,"'",,"'",
"VPCH-145002-96-GRBO","N","120",,,,,,,,
"VPCH-184005-108","N","120","'07/06/15","120","'",,"'",,"'",
"VPCH-184005-108-GRBO","N","120",,,,,,,,
"VPCH-184005-120-GRBO","N","120",,,,,,,,
"VPCH-184005-84-GRBO","N","120",,,,,,,,
"VPCH-184005-96","N","120","'07/06/15","130","'",,"'",,"'",
"VPCH-184005-96-GRBO","N","120",,,,,,,,
"VPCH-190622-108","N","120",,,,,,,,
"VPCH-190622-108-GRBO","N","120",,,,,,,,
"VPCH-190622-120","N","120",,,,,,,,
"VPCH-190622-120-GRBO","N","120",,,,,,,,
"VPCH-190622-84","N","120",,,,,,,,
"VPCH-190622-84-GRBO","N","120",,,,,,,,
"VPCH-190622-96","N","120",,,,,,,,
"VPCH-190622-96-GRBO","N","120",,,,,,,,
"VPCH-190912-108","N","120",,,,,,,,
"VPCH-190912-108-GRBO","N","120",,,,,,,,
"VPCH-190912-120","N","120",,,,,,,,
"VPCH-190912-120-GRBO","N","120",,,,,,,,
"VPCH-190912-84","N","120",,,,,,,,
"VPCH-190912-84-GRBO","N","120",,,,,,,,
"VPCH-190912-96","N","120",,,,,,,,
"VPCH-190912-96-GRBO","N","120",,,,,,,,
"VPCH-192018-108","N","120",,,,,,,,
"VPCH-192018-108-GRBO","N","120",,,,,,,,
"VPCH-192018-120","N","120",,,,,,,,
"VPCH-192018-120-GRBO","N","120",,,,,,,,
"VPCH-192018-84","N","120","'07/06/15","200","'",,"'",,"'",
"VPCH-192018-84-GRBO","N","120",,,,,,,,
"VPCH-192018-96","N","120","'07/06/15","200","'",,"'",,"'",
"VPCH-192018-96-GRBO","N","120",,,,,,,,
"VPCH-192315-108","N","120",,,,,,,,
"VPCH-192315-108-GRBO","N","120",,,,,,,,
"VPCH-192315-120","N","120",,,,,,,,
"VPCH-192315-120-GRBO","N","120",,,,,,,,
"VPCH-192315-84","N","120",,,,,,,,
"VPCH-192315-84-GRBO","N","120",,,,,,,,
"VPCH-192315-96","N","120",,,,,,,,
"VPCH-192315-96-GRBO","N","120",,,,,,,,
"VPCH-193810-96","N","120",,,,,,,,
"VPCH-194007-108","N","120",,,,,,,,
"VPCH-194007-108-GRBO","N","120",,,,,,,,
"VPCH-194007-120","N","120",,,,,,,,
"VPCH-194007-120-GRBO","N","120",,,,,,,,
"VPCH-194007-84","N","120",,,,,,,,
"VPCH-194007-84-GRBO","N","120",,,,,,,,
"VPCH-194007-96","N","120","'07/06/15","225","'",,"'",,"'",
"VPCH-194007-96-GRBO","N","120",,,,,,,,
"VPCH-194023-108","N","120",,,,,,,,
"VPCH-194023-108-GRBO","N","120",,,,,,,,
"VPCH-194023-120","N","120","'07/06/15","60","'",,"'",,"'",
"VPCH-194023-120-GRBO","N","120",,,,,,,,
"VPCH-194023-84","N","120",,,,,,,,
"VPCH-194023-84-GRBO","N","120",,,,,,,,
"VPCH-194023-96","N","120",,,,,,,,
"VPCH-194023-96-GRBO","N","120",,,,,,,,
"VPCH-VET1211-108","N","120","'07/20/15","100","'",,"'",,"'",
"VPCH-VET1211-120","N","120","'07/20/15","30","'",,"'",,"'",
"VPCH-VET1211-84","N","120","'07/20/15","20","'",,"'",,"'",
"VPCH-VET1211-96","N","120","'07/20/15","20","'",,"'",,"'",
"VPCH-VET1212-108","N","120","'07/20/15","58","'08/10/15","60","'",,"'",
"VPCH-VET1212-120","N","120","'07/20/15","32","'08/10/15","30","'",,"'",
"VPCH-VET1212-84","N","120","'07/20/15","40","'08/10/15","30","'",,"'",
"VPCH-VET1212-96","N","120","'07/20/15","68","'08/10/15","60","'",,"'",
"VPCH-VET1213-108","N","120","'05/12/15","50","'07/20/15","140","'08/10/15","70","'",
"VPCH-VET1213-120","N","120","'05/12/15","50","'07/20/15","24","'08/10/15","30","'",
"VPCH-VET1213-84","N","120","'05/12/15","50","'07/20/15","76","'08/10/15","30","'",
"VPCH-VET1213-96","N","120","'05/12/15","50","'07/20/15","100","'08/10/15","70","'",
"VPCH-VET1214-108","N","120","'05/12/15","40","'",,"'",,"'",
"VPCH-VET1214-120","N","120","'05/12/15","40","'07/20/15","20","'",,"'",
"VPCH-VET1214-84","N","120","'05/12/15","60","'07/20/15","100","'",,"'",
"VPCH-VET1214-96","N","120","'05/12/15","100","'07/20/15","60","'",,"'",
"VPCH-VET1215-108","N","120","'05/12/15","60","'07/20/15","124","'08/10/15","40","'",
"VPCH-VET1215-120","N","120","'05/12/15","30","'07/20/15","50","'08/10/15","20","'",
"VPCH-VET1215-84","N","120","'05/12/15","50","'08/10/15","30","'",,"'",
"VPCH-VET1215-96","N","120","'05/12/15","100","'07/20/15","30","'08/10/15","100","'",
"VPCH-VET1216-108","N","120","'05/12/15","100","'07/20/15","60","'",,"'",
"VPCH-VET1216-120","N","120","'05/12/15","30","'07/20/15","20","'",,"'",
"VPCH-VET1216-84","N","120","'05/12/15","30","'07/20/15","46","'",,"'",
"VPCH-VET1216-96","N","120","'05/12/15","50","'07/20/15","96","'",,"'",
"VPCH-VET1217-108","N","120","'07/20/15","46","'08/10/15","75","'",,"'",
"VPCH-VET1217-120","N","120","'07/20/15","66","'08/10/15","50","'",,"'",
"VPCH-VET1217-84","N","120","'07/20/15","24","'08/10/15","20","'",,"'",
"VPCH-VET1217-96","N","120","'07/20/15","32","'08/10/15","75","'",,"'",
"VPCH-VET1218-108","N","120",,,,,,,,
"VPCH-VET1218-120","N","120",,,,,,,,
"VPCH-VET1218-84","N","120",,,,,,,,
"VPCH-VET1218-96","N","120",,,,,,,,
"VPCH-VET1219-108","N","120","'05/12/15","100","'07/20/15","40","'",,"'",
"VPCH-VET1219-120","N","120","'05/12/15","60","'07/20/15","40","'",,"'",
"VPCH-VET1219-84","N","120","'05/12/15","50","'07/20/15","30","'",,"'",
"VPCH-VET1219-96","N","120","'05/12/15","50","'07/20/15","56","'",,"'",

